{
    "fields": {
        "name": {
            "type": "varchar",
            "required": true,
            "pattern": "$noBadCharacters",
            "options": [],
            "tooltip": true
        },
        "description": {
            "type": "text"
        },
        "createdAt": {
            "type": "datetime",
            "readOnly": true
        },
        "modifiedAt": {
            "type": "datetime",
            "readOnly": true
        },
        "createdBy": {
            "type": "link",
            "readOnly": true,
            "view": "views/fields/user"
        },
        "modifiedBy": {
            "type": "link",
            "readOnly": true,
            "view": "views/fields/user"
        },
        "assignedUser": {
            "type": "link",
            "required": true,
            "view": "views/fields/assigned-user",
            "tooltip": true
        },
        "teams": {
            "type": "linkMultiple",
            "view": "views/fields/teams",
            "required": true,
            "defaultAttributes": {
                "teamsIds": [
                    "679a1ea50dd7083ca"
                ],
                "teamsNames": {
                    "679a1ea50dd7083ca": "Ségou Red Cross Branch"
                }
            },
            "tooltip": true
        },
        "status": {
            "type": "enum",
            "options": [
                "",
                "Planned",
                "Ongoing",
                "Paused",
                "Completed",
                "Cancelled"
            ],
            "style": {
                "": null,
                "Planned": "primary",
                "Ongoing": "success",
                "Paused": null,
                "Completed": "info",
                "Cancelled": "danger"
            },
            "maxLength": 100,
            "isCustom": true,
            "tooltip": true,
            "required": true,
            "default": null
        },
        "flood": {
            "type": "link",
            "tooltip": true
        },
        "regions": {
            "type": "linkMultiple",
            "layoutDetailDisabled": false,
            "layoutMassUpdateDisabled": false,
            "layoutListDisabled": false,
            "noLoad": false,
            "importDisabled": false,
            "exportDisabled": false,
            "customizationDisabled": false,
            "isCustom": true,
            "required": false,
            "tooltip": true,
            "readOnly": true
        },
        "cercles": {
            "type": "linkMultiple",
            "layoutDetailDisabled": false,
            "layoutMassUpdateDisabled": false,
            "layoutListDisabled": false,
            "noLoad": false,
            "importDisabled": false,
            "exportDisabled": false,
            "customizationDisabled": false,
            "isCustom": true,
            "required": false,
            "tooltip": true,
            "readOnly": true
        },
        "communes": {
            "type": "linkMultiple",
            "layoutDetailDisabled": false,
            "layoutMassUpdateDisabled": false,
            "layoutListDisabled": false,
            "noLoad": false,
            "importDisabled": false,
            "exportDisabled": false,
            "customizationDisabled": false,
            "isCustom": true,
            "required": false,
            "tooltip": true
        },
        "stocks": {
            "type": "linkMultiple",
            "layoutDetailDisabled": false,
            "layoutMassUpdateDisabled": false,
            "layoutListDisabled": false,
            "noLoad": false,
            "importDisabled": false,
            "exportDisabled": false,
            "customizationDisabled": false,
            "isCustom": true
        },
        "collaborators": {
            "type": "multiEnum",
            "storeArrayValues": true,
            "default": [],
            "options": [
                "ICRC",
                "OCHA"
            ],
            "style": {
                "ICRC": null,
                "OCHA": null
            },
            "isCustom": true
        },
        "numberOfStaffInvolved": {
            "type": "int",
            "isCustom": true,
            "tooltip": true
        },
        "numberOfVolunteersInvolved": {
            "type": "int",
            "isCustom": true,
            "tooltip": true
        },
        "numberOfPNSStaffInvolved": {
            "type": "int",
            "isCustom": true,
            "tooltip": true
        },
        "activityStartDate": {
            "notNull": false,
            "type": "date",
            "isCustom": true,
            "useNumericFormat": true,
            "required": true,
            "tooltip": true
        },
        "activityEndDate": {
            "notNull": false,
            "type": "date",
            "isCustom": true,
            "after": "activityStartDate",
            "useNumericFormat": true,
            "required": true,
            "tooltip": true
        },
        "sector": {
            "type": "multiEnum",
            "storeArrayValues": true,
            "options": [
                "CEA",
                "Food Security",
                "Health",
                "Nutrition",
                "PGI",
                "Restoring Family Links",
                "Shelter",
                "WASH",
                "Emergency Preparedness"
            ],
            "default": [],
            "style": {
                "CEA": null,
                "Food Security": null,
                "Health": null,
                "Nutrition": null,
                "PGI": null,
                "Restoring Family Links": null,
                "Shelter": null,
                "WASH": null,
                "Emergency Preparedness": null
            },
            "isCustom": true,
            "required": true,
            "tooltip": true,
            "allowCustomOptions": true
        },
        "itemsdistributed": {
            "type": "multiEnum",
            "storeArrayValues": true,
            "default": [],
            "options": [
                "Food",
                "Hygiene kits",
                "Jerry cans",
                "Latrine kits",
                "Shelter Kit",
                "Sanitary kits",
                "Seeds",
                ""
            ],
            "style": {
                "Food": null,
                "Hygiene kits": null,
                "Jerry cans": null,
                "Latrine kits": null,
                "Shelter Kit": null,
                "Sanitary kits": null,
                "Seeds": null,
                "": null
            },
            "isCustom": true,
            "required": true,
            "tooltip": true
        },
        "typeOfActivity": {
            "type": "enum",
            "options": [
                "Registration",
                "Validation",
                "Distribution",
                "Procurement",
                "Transportation",
                "Training",
                "Workshop",
                "Meeting",
                "Sensitization",
                "CVA",
                ""
            ],
            "style": {
                "Registration": null,
                "Validation": null,
                "Distribution": null,
                "Procurement": null,
                "Transportation": null,
                "Training": null,
                "Workshop": null,
                "Meeting": null,
                "Sensitization": null,
                "CVA": null,
                "": null
            },
            "maxLength": 100,
            "isCustom": true,
            "tooltip": true,
            "default": "Registration"
        },
        "reasonForCancellation": {
            "type": "text",
            "rowsMin": 2,
            "cutHeight": 200,
            "isCustom": true,
            "tooltip": true
        },
        "program": {
            "type": "link",
            "tooltip": true,
            "required": true
        },
        "epidemics": {
            "type": "link",
            "tooltip": true
        },
        "users": {
            "type": "linkMultiple",
            "layoutDetailDisabled": false,
            "layoutMassUpdateDisabled": false,
            "layoutListDisabled": false,
            "noLoad": false,
            "importDisabled": false,
            "exportDisabled": false,
            "customizationDisabled": false,
            "isCustom": true,
            "tooltip": true
        },
        "nrHouseholdsAssisted": {
            "type": "int",
            "isCustom": true,
            "tooltip": true
        },
        "drought": {
            "type": "link"
        },
        "chargementDuRapportDactivit": {
            "type": "file",
            "maxFileSize": 5,
            "sourceList": [],
            "accept": [],
            "tooltip": true,
            "isCustom": true
        }
    },
    "links": {
        "createdBy": {
            "type": "belongsTo",
            "entity": "User"
        },
        "modifiedBy": {
            "type": "belongsTo",
            "entity": "User"
        },
        "assignedUser": {
            "type": "belongsTo",
            "entity": "User"
        },
        "teams": {
            "type": "hasMany",
            "entity": "Team",
            "relationName": "entityTeam",
            "layoutRelationshipsDisabled": true
        },
        "meetings": {
            "type": "hasMany",
            "entity": "Meeting",
            "foreign": "parent",
            "layoutRelationshipsDisabled": true
        },
        "calls": {
            "type": "hasMany",
            "entity": "Call",
            "foreign": "parent",
            "layoutRelationshipsDisabled": true
        },
        "tasks": {
            "type": "hasChildren",
            "entity": "Task",
            "foreign": "parent",
            "layoutRelationshipsDisabled": true
        },
        "emails": {
            "type": "hasChildren",
            "entity": "Email",
            "foreign": "parent",
            "layoutRelationshipsDisabled": true
        },
        "flood": {
            "type": "belongsTo",
            "foreign": "activities",
            "entity": "CFlood",
            "audited": false,
            "isCustom": true
        },
        "regions": {
            "type": "hasMany",
            "relationName": "cActivitiesRegion",
            "foreign": "activities",
            "entity": "CRegion",
            "audited": false,
            "isCustom": true
        },
        "cercles": {
            "type": "hasMany",
            "relationName": "cActivitiesCercles",
            "foreign": "activities",
            "entity": "CCercles",
            "audited": false,
            "isCustom": true
        },
        "communes": {
            "type": "hasMany",
            "relationName": "cActivitiesCommunes",
            "foreign": "activities",
            "entity": "CCommunes",
            "audited": false,
            "isCustom": true
        },
        "stocks": {
            "type": "hasMany",
            "foreign": "activities",
            "entity": "CStock",
            "audited": false,
            "isCustom": true
        },
        "program": {
            "type": "belongsTo",
            "foreign": "activities",
            "entity": "CProgram",
            "audited": false,
            "isCustom": true
        },
        "epidemics": {
            "type": "belongsTo",
            "foreign": "activities",
            "entity": "CEpidemics",
            "audited": false,
            "isCustom": true
        },
        "users": {
            "type": "hasMany",
            "relationName": "cActivitiesUser",
            "foreign": "cActivitieses",
            "entity": "User",
            "audited": false,
            "isCustom": true
        },
        "drought": {
            "type": "belongsTo",
            "foreign": "activities",
            "entity": "CDrought",
            "audited": false,
            "isCustom": true
        },
        "chargementDuRapportDactivit": {
            "type": "belongsTo",
            "entity": "Attachment",
            "skipOrmDefs": true,
            "utility": true
        }
    },
    "collection": {
        "orderBy": "status",
        "order": "asc",
        "textFilterFields": [
            "name"
        ],
        "fullTextSearch": false,
        "countDisabled": false
    },
    "indexes": {
        "name": {
            "columns": [
                "name",
                "deleted"
            ]
        },
        "assignedUser": {
            "columns": [
                "assignedUserId",
                "deleted"
            ]
        },
        "createdAt": {
            "columns": [
                "createdAt"
            ]
        },
        "createdAtId": {
            "unique": true,
            "columns": [
                "createdAt",
                "id"
            ]
        }
    },
    "optimisticConcurrencyControl": false
}