{
    "fields": {
        "name": {
            "type": "varchar",
            "required": true,
            "pattern": "$noBadCharacters",
            "options": [],
            "tooltip": true
        },
        "description": {
            "type": "text"
        },
        "createdAt": {
            "type": "datetime",
            "readOnly": true
        },
        "modifiedAt": {
            "type": "datetime",
            "readOnly": true
        },
        "createdBy": {
            "type": "link",
            "readOnly": true,
            "view": "views/fields/user"
        },
        "modifiedBy": {
            "type": "link",
            "readOnly": true,
            "view": "views/fields/user"
        },
        "assignedUser": {
            "type": "link",
            "required": true,
            "view": "views/fields/assigned-user",
            "tooltip": true
        },
        "teams": {
            "type": "linkMultiple",
            "view": "views/fields/teams"
        },
        "address": {
            "type": "address",
            "isCustom": true,
            "tooltip": true
        },
        "numberOfVolunteers": {
            "type": "int",
            "isCustom": true,
            "tooltip": true
        },
        "trainingCenter": {
            "notNull": true,
            "type": "bool",
            "isCustom": true
        },
        "healthCenter": {
            "notNull": true,
            "type": "bool",
            "isCustom": true
        },
        "warehouse": {
            "notNull": true,
            "type": "bool",
            "isCustom": true
        },
        "emergencyOperatingCentre": {
            "notNull": true,
            "type": "bool",
            "isCustom": true
        },
        "vehicles": {
            "type": "int",
            "isCustom": true
        },
        "contacts": {
            "type": "linkMultiple",
            "layoutDetailDisabled": false,
            "layoutMassUpdateDisabled": false,
            "layoutListDisabled": false,
            "noLoad": false,
            "importDisabled": false,
            "exportDisabled": false,
            "customizationDisabled": false,
            "isCustom": true
        },
        "program": {
            "type": "linkMultiple",
            "layoutDetailDisabled": false,
            "layoutMassUpdateDisabled": false,
            "layoutListDisabled": false,
            "noLoad": false,
            "importDisabled": false,
            "exportDisabled": false,
            "customizationDisabled": false,
            "isCustom": true
        },
        "descriptionEmergencyCenter": {
            "type": "text",
            "rowsMin": 2,
            "cutHeight": 200,
            "isCustom": true
        },
        "centers": {
            "type": "linkMultiple",
            "layoutDetailDisabled": false,
            "layoutMassUpdateDisabled": false,
            "layoutListDisabled": false,
            "noLoad": false,
            "importDisabled": false,
            "exportDisabled": false,
            "customizationDisabled": true,
            "isCustom": true
        },
        "stocks": {
            "type": "linkMultiple",
            "layoutDetailDisabled": false,
            "layoutMassUpdateDisabled": false,
            "layoutListDisabled": false,
            "noLoad": false,
            "importDisabled": false,
            "exportDisabled": false,
            "customizationDisabled": true,
            "isCustom": true
        },
        "totalNumberOfStaff": {
            "type": "int",
            "isCustom": true,
            "tooltip": true
        },
        "warehouses": {
            "type": "linkMultiple",
            "layoutDetailDisabled": false,
            "layoutMassUpdateDisabled": false,
            "layoutListDisabled": false,
            "noLoad": false,
            "importDisabled": false,
            "exportDisabled": false,
            "customizationDisabled": false,
            "isCustom": true
        },
        "communes": {
            "type": "linkMultiple",
            "layoutDetailDisabled": false,
            "layoutMassUpdateDisabled": false,
            "layoutListDisabled": false,
            "noLoad": false,
            "importDisabled": false,
            "exportDisabled": false,
            "customizationDisabled": false,
            "isCustom": true
        },
        "droughts": {
            "type": "linkMultiple",
            "layoutDetailDisabled": false,
            "layoutMassUpdateDisabled": false,
            "layoutListDisabled": false,
            "noLoad": false,
            "importDisabled": false,
            "exportDisabled": false,
            "customizationDisabled": false,
            "isCustom": true
        },
        "cercleses": {
            "type": "linkMultiple",
            "layoutDetailDisabled": false,
            "layoutMassUpdateDisabled": false,
            "layoutListDisabled": false,
            "noLoad": false,
            "importDisabled": false,
            "exportDisabled": false,
            "customizationDisabled": false,
            "isCustom": true
        },
        "addressCountry": {
            "default": "Mali"
        },
        "region": {
            "type": "link",
            "isCustom": true,
            "tooltip": true,
            "required": true
        },
        "epidemics": {
            "type": "linkMultiple",
            "layoutDetailDisabled": false,
            "layoutMassUpdateDisabled": false,
            "layoutListDisabled": false,
            "noLoad": false,
            "importDisabled": false,
            "exportDisabled": false,
            "customizationDisabled": false,
            "isCustom": true
        },
        "floods": {
            "type": "linkMultiple",
            "layoutDetailDisabled": false,
            "layoutMassUpdateDisabled": false,
            "layoutListDisabled": false,
            "noLoad": false,
            "importDisabled": false,
            "exportDisabled": false,
            "customizationDisabled": false,
            "isCustom": true
        },
        "addressStreet": {
            "tooltip": true
        },
        "addressCity": {
            "tooltip": true
        },
        "addressPostalCode": {
            "options": [],
            "tooltip": true
        },
        "branchPhoneNumber": {
            "notNull": false,
            "type": "float",
            "tooltip": true,
            "isCustom": true
        },
        "addressMap": {
            "tooltip": true
        },
        "needsAssessments": {
            "type": "linkMultiple",
            "layoutDetailDisabled": false,
            "layoutMassUpdateDisabled": false,
            "layoutListDisabled": false,
            "noLoad": false,
            "importDisabled": false,
            "exportDisabled": false,
            "customizationDisabled": true,
            "isCustom": true
        },
        "brigadeUrgences": {
            "type": "linkMultiple",
            "layoutDetailDisabled": true,
            "layoutMassUpdateDisabled": true,
            "layoutListDisabled": true,
            "noLoad": true,
            "importDisabled": true,
            "exportDisabled": true,
            "customizationDisabled": true,
            "isCustom": true
        }
    },
    "links": {
        "createdBy": {
            "type": "belongsTo",
            "entity": "User"
        },
        "modifiedBy": {
            "type": "belongsTo",
            "entity": "User"
        },
        "assignedUser": {
            "type": "belongsTo",
            "entity": "User"
        },
        "teams": {
            "type": "hasMany",
            "entity": "Team",
            "relationName": "entityTeam",
            "layoutRelationshipsDisabled": true
        },
        "meetings": {
            "type": "hasMany",
            "entity": "Meeting",
            "foreign": "parent",
            "layoutRelationshipsDisabled": true
        },
        "calls": {
            "type": "hasMany",
            "entity": "Call",
            "foreign": "parent",
            "layoutRelationshipsDisabled": true
        },
        "tasks": {
            "type": "hasChildren",
            "entity": "Task",
            "foreign": "parent",
            "layoutRelationshipsDisabled": true
        },
        "emails": {
            "type": "hasChildren",
            "entity": "Email",
            "foreign": "parent",
            "layoutRelationshipsDisabled": true
        },
        "contacts": {
            "type": "hasMany",
            "foreign": "cBranch",
            "entity": "Contact",
            "audited": false,
            "isCustom": true
        },
        "program": {
            "type": "hasMany",
            "relationName": "cBranchProgram",
            "foreign": "branch",
            "entity": "CProgram",
            "audited": false,
            "isCustom": true
        },
        "centers": {
            "type": "hasMany",
            "foreign": "branch",
            "entity": "CCenter",
            "audited": false,
            "isCustom": true
        },
        "stocks": {
            "type": "hasMany",
            "foreign": "branch",
            "entity": "CStock",
            "audited": false,
            "isCustom": true
        },
        "cWarehouses": {
            "type": "hasChildren",
            "foreign": "hostBranch",
            "entity": "CWarehouse",
            "isCustom": true,
            "audited": false
        },
        "warehouses": {
            "type": "hasMany",
            "relationName": "cWarehouseBranch",
            "foreign": "branchesServed",
            "entity": "CWarehouse",
            "audited": false,
            "isCustom": true
        },
        "communes": {
            "type": "hasMany",
            "foreign": "branch",
            "entity": "CCommunes",
            "audited": false,
            "isCustom": true
        },
        "droughts": {
            "type": "hasMany",
            "relationName": "cDroughtBranch",
            "foreign": "branchs",
            "entity": "CDrought",
            "audited": false,
            "isCustom": true
        },
        "cercleses": {
            "type": "hasMany",
            "foreign": "branch",
            "entity": "CCercles",
            "audited": false,
            "isCustom": true
        },
        "region": {
            "type": "belongsTo",
            "foreign": "branch",
            "entity": "CRegion",
            "isCustom": true
        },
        "epidemics": {
            "type": "hasMany",
            "relationName": "cEpidemicsBranch",
            "foreign": "branches",
            "entity": "CEpidemics",
            "audited": false,
            "isCustom": true
        },
        "floods": {
            "type": "hasMany",
            "relationName": "cFloodBranch",
            "foreign": "branches",
            "entity": "CFlood",
            "audited": false,
            "isCustom": true
        },
        "needsAssessments": {
            "type": "hasMany",
            "foreign": "branch",
            "entity": "CNeedsAssessment",
            "audited": false,
            "isCustom": true
        },
        "brigadeUrgences": {
            "type": "hasMany",
            "foreign": "branch",
            "entity": "CBrigadeUrgence",
            "audited": false,
            "isCustom": true
        }
    },
    "collection": {
        "orderBy": "name",
        "order": "asc",
        "textFilterFields": [
            "name"
        ],
        "fullTextSearch": false,
        "countDisabled": false
    },
    "indexes": {
        "name": {
            "columns": [
                "name",
                "deleted"
            ]
        },
        "assignedUser": {
            "columns": [
                "assignedUserId",
                "deleted"
            ]
        },
        "createdAt": {
            "columns": [
                "createdAt"
            ]
        },
        "createdAtId": {
            "unique": true,
            "columns": [
                "createdAt",
                "id"
            ]
        }
    },
    "optimisticConcurrencyControl": false
}