{
    "fields": {
        "name": {
            "type": "varchar",
            "required": false,
            "pattern": "$noBadCharacters",
            "options": [],
            "tooltip": true
        },
        "description": {
            "type": "text",
            "tooltip": true
        },
        "createdAt": {
            "type": "datetime",
            "readOnly": true
        },
        "modifiedAt": {
            "type": "datetime",
            "readOnly": true
        },
        "createdBy": {
            "type": "link",
            "readOnly": true,
            "view": "views/fields/user"
        },
        "modifiedBy": {
            "type": "link",
            "readOnly": true,
            "view": "views/fields/user"
        },
        "assignedUser": {
            "type": "link",
            "required": false,
            "view": "views/fields/assigned-user",
            "tooltip": true
        },
        "teams": {
            "type": "linkMultiple",
            "view": "views/fields/teams"
        },
        "type": {
            "type": "enum",
            "options": [
                "eoc",
                "health",
                "training",
                ""
            ],
            "style": {
                "eoc": null,
                "health": null,
                "training": null,
                "": null
            },
            "maxLength": 100,
            "isCustom": true,
            "tooltip": true
        },
        "nrStaff": {
            "type": "int",
            "isCustom": true,
            "tooltip": true
        },
        "nrVolunteers": {
            "type": "int",
            "isCustom": true,
            "tooltip": true
        },
        "branch": {
            "type": "link",
            "tooltip": true
        },
        "users": {
            "type": "linkMultiple",
            "layoutDetailDisabled": false,
            "layoutMassUpdateDisabled": false,
            "layoutListDisabled": false,
            "noLoad": false,
            "importDisabled": false,
            "exportDisabled": false,
            "customizationDisabled": false,
            "isCustom": true,
            "tooltip": true
        }
    },
    "links": {
        "createdBy": {
            "type": "belongsTo",
            "entity": "User"
        },
        "modifiedBy": {
            "type": "belongsTo",
            "entity": "User"
        },
        "assignedUser": {
            "type": "belongsTo",
            "entity": "User"
        },
        "teams": {
            "type": "hasMany",
            "entity": "Team",
            "relationName": "entityTeam",
            "layoutRelationshipsDisabled": true
        },
        "branch": {
            "type": "belongsTo",
            "foreign": "centers",
            "entity": "CBranch",
            "audited": false,
            "isCustom": true
        },
        "users": {
            "type": "hasMany",
            "foreign": "cCenter",
            "entity": "User",
            "audited": false,
            "isCustom": true
        }
    },
    "collection": {
        "orderBy": "createdAt",
        "order": "desc"
    },
    "indexes": {
        "name": {
            "columns": [
                "name",
                "deleted"
            ]
        },
        "assignedUser": {
            "columns": [
                "assignedUserId",
                "deleted"
            ]
        },
        "createdAt": {
            "columns": [
                "createdAt"
            ]
        },
        "createdAtId": {
            "unique": true,
            "columns": [
                "createdAt",
                "id"
            ]
        }
    }
}