{
    "fields": {
        "name": {
            "type": "varchar",
            "required": true,
            "pattern": "$noBadCharacters",
            "options": []
        },
        "description": {
            "type": "text"
        },
        "createdAt": {
            "type": "datetime",
            "readOnly": true
        },
        "modifiedAt": {
            "type": "datetime",
            "readOnly": true
        },
        "createdBy": {
            "type": "link",
            "readOnly": true,
            "view": "views/fields/user"
        },
        "modifiedBy": {
            "type": "link",
            "readOnly": true,
            "view": "views/fields/user"
        },
        "assignedUser": {
            "type": "link",
            "required": false,
            "view": "views/fields/assigned-user"
        },
        "teams": {
            "type": "linkMultiple",
            "view": "views/fields/teams"
        },
        "communePcode": {
            "type": "varchar",
            "maxLength": 100,
            "options": [],
            "isCustom": true
        },
        "cercles": {
            "type": "link"
        },
        "region": {
            "type": "link"
        },
        "activities": {
            "type": "linkMultiple",
            "layoutDetailDisabled": false,
            "layoutMassUpdateDisabled": false,
            "layoutListDisabled": false,
            "noLoad": false,
            "importDisabled": false,
            "exportDisabled": false,
            "customizationDisabled": false,
            "isCustom": true
        },
        "riverStation": {
            "type": "link"
        },
        "branch": {
            "type": "link"
        },
        "programs": {
            "type": "linkMultiple",
            "layoutDetailDisabled": false,
            "layoutMassUpdateDisabled": false,
            "layoutListDisabled": false,
            "noLoad": false,
            "importDisabled": false,
            "exportDisabled": false,
            "customizationDisabled": false,
            "isCustom": true
        },
        "epidemics": {
            "type": "linkMultiple",
            "layoutDetailDisabled": false,
            "layoutMassUpdateDisabled": false,
            "layoutListDisabled": false,
            "noLoad": false,
            "importDisabled": false,
            "exportDisabled": false,
            "customizationDisabled": false,
            "isCustom": true
        },
        "floods": {
            "type": "linkMultiple",
            "layoutDetailDisabled": false,
            "layoutMassUpdateDisabled": false,
            "layoutListDisabled": false,
            "noLoad": false,
            "importDisabled": false,
            "exportDisabled": false,
            "customizationDisabled": false,
            "isCustom": true
        },
        "needsAssessments": {
            "type": "linkMultiple",
            "layoutDetailDisabled": false,
            "layoutMassUpdateDisabled": false,
            "layoutListDisabled": false,
            "noLoad": false,
            "importDisabled": false,
            "exportDisabled": false,
            "customizationDisabled": false,
            "isCustom": true
        },
        "brigadeUrgences": {
            "type": "linkMultiple",
            "layoutDetailDisabled": true,
            "layoutMassUpdateDisabled": true,
            "layoutListDisabled": true,
            "noLoad": true,
            "importDisabled": true,
            "exportDisabled": true,
            "customizationDisabled": true,
            "isCustom": true
        },
        "droughts": {
            "type": "linkMultiple",
            "layoutDetailDisabled": false,
            "layoutMassUpdateDisabled": false,
            "layoutListDisabled": false,
            "noLoad": false,
            "importDisabled": false,
            "exportDisabled": false,
            "customizationDisabled": false,
            "isCustom": true
        }
    },
    "links": {
        "createdBy": {
            "type": "belongsTo",
            "entity": "User"
        },
        "modifiedBy": {
            "type": "belongsTo",
            "entity": "User"
        },
        "assignedUser": {
            "type": "belongsTo",
            "entity": "User"
        },
        "teams": {
            "type": "hasMany",
            "entity": "Team",
            "relationName": "entityTeam",
            "layoutRelationshipsDisabled": true
        },
        "cercles": {
            "type": "belongsTo",
            "foreign": "communes",
            "entity": "CCercles",
            "audited": false,
            "isCustom": true
        },
        "region": {
            "type": "belongsTo",
            "foreign": "commune",
            "entity": "CRegion",
            "audited": false,
            "isCustom": true
        },
        "activities": {
            "type": "hasMany",
            "relationName": "cActivitiesCommunes",
            "foreign": "communes",
            "entity": "CActivities",
            "audited": false,
            "isCustom": true
        },
        "riverStation": {
            "type": "belongsTo",
            "foreign": "communes",
            "entity": "CRiverStation",
            "audited": false,
            "isCustom": true
        },
        "branch": {
            "type": "belongsTo",
            "foreign": "communes",
            "entity": "CBranch",
            "audited": false,
            "isCustom": true
        },
        "programs": {
            "type": "hasMany",
            "relationName": "cProgramCommunes",
            "foreign": "communeses",
            "entity": "CProgram",
            "audited": false,
            "isCustom": true
        },
        "epidemics": {
            "type": "hasMany",
            "relationName": "cEpidemicsCommunes",
            "foreign": "communes",
            "entity": "CEpidemics",
            "audited": false,
            "isCustom": true
        },
        "floods": {
            "type": "hasMany",
            "relationName": "cFloodCommunes",
            "foreign": "communes",
            "entity": "CFlood",
            "audited": false,
            "isCustom": true
        },
        "needsAssessments": {
            "type": "hasMany",
            "relationName": "cNeedsAssessmentCommunes",
            "foreign": "communes",
            "entity": "CNeedsAssessment",
            "audited": false,
            "isCustom": true
        },
        "brigadeUrgences": {
            "type": "hasMany",
            "foreign": "communes",
            "entity": "CBrigadeUrgence",
            "audited": false,
            "isCustom": true
        },
        "droughts": {
            "type": "hasMany",
            "relationName": "cDroughtCommunes",
            "foreign": "communes",
            "entity": "CDrought",
            "audited": false,
            "isCustom": true
        }
    },
    "collection": {
        "orderBy": "cercles",
        "order": "asc",
        "textFilterFields": [
            "name"
        ],
        "fullTextSearch": false,
        "countDisabled": false
    },
    "indexes": {
        "name": {
            "columns": [
                "name",
                "deleted"
            ]
        },
        "assignedUser": {
            "columns": [
                "assignedUserId",
                "deleted"
            ]
        },
        "createdAt": {
            "columns": [
                "createdAt"
            ]
        },
        "createdAtId": {
            "unique": true,
            "columns": [
                "createdAt",
                "id"
            ]
        }
    },
    "optimisticConcurrencyControl": false
}