{
    "fields": {
        "name": {
            "type": "varchar",
            "required": false,
            "pattern": "$noBadCharacters",
            "options": []
        },
        "description": {
            "type": "text"
        },
        "createdAt": {
            "type": "datetime",
            "readOnly": true
        },
        "modifiedAt": {
            "type": "datetime",
            "readOnly": true
        },
        "createdBy": {
            "type": "link",
            "readOnly": true,
            "view": "views/fields/user"
        },
        "modifiedBy": {
            "type": "link",
            "readOnly": true,
            "view": "views/fields/user"
        },
        "assignedUser": {
            "type": "link",
            "required": false,
            "view": "views/fields/assigned-user"
        },
        "teams": {
            "type": "linkMultiple",
            "view": "views/fields/teams"
        },
        "start": {
            "notNull": false,
            "type": "date",
            "isCustom": true,
            "tooltip": true
        },
        "end": {
            "notNull": false,
            "type": "date",
            "after": "start",
            "isCustom": true,
            "tooltip": true
        },
        "source": {
            "type": "text",
            "rowsMin": 2,
            "cutHeight": 200,
            "isCustom": true
        },
        "deaths": {
            "type": "int",
            "isCustom": true
        },
        "displaced": {
            "type": "int",
            "isCustom": true
        },
        "indirectlyAffected": {
            "type": "int",
            "isCustom": true
        },
        "directlyAffected": {
            "type": "int",
            "isCustom": true
        },
        "branchs": {
            "type": "linkMultiple",
            "layoutDetailDisabled": false,
            "layoutMassUpdateDisabled": false,
            "layoutListDisabled": false,
            "noLoad": false,
            "importDisabled": false,
            "exportDisabled": false,
            "customizationDisabled": false,
            "isCustom": true
        },
        "regions": {
            "type": "linkMultiple",
            "layoutDetailDisabled": false,
            "layoutMassUpdateDisabled": false,
            "layoutListDisabled": false,
            "noLoad": false,
            "importDisabled": false,
            "exportDisabled": false,
            "customizationDisabled": false,
            "isCustom": true,
            "tooltip": true,
            "readOnly": false,
            "required": true
        },
        "needsAssessments": {
            "type": "linkMultiple",
            "layoutDetailDisabled": false,
            "layoutMassUpdateDisabled": false,
            "layoutListDisabled": false,
            "noLoad": false,
            "importDisabled": false,
            "exportDisabled": false,
            "customizationDisabled": false,
            "isCustom": true
        },
        "year": {
            "type": "varchar",
            "maxLength": 100,
            "options": [],
            "isCustom": true
        },
        "activities": {
            "type": "linkMultiple",
            "layoutDetailDisabled": false,
            "layoutMassUpdateDisabled": false,
            "layoutListDisabled": false,
            "noLoad": false,
            "importDisabled": false,
            "exportDisabled": false,
            "customizationDisabled": false,
            "isCustom": true
        },
        "cercles": {
            "type": "linkMultiple",
            "layoutDetailDisabled": true,
            "layoutMassUpdateDisabled": true,
            "layoutListDisabled": true,
            "noLoad": true,
            "importDisabled": true,
            "exportDisabled": true,
            "customizationDisabled": true,
            "isCustom": true
        },
        "communes": {
            "type": "linkMultiple",
            "layoutDetailDisabled": true,
            "layoutMassUpdateDisabled": true,
            "layoutListDisabled": true,
            "noLoad": true,
            "importDisabled": true,
            "exportDisabled": true,
            "customizationDisabled": true,
            "isCustom": true
        },
        "rapportEvaluationRapide": {
            "type": "link"
        },
        "hazard": {
            "type": "link"
        }
    },
    "links": {
        "createdBy": {
            "type": "belongsTo",
            "entity": "User"
        },
        "modifiedBy": {
            "type": "belongsTo",
            "entity": "User"
        },
        "assignedUser": {
            "type": "belongsTo",
            "entity": "User"
        },
        "teams": {
            "type": "hasMany",
            "entity": "Team",
            "relationName": "entityTeam",
            "layoutRelationshipsDisabled": true
        },
        "meetings": {
            "type": "hasMany",
            "entity": "Meeting",
            "foreign": "parent",
            "layoutRelationshipsDisabled": true
        },
        "calls": {
            "type": "hasMany",
            "entity": "Call",
            "foreign": "parent",
            "layoutRelationshipsDisabled": true
        },
        "tasks": {
            "type": "hasChildren",
            "entity": "Task",
            "foreign": "parent",
            "layoutRelationshipsDisabled": true
        },
        "emails": {
            "type": "hasChildren",
            "entity": "Email",
            "foreign": "parent",
            "layoutRelationshipsDisabled": true
        },
        "branchs": {
            "type": "hasMany",
            "relationName": "cDroughtBranch",
            "foreign": "droughts",
            "entity": "CBranch",
            "audited": false,
            "isCustom": true
        },
        "regions": {
            "type": "hasMany",
            "relationName": "cDroughtRegion",
            "foreign": "droughts",
            "entity": "CRegion",
            "audited": false,
            "isCustom": true
        },
        "needsAssessments": {
            "type": "hasMany",
            "foreign": "drought",
            "entity": "CNeedsAssessment",
            "audited": false,
            "isCustom": true
        },
        "activities": {
            "type": "hasMany",
            "foreign": "drought",
            "entity": "CActivities",
            "audited": false,
            "isCustom": true
        },
        "cercles": {
            "type": "hasMany",
            "relationName": "cDroughtCercles",
            "foreign": "droughts",
            "entity": "CCercles",
            "audited": false,
            "isCustom": true
        },
        "communes": {
            "type": "hasMany",
            "relationName": "cDroughtCommunes",
            "foreign": "droughts",
            "entity": "CCommunes",
            "audited": false,
            "isCustom": true
        },
        "rapportEvaluationRapide": {
            "type": "belongsTo",
            "foreign": "drought",
            "entity": "CRapportEvaluationRapide",
            "isCustom": true
        },
        "hazard": {
            "type": "belongsTo",
            "foreign": "droughts",
            "entity": "CHazard",
            "audited": false,
            "isCustom": true
        }
    },
    "collection": {
        "orderBy": "createdAt",
        "order": "desc"
    },
    "indexes": {
        "name": {
            "columns": [
                "name",
                "deleted"
            ]
        },
        "assignedUser": {
            "columns": [
                "assignedUserId",
                "deleted"
            ]
        },
        "createdAt": {
            "columns": [
                "createdAt"
            ]
        },
        "createdAtId": {
            "unique": true,
            "columns": [
                "createdAt",
                "id"
            ]
        }
    }
}