{
    "fields": {
        "name": {
            "type": "varchar",
            "required": false,
            "pattern": "$noBadCharacters",
            "options": []
        },
        "description": {
            "type": "text"
        },
        "createdAt": {
            "type": "datetime",
            "readOnly": true
        },
        "modifiedAt": {
            "type": "datetime",
            "readOnly": true
        },
        "createdBy": {
            "type": "link",
            "readOnly": true,
            "view": "views/fields/user"
        },
        "modifiedBy": {
            "type": "link",
            "readOnly": true,
            "view": "views/fields/user"
        },
        "assignedUser": {
            "type": "link",
            "required": false,
            "view": "views/fields/assigned-user"
        },
        "teams": {
            "type": "linkMultiple",
            "view": "views/fields/teams"
        },
        "startDate": {
            "notNull": false,
            "type": "date",
            "isCustom": true
        },
        "endDate": {
            "notNull": false,
            "type": "date",
            "isCustom": true
        },
        "disasterGroup": {
            "type": "enum",
            "options": [
                "Natural",
                "Technological",
                ""
            ],
            "style": {
                "Natural": null,
                "Technological": null,
                "": null
            },
            "maxLength": 100,
            "isCustom": true
        },
        "disasterSubGroup": {
            "type": "enum",
            "options": [
                "Biological",
                "Hydrological",
                "Industrial accident",
                "Miscellaneous accident",
                "Transport",
                ""
            ],
            "style": {
                "Biological": null,
                "Hydrological": null,
                "Industrial accident": null,
                "Miscellaneous accident": null,
                "Transport": null,
                "": null
            },
            "maxLength": 100,
            "isCustom": true
        },
        "disasterType": {
            "type": "enum",
            "options": [
                "Epidemic",
                "Flood",
                "Collapse (Industrial)",
                "Fire",
                "Miscellaneous accident (General)",
                "Road",
                "Water",
                "Air",
                ""
            ],
            "style": {
                "Epidemic": null,
                "Flood": null,
                "Collapse (Industrial)": null,
                "Fire": null,
                "Miscellaneous accident (General)": null,
                "Road": null,
                "Water": null,
                "Air": null,
                "": null
            },
            "maxLength": 100,
            "isCustom": true
        },
        "disasterSubtype": {
            "type": "enum",
            "options": [
                "Air",
                "Bacterial disease",
                "Collapse (Industrial)",
                "Fire",
                "Flash flood",
                "Miscellaneous accident (General)",
                "Riverine flood",
                "Road",
                "Viral disease",
                "Water",
                ""
            ],
            "style": {
                "Air": null,
                "Bacterial disease": null,
                "Collapse (Industrial)": null,
                "Fire": null,
                "Flash flood": null,
                "Miscellaneous accident (General)": null,
                "Riverine flood": null,
                "Road": null,
                "Viral disease": null,
                "Water": null,
                "": null
            },
            "maxLength": 100,
            "isCustom": true
        },
        "location": {
            "type": "varchar",
            "maxLength": 500,
            "options": [],
            "isCustom": true
        },
        "origin": {
            "type": "varchar",
            "maxLength": 100,
            "options": [],
            "isCustom": true
        },
        "oFDABHAResponse": {
            "type": "enum",
            "options": [
                "Yes",
                "No",
                ""
            ],
            "style": {
                "Yes": null,
                "No": null,
                "": null
            },
            "maxLength": 100,
            "isCustom": true
        },
        "appeal": {
            "type": "enum",
            "options": [
                "Yes",
                "No",
                ""
            ],
            "default": "Yes",
            "style": {
                "Yes": null,
                "No": null,
                "": null
            },
            "maxLength": 100,
            "isCustom": true
        },
        "declaration": {
            "type": "enum",
            "options": [
                "Yes",
                "No",
                ""
            ],
            "style": {
                "Yes": null,
                "No": null,
                "": null
            },
            "maxLength": 100,
            "isCustom": true
        },
        "totalDeaths": {
            "type": "int",
            "isCustom": true
        },
        "noInjured": {
            "type": "int",
            "isCustom": true
        },
        "noHomeless": {
            "type": "int",
            "isCustom": true
        },
        "totalAffected": {
            "type": "int",
            "isCustom": true
        },
        "noAffected": {
            "type": "int",
            "isCustom": true
        },
        "disasterNo": {
            "type": "varchar",
            "maxLength": 100,
            "options": [],
            "isCustom": true
        },
        "regions": {
            "type": "linkMultiple",
            "layoutDetailDisabled": false,
            "layoutMassUpdateDisabled": false,
            "layoutListDisabled": false,
            "noLoad": false,
            "importDisabled": false,
            "exportDisabled": false,
            "customizationDisabled": false,
            "isCustom": true
        }
    },
    "links": {
        "createdBy": {
            "type": "belongsTo",
            "entity": "User"
        },
        "modifiedBy": {
            "type": "belongsTo",
            "entity": "User"
        },
        "assignedUser": {
            "type": "belongsTo",
            "entity": "User"
        },
        "teams": {
            "type": "hasMany",
            "entity": "Team",
            "relationName": "entityTeam",
            "layoutRelationshipsDisabled": true
        },
        "regions": {
            "type": "hasMany",
            "relationName": "cEMDATRegion",
            "foreign": "eMDATs",
            "entity": "CRegion",
            "audited": false,
            "isCustom": true
        }
    },
    "collection": {
        "orderBy": "createdAt",
        "order": "desc",
        "textFilterFields": [
            "name"
        ],
        "fullTextSearch": false,
        "countDisabled": false
    },
    "indexes": {
        "name": {
            "columns": [
                "name",
                "deleted"
            ]
        },
        "assignedUser": {
            "columns": [
                "assignedUserId",
                "deleted"
            ]
        },
        "createdAt": {
            "columns": [
                "createdAt"
            ]
        },
        "createdAtId": {
            "unique": true,
            "columns": [
                "createdAt",
                "id"
            ]
        }
    },
    "optimisticConcurrencyControl": false
}