{
    "fields": {
        "name": {
            "type": "varchar",
            "required": false,
            "pattern": "$noBadCharacters",
            "options": []
        },
        "description": {
            "type": "text"
        },
        "createdAt": {
            "type": "datetime",
            "readOnly": true
        },
        "modifiedAt": {
            "type": "datetime",
            "readOnly": true
        },
        "createdBy": {
            "type": "link",
            "readOnly": true,
            "view": "views/fields/user"
        },
        "modifiedBy": {
            "type": "link",
            "readOnly": true,
            "view": "views/fields/user"
        },
        "assignedUser": {
            "type": "link",
            "required": false,
            "view": "views/fields/assigned-user"
        },
        "teams": {
            "type": "linkMultiple",
            "view": "views/fields/teams"
        },
        "activities": {
            "type": "linkMultiple",
            "layoutDetailDisabled": true,
            "layoutMassUpdateDisabled": true,
            "layoutListDisabled": true,
            "noLoad": true,
            "importDisabled": true,
            "exportDisabled": true,
            "customizationDisabled": true,
            "isCustom": true
        },
        "regions": {
            "type": "linkMultiple",
            "layoutDetailDisabled": false,
            "layoutMassUpdateDisabled": false,
            "layoutListDisabled": false,
            "noLoad": false,
            "importDisabled": false,
            "exportDisabled": false,
            "customizationDisabled": false,
            "isCustom": true,
            "readOnly": false,
            "tooltip": true,
            "required": true
        },
        "needsAssessments": {
            "type": "linkMultiple",
            "layoutDetailDisabled": true,
            "layoutMassUpdateDisabled": true,
            "layoutListDisabled": true,
            "noLoad": true,
            "importDisabled": true,
            "exportDisabled": true,
            "customizationDisabled": true,
            "isCustom": true
        },
        "epidemicType": {
            "type": "enum",
            "options": [
                "Cholera",
                "Dengue",
                "Malaria",
                "Yellow fever"
            ],
            "style": {
                "Cholera": null,
                "Dengue": null,
                "Malaria": null,
                "Yellow fever": null
            },
            "default": "Cholera",
            "tooltip": true,
            "maxLength": 100,
            "isCustom": true
        },
        "startDate": {
            "notNull": false,
            "type": "date",
            "required": true,
            "isCustom": true,
            "tooltip": true
        },
        "endDate": {
            "notNull": false,
            "type": "date",
            "required": false,
            "isCustom": true,
            "tooltip": true
        },
        "totalCases": {
            "type": "int",
            "required": true,
            "tooltip": true,
            "isCustom": true
        },
        "cercles": {
            "type": "linkMultiple",
            "layoutDetailDisabled": false,
            "layoutMassUpdateDisabled": false,
            "layoutListDisabled": false,
            "noLoad": false,
            "importDisabled": false,
            "exportDisabled": false,
            "customizationDisabled": false,
            "isCustom": true,
            "tooltip": true,
            "readOnly": false
        },
        "communes": {
            "type": "linkMultiple",
            "layoutDetailDisabled": false,
            "layoutMassUpdateDisabled": false,
            "layoutListDisabled": false,
            "noLoad": false,
            "importDisabled": false,
            "exportDisabled": false,
            "customizationDisabled": false,
            "isCustom": true,
            "required": false,
            "tooltip": true
        },
        "branches": {
            "type": "linkMultiple",
            "layoutDetailDisabled": false,
            "layoutMassUpdateDisabled": false,
            "layoutListDisabled": false,
            "noLoad": false,
            "importDisabled": false,
            "exportDisabled": false,
            "customizationDisabled": false,
            "isCustom": true,
            "required": true,
            "tooltip": true
        },
        "rapportEvaluationRapide": {
            "type": "link"
        },
        "hazard": {
            "type": "link"
        }
    },
    "links": {
        "createdBy": {
            "type": "belongsTo",
            "entity": "User"
        },
        "modifiedBy": {
            "type": "belongsTo",
            "entity": "User"
        },
        "assignedUser": {
            "type": "belongsTo",
            "entity": "User"
        },
        "teams": {
            "type": "hasMany",
            "entity": "Team",
            "relationName": "entityTeam",
            "layoutRelationshipsDisabled": true
        },
        "meetings": {
            "type": "hasMany",
            "entity": "Meeting",
            "foreign": "parent",
            "layoutRelationshipsDisabled": true
        },
        "calls": {
            "type": "hasMany",
            "entity": "Call",
            "foreign": "parent",
            "layoutRelationshipsDisabled": true
        },
        "tasks": {
            "type": "hasChildren",
            "entity": "Task",
            "foreign": "parent",
            "layoutRelationshipsDisabled": true
        },
        "emails": {
            "type": "hasChildren",
            "entity": "Email",
            "foreign": "parent",
            "layoutRelationshipsDisabled": true
        },
        "activities": {
            "type": "hasMany",
            "foreign": "epidemics",
            "entity": "CActivities",
            "audited": false,
            "isCustom": true
        },
        "regions": {
            "type": "hasMany",
            "relationName": "cEpidemicsRegion",
            "foreign": "epidemics",
            "entity": "CRegion",
            "audited": false,
            "isCustom": true
        },
        "needsAssessments": {
            "type": "hasMany",
            "foreign": "epidemics",
            "entity": "CNeedsAssessment",
            "audited": false,
            "isCustom": true
        },
        "cercles": {
            "type": "hasMany",
            "relationName": "cEpidemicsCercles",
            "foreign": "epidemics",
            "entity": "CCercles",
            "audited": false,
            "isCustom": true
        },
        "communes": {
            "type": "hasMany",
            "relationName": "cEpidemicsCommunes",
            "foreign": "epidemics",
            "entity": "CCommunes",
            "audited": false,
            "isCustom": true
        },
        "branches": {
            "type": "hasMany",
            "relationName": "cEpidemicsBranch",
            "foreign": "epidemics",
            "entity": "CBranch",
            "audited": false,
            "isCustom": true
        },
        "rapportEvaluationRapide": {
            "type": "belongsTo",
            "foreign": "epidemics",
            "entity": "CRapportEvaluationRapide",
            "isCustom": true
        },
        "hazard": {
            "type": "belongsTo",
            "foreign": "epidemies",
            "entity": "CHazard",
            "audited": false,
            "isCustom": true
        }
    },
    "collection": {
        "orderBy": "createdAt",
        "order": "desc"
    },
    "indexes": {
        "name": {
            "columns": [
                "name",
                "deleted"
            ]
        },
        "assignedUser": {
            "columns": [
                "assignedUserId",
                "deleted"
            ]
        },
        "createdAt": {
            "columns": [
                "createdAt"
            ]
        },
        "createdAtId": {
            "unique": true,
            "columns": [
                "createdAt",
                "id"
            ]
        }
    }
}