{
    "fields": {
        "name": {
            "type": "varchar",
            "required": false,
            "pattern": "$noBadCharacters",
            "options": [],
            "readOnly": true
        },
        "description": {
            "type": "text"
        },
        "createdAt": {
            "type": "datetime",
            "readOnly": true
        },
        "modifiedAt": {
            "type": "datetime",
            "readOnly": true
        },
        "createdBy": {
            "type": "link",
            "readOnly": true,
            "view": "views/fields/user"
        },
        "modifiedBy": {
            "type": "link",
            "readOnly": true,
            "view": "views/fields/user"
        },
        "assignedUser": {
            "type": "link",
            "required": false,
            "view": "views/fields/assigned-user"
        },
        "teams": {
            "type": "linkMultiple",
            "view": "views/fields/teams"
        },
        "startDate": {
            "notNull": false,
            "type": "date",
            "isCustom": true,
            "required": true,
            "tooltip": true
        },
        "endDate": {
            "notNull": false,
            "type": "date",
            "isCustom": true,
            "required": false,
            "tooltip": true
        },
        "numberOfDeaths": {
            "type": "int",
            "isCustom": true,
            "tooltip": true
        },
        "numberOfPeopleInjured": {
            "type": "int",
            "isCustom": true,
            "tooltip": true
        },
        "numberOfDisplacedPeople": {
            "type": "int",
            "isCustom": true,
            "tooltip": true
        },
        "numberOfAffectedBuildings": {
            "type": "int",
            "isCustom": true,
            "tooltip": true
        },
        "needsAssessments": {
            "type": "linkMultiple",
            "layoutDetailDisabled": false,
            "layoutMassUpdateDisabled": false,
            "layoutListDisabled": false,
            "noLoad": false,
            "importDisabled": false,
            "exportDisabled": false,
            "customizationDisabled": false,
            "isCustom": true
        },
        "floodType": {
            "type": "enum",
            "options": [
                "Riverine Floods",
                "Flash Floods",
                ""
            ],
            "style": {
                "Riverine Floods": null,
                "Flash Floods": null,
                "": null
            },
            "default": "Riverine Floods",
            "maxLength": 100,
            "isCustom": true,
            "tooltip": true
        },
        "activities": {
            "type": "linkMultiple",
            "layoutDetailDisabled": false,
            "layoutMassUpdateDisabled": false,
            "layoutListDisabled": false,
            "noLoad": false,
            "importDisabled": false,
            "exportDisabled": false,
            "customizationDisabled": false,
            "isCustom": true
        },
        "source": {
            "type": "text",
            "rowsMin": 2,
            "cutHeight": 200,
            "isCustom": true
        },
        "numberOfPeopleAffectedOther": {
            "type": "int",
            "isCustom": true
        },
        "affectedInfrastructures": {
            "notNull": false,
            "type": "float",
            "tooltip": true,
            "isCustom": true
        },
        "regions": {
            "type": "linkMultiple",
            "layoutDetailDisabled": false,
            "layoutMassUpdateDisabled": false,
            "layoutListDisabled": false,
            "noLoad": false,
            "importDisabled": false,
            "exportDisabled": false,
            "customizationDisabled": false,
            "isCustom": true,
            "tooltip": true,
            "readOnly": false,
            "required": true
        },
        "floodName": {
            "type": "varchar",
            "maxLength": 100,
            "options": [],
            "isCustom": true,
            "readOnly": true,
            "required": false,
            "tooltip": true
        },
        "cercles": {
            "type": "linkMultiple",
            "layoutDetailDisabled": false,
            "layoutMassUpdateDisabled": false,
            "layoutListDisabled": false,
            "noLoad": false,
            "importDisabled": false,
            "exportDisabled": false,
            "customizationDisabled": false,
            "isCustom": true,
            "readOnly": false,
            "tooltip": true
        },
        "communes": {
            "type": "linkMultiple",
            "layoutDetailDisabled": false,
            "layoutMassUpdateDisabled": false,
            "layoutListDisabled": false,
            "noLoad": false,
            "importDisabled": false,
            "exportDisabled": false,
            "customizationDisabled": false,
            "isCustom": true,
            "required": false,
            "tooltip": true
        },
        "branches": {
            "type": "linkMultiple",
            "layoutDetailDisabled": false,
            "layoutMassUpdateDisabled": false,
            "layoutListDisabled": false,
            "noLoad": false,
            "importDisabled": false,
            "exportDisabled": false,
            "customizationDisabled": false,
            "isCustom": true
        },
        "rapportEvaluationRapide": {
            "type": "link"
        },
        "hazard": {
            "type": "link"
        }
    },
    "links": {
        "createdBy": {
            "type": "belongsTo",
            "entity": "User"
        },
        "modifiedBy": {
            "type": "belongsTo",
            "entity": "User"
        },
        "assignedUser": {
            "type": "belongsTo",
            "entity": "User"
        },
        "teams": {
            "type": "hasMany",
            "entity": "Team",
            "relationName": "entityTeam",
            "layoutRelationshipsDisabled": true
        },
        "needsAssessments": {
            "type": "hasMany",
            "foreign": "flood",
            "entity": "CNeedsAssessment",
            "audited": false,
            "isCustom": true
        },
        "activities": {
            "type": "hasMany",
            "foreign": "flood",
            "entity": "CActivities",
            "audited": false,
            "isCustom": true
        },
        "regions": {
            "type": "hasMany",
            "relationName": "cFloodRegion",
            "foreign": "floods",
            "entity": "CRegion",
            "audited": false,
            "isCustom": true
        },
        "cercles": {
            "type": "hasMany",
            "relationName": "cFloodCercles",
            "foreign": "floods",
            "entity": "CCercles",
            "audited": false,
            "isCustom": true
        },
        "communes": {
            "type": "hasMany",
            "relationName": "cFloodCommunes",
            "foreign": "floods",
            "entity": "CCommunes",
            "audited": false,
            "isCustom": true
        },
        "branches": {
            "type": "hasMany",
            "relationName": "cFloodBranch",
            "foreign": "floods",
            "entity": "CBranch",
            "audited": false,
            "isCustom": true
        },
        "rapportEvaluationRapide": {
            "type": "belongsTo",
            "foreign": "flood",
            "entity": "CRapportEvaluationRapide",
            "isCustom": true
        },
        "hazard": {
            "type": "belongsTo",
            "foreign": "floods",
            "entity": "CHazard",
            "audited": false,
            "isCustom": true
        }
    },
    "collection": {
        "orderBy": "createdAt",
        "order": "desc",
        "textFilterFields": [
            "name"
        ],
        "fullTextSearch": false,
        "countDisabled": false
    },
    "indexes": {
        "name": {
            "columns": [
                "name",
                "deleted"
            ]
        },
        "assignedUser": {
            "columns": [
                "assignedUserId",
                "deleted"
            ]
        },
        "createdAt": {
            "columns": [
                "createdAt"
            ]
        },
        "createdAtId": {
            "unique": true,
            "columns": [
                "createdAt",
                "id"
            ]
        }
    },
    "optimisticConcurrencyControl": false
}