{
    "fields": {
        "name": {
            "type": "varchar",
            "required": true,
            "pattern": "$noBadCharacters"
        },
        "description": {
            "type": "text"
        },
        "createdAt": {
            "type": "datetime",
            "readOnly": true
        },
        "modifiedAt": {
            "type": "datetime",
            "readOnly": true
        },
        "createdBy": {
            "type": "link",
            "readOnly": true,
            "view": "views/fields/user"
        },
        "modifiedBy": {
            "type": "link",
            "readOnly": true,
            "view": "views/fields/user"
        },
        "assignedUser": {
            "type": "link",
            "required": false,
            "view": "views/fields/assigned-user"
        },
        "teams": {
            "type": "linkMultiple",
            "view": "views/fields/teams"
        },
        "droughts": {
            "type": "linkMultiple",
            "layoutDetailDisabled": true,
            "layoutMassUpdateDisabled": true,
            "layoutListDisabled": true,
            "noLoad": true,
            "importDisabled": true,
            "exportDisabled": true,
            "customizationDisabled": true,
            "isCustom": true
        },
        "epidemies": {
            "type": "linkMultiple",
            "layoutDetailDisabled": true,
            "layoutMassUpdateDisabled": true,
            "layoutListDisabled": true,
            "noLoad": true,
            "importDisabled": true,
            "exportDisabled": true,
            "customizationDisabled": true,
            "isCustom": true
        },
        "floods": {
            "type": "linkMultiple",
            "layoutDetailDisabled": true,
            "layoutMassUpdateDisabled": true,
            "layoutListDisabled": true,
            "noLoad": true,
            "importDisabled": true,
            "exportDisabled": true,
            "customizationDisabled": true,
            "isCustom": true
        }
    },
    "links": {
        "createdBy": {
            "type": "belongsTo",
            "entity": "User"
        },
        "modifiedBy": {
            "type": "belongsTo",
            "entity": "User"
        },
        "assignedUser": {
            "type": "belongsTo",
            "entity": "User"
        },
        "teams": {
            "type": "hasMany",
            "entity": "Team",
            "relationName": "entityTeam",
            "layoutRelationshipsDisabled": true
        },
        "droughts": {
            "type": "hasMany",
            "foreign": "hazard",
            "entity": "CDrought",
            "audited": false,
            "isCustom": true
        },
        "epidemies": {
            "type": "hasMany",
            "foreign": "hazard",
            "entity": "CEpidemics",
            "audited": false,
            "isCustom": true
        },
        "floods": {
            "type": "hasMany",
            "foreign": "hazard",
            "entity": "CFlood",
            "audited": false,
            "isCustom": true
        }
    },
    "collection": {
        "orderBy": "createdAt",
        "order": "desc"
    },
    "indexes": {
        "name": {
            "columns": [
                "name",
                "deleted"
            ]
        },
        "assignedUser": {
            "columns": [
                "assignedUserId",
                "deleted"
            ]
        },
        "createdAt": {
            "columns": [
                "createdAt"
            ]
        },
        "createdAtId": {
            "unique": true,
            "columns": [
                "createdAt",
                "id"
            ]
        }
    }
}