{
    "fields": {
        "name": {
            "type": "varchar",
            "required": true,
            "pattern": "$noBadCharacters",
            "options": [],
            "tooltip": true
        },
        "description": {
            "type": "text",
            "tooltip": true
        },
        "createdAt": {
            "type": "datetime",
            "readOnly": true
        },
        "modifiedAt": {
            "type": "datetime",
            "readOnly": true
        },
        "createdBy": {
            "type": "link",
            "readOnly": true,
            "view": "views/fields/user"
        },
        "modifiedBy": {
            "type": "link",
            "readOnly": true,
            "view": "views/fields/user"
        },
        "assignedUser": {
            "type": "link",
            "required": false,
            "view": "views/fields/assigned-user"
        },
        "teams": {
            "type": "linkMultiple",
            "view": "views/fields/teams"
        },
        "stocks": {
            "type": "linkMultiple",
            "layoutDetailDisabled": false,
            "layoutMassUpdateDisabled": false,
            "layoutListDisabled": false,
            "noLoad": false,
            "importDisabled": false,
            "exportDisabled": false,
            "customizationDisabled": false,
            "isCustom": true
        },
        "category": {
            "type": "enum",
            "options": [
                "",
                "category1",
                "category2",
                "category3"
            ],
            "style": {
                "": null,
                "category1": null,
                "category2": null,
                "category3": null
            },
            "maxLength": 100,
            "isCustom": true
        },
        "unitOfMeasure": {
            "type": "text",
            "rowsMin": 2,
            "cutHeight": 200,
            "isCustom": true,
            "tooltip": true
        },
        "unitPrice": {
            "type": "currency",
            "isCustom": true,
            "tooltip": true
        },
        "itemCode": {
            "type": "text",
            "rowsMin": 2,
            "cutHeight": 200,
            "isCustom": true,
            "tooltip": true
        }
    },
    "links": {
        "createdBy": {
            "type": "belongsTo",
            "entity": "User"
        },
        "modifiedBy": {
            "type": "belongsTo",
            "entity": "User"
        },
        "assignedUser": {
            "type": "belongsTo",
            "entity": "User"
        },
        "teams": {
            "type": "hasMany",
            "entity": "Team",
            "relationName": "entityTeam",
            "layoutRelationshipsDisabled": true
        },
        "stocks": {
            "type": "hasMany",
            "foreign": "item",
            "entity": "CStock",
            "audited": false,
            "isCustom": true
        }
    },
    "collection": {
        "orderBy": "name",
        "order": "asc",
        "textFilterFields": [
            "name"
        ],
        "fullTextSearch": false,
        "countDisabled": false
    },
    "indexes": {
        "name": {
            "columns": [
                "name",
                "deleted"
            ]
        },
        "assignedUser": {
            "columns": [
                "assignedUserId",
                "deleted"
            ]
        },
        "createdAt": {
            "columns": [
                "createdAt"
            ]
        },
        "createdAtId": {
            "unique": true,
            "columns": [
                "createdAt",
                "id"
            ]
        }
    },
    "optimisticConcurrencyControl": false
}