{
    "fields": {
        "name": {
            "type": "varchar",
            "required": false,
            "pattern": "$noBadCharacters",
            "options": [],
            "tooltip": true
        },
        "description": {
            "type": "text"
        },
        "createdAt": {
            "type": "datetime",
            "readOnly": true
        },
        "modifiedAt": {
            "type": "datetime",
            "readOnly": true
        },
        "createdBy": {
            "type": "link",
            "readOnly": true,
            "view": "views/fields/user"
        },
        "modifiedBy": {
            "type": "link",
            "readOnly": true,
            "view": "views/fields/user"
        },
        "assignedUser": {
            "type": "link",
            "required": false,
            "view": "views/fields/assigned-user"
        },
        "teams": {
            "type": "linkMultiple",
            "view": "views/fields/teams"
        },
        "town": {
            "type": "varchar",
            "required": false,
            "maxLength": 50,
            "options": [],
            "isCustom": true,
            "tooltip": true
        },
        "locality": {
            "type": "varchar",
            "maxLength": 100,
            "options": [],
            "isCustom": true
        },
        "firstName": {
            "type": "varchar",
            "required": false,
            "maxLength": 50,
            "options": [],
            "isCustom": true,
            "tooltip": true
        },
        "lastName": {
            "type": "varchar",
            "required": false,
            "maxLength": 50,
            "options": [],
            "isCustom": true,
            "tooltip": true
        },
        "age": {
            "type": "int",
            "required": true,
            "min": 0,
            "isCustom": true,
            "tooltip": true
        },
        "status": {
            "type": "enum",
            "required": true,
            "options": [
                "",
                "marie",
                "celibataire",
                "divorce_e",
                "veuf_ve"
            ],
            "style": {
                "": null,
                "marie": null,
                "celibataire": null,
                "divorce_e": null,
                "veuf_ve": null
            },
            "maxLength": 100,
            "isCustom": true,
            "tooltip": true
        },
        "householdSize": {
            "type": "int",
            "required": false,
            "min": 0,
            "isCustom": true,
            "tooltip": true,
            "readOnly": true
        },
        "numberChildrenU5": {
            "type": "int",
            "required": true,
            "min": 0,
            "isCustom": true,
            "tooltip": true
        },
        "numberMales": {
            "type": "int",
            "required": true,
            "min": 0,
            "isCustom": true,
            "tooltip": true
        },
        "numberFemales": {
            "type": "int",
            "required": true,
            "min": 0,
            "isCustom": true,
            "tooltip": true
        },
        "numberPregnants": {
            "type": "int",
            "required": true,
            "min": 0,
            "isCustom": true,
            "tooltip": true
        },
        "deseaseOther": {
            "type": "text",
            "rowsMin": 2,
            "cutHeight": 200,
            "isCustom": true
        },
        "numberDisappeared": {
            "type": "int",
            "required": false,
            "min": 0,
            "isCustom": true,
            "tooltip": true,
            "readOnly": true
        },
        "numberDeaths": {
            "type": "int",
            "required": false,
            "min": 0,
            "isCustom": true,
            "tooltip": true,
            "readOnly": true
        },
        "houseStatus": {
            "type": "enum",
            "required": true,
            "options": [
                "totalement_detruit",
                "partiellement_detruit",
                "bon_etat",
                ""
            ],
            "default": null,
            "style": {
                "totalement_detruit": null,
                "partiellement_detruit": null,
                "bon_etat": null,
                "": null
            },
            "maxLength": 100,
            "isCustom": true,
            "tooltip": true
        },
        "waterPointStatus": {
            "type": "enum",
            "required": true,
            "options": [
                "",
                "totalement_detruit",
                "partiellement_detruit",
                "bon_etat"
            ],
            "style": {
                "": null,
                "totalement_detruit": null,
                "partiellement_detruit": null,
                "bon_etat": null
            },
            "maxLength": 100,
            "isCustom": true,
            "tooltip": true
        },
        "workEquipmentStatus": {
            "type": "enum",
            "required": true,
            "options": [
                "",
                "totalement_detruit",
                "partiellement_detruit",
                "bon_etat"
            ],
            "style": {
                "": null,
                "totalement_detruit": null,
                "partiellement_detruit": null,
                "bon_etat": null
            },
            "maxLength": 100,
            "isCustom": true,
            "tooltip": true
        },
        "statusOtherObservation": {
            "type": "text",
            "rowsMin": 2,
            "cutHeight": 200,
            "isCustom": true
        },
        "latrineStatus": {
            "type": "enum",
            "required": true,
            "options": [
                "",
                "totalement_detruit",
                "partiellement_detruit",
                "bon_etat"
            ],
            "style": {
                "": null,
                "totalement_detruit": null,
                "partiellement_detruit": null,
                "bon_etat": null
            },
            "maxLength": 100,
            "isCustom": true,
            "tooltip": true
        },
        "photoUrl": {
            "type": "url",
            "isCustom": true,
            "copyToClipboard": true
        },
        "cultureStatus": {
            "type": "enum",
            "required": true,
            "options": [
                "",
                "totalement_detruit",
                "partiellement_detruit",
                "bon_etat"
            ],
            "style": {
                "": null,
                "totalement_detruit": null,
                "partiellement_detruit": null,
                "bon_etat": null
            },
            "maxLength": 100,
            "isCustom": true,
            "tooltip": true
        },
        "breedingStatus": {
            "type": "enum",
            "required": true,
            "options": [
                "",
                "totalement_detruit",
                "partiellement_detruit",
                "bon_etat"
            ],
            "style": {
                "": null,
                "totalement_detruit": null,
                "partiellement_detruit": null,
                "bon_etat": null
            },
            "maxLength": 100,
            "isCustom": true,
            "tooltip": true
        },
        "date": {
            "notNull": false,
            "type": "date",
            "required": true,
            "isCustom": true,
            "tooltip": true
        },
        "enumerator": {
            "type": "text",
            "rowsMin": 2,
            "cutHeight": 200,
            "isCustom": true,
            "required": true,
            "tooltip": true
        },
        "flood": {
            "type": "link"
        },
        "photo": {
            "type": "image",
            "previewSize": "small",
            "isCustom": true
        },
        "drought": {
            "type": "link"
        },
        "epidemics": {
            "type": "link"
        },
        "cercles": {
            "type": "linkMultiple",
            "layoutDetailDisabled": false,
            "layoutMassUpdateDisabled": false,
            "layoutListDisabled": false,
            "noLoad": false,
            "importDisabled": false,
            "exportDisabled": false,
            "customizationDisabled": false,
            "isCustom": true,
            "tooltip": true,
            "required": true
        },
        "communes": {
            "type": "linkMultiple",
            "layoutDetailDisabled": false,
            "layoutMassUpdateDisabled": false,
            "layoutListDisabled": false,
            "noLoad": false,
            "importDisabled": false,
            "exportDisabled": false,
            "customizationDisabled": false,
            "isCustom": true,
            "required": true,
            "tooltip": true
        },
        "regions": {
            "type": "linkMultiple",
            "layoutDetailDisabled": false,
            "layoutMassUpdateDisabled": false,
            "layoutListDisabled": false,
            "noLoad": false,
            "importDisabled": false,
            "exportDisabled": false,
            "customizationDisabled": false,
            "isCustom": true,
            "tooltip": true,
            "required": true
        },
        "neighborhood": {
            "type": "varchar",
            "maxLength": 100,
            "options": [],
            "tooltip": true,
            "isCustom": true
        },
        "profession": {
            "type": "varchar",
            "maxLength": 100,
            "options": [],
            "tooltip": true,
            "isCustom": true
        },
        "phoneNumber": {
            "notNull": false,
            "type": "float",
            "tooltip": true,
            "isCustom": true
        },
        "branch": {
            "type": "link",
            "required": true,
            "tooltip": true
        },
        "personnesHandicapes": {
            "type": "int",
            "required": false,
            "tooltip": true,
            "isCustom": true
        },
        "personnesAges": {
            "notNull": false,
            "type": "float",
            "required": true,
            "tooltip": true,
            "isCustom": true
        },
        "nombreDeFemmesDisparus": {
            "type": "int",
            "required": true,
            "tooltip": true,
            "isCustom": true
        },
        "nombreDeHommesDisparus": {
            "type": "int",
            "required": true,
            "tooltip": true,
            "isCustom": true
        },
        "nombreDpouse": {
            "type": "int",
            "required": true,
            "tooltip": true,
            "isCustom": true
        },
        "femmesMortes": {
            "type": "int",
            "required": true,
            "tooltip": true,
            "isCustom": true
        },
        "hommesMorts": {
            "type": "int",
            "required": true,
            "tooltip": true,
            "isCustom": true
        },
        "maladie": {
            "type": "multiEnum",
            "storeArrayValues": true,
            "default": [],
            "options": [
                "Aucune",
                "Diarrhée",
                "Diphtérie",
                "Fièvre",
                "Hépatite",
                "Paludisme",
                "Pneumonie",
                "Rougeole",
                "Tétanos",
                "Tuberculose",
                "Autre"
            ],
            "style": {
                "Aucune": null,
                "Diarrhée": null,
                "Diphtérie": null,
                "Fièvre": null,
                "Hépatite": null,
                "Paludisme": null,
                "Pneumonie": null,
                "Rougeole": null,
                "Tétanos": null,
                "Tuberculose": null,
                "Autre": null
            },
            "tooltip": true,
            "isCustom": true
        },
        "prciserUneAutreMaladie": {
            "type": "text",
            "rowsMin": 2,
            "cutHeight": 200,
            "tooltip": true,
            "isCustom": true
        },
        "besoinUrgent": {
            "type": "text",
            "rowsMin": 2,
            "cutHeight": 200,
            "tooltip": true,
            "isCustom": true
        },
        "personnesAffectes": {
            "type": "int",
            "required": true,
            "tooltip": true,
            "isCustom": true
        },
        "typeDaffectation": {
            "type": "text",
            "rowsMin": 2,
            "cutHeight": 200,
            "tooltip": true,
            "isCustom": true
        },
        "numroDeTlphoneEnCasDurgence": {
            "type": "int",
            "tooltip": true,
            "isCustom": true
        },
        "connexionChefDeMnage": {
            "type": "varchar",
            "maxLength": 100,
            "options": [],
            "tooltip": true,
            "isCustom": true
        },
        "nameNeedsAssessment": {
            "type": "varchar",
            "maxLength": 100,
            "options": [],
            "isCustom": true
        },
        "rapportEvaluationRapide": {
            "type": "link"
        }
    },
    "links": {
        "createdBy": {
            "type": "belongsTo",
            "entity": "User"
        },
        "modifiedBy": {
            "type": "belongsTo",
            "entity": "User"
        },
        "assignedUser": {
            "type": "belongsTo",
            "entity": "User"
        },
        "teams": {
            "type": "hasMany",
            "entity": "Team",
            "relationName": "entityTeam",
            "layoutRelationshipsDisabled": true
        },
        "flood": {
            "type": "belongsTo",
            "foreign": "needsAssessments",
            "entity": "CFlood",
            "audited": false,
            "isCustom": true
        },
        "photo": {
            "type": "belongsTo",
            "entity": "Attachment",
            "skipOrmDefs": true,
            "utility": true
        },
        "drought": {
            "type": "belongsTo",
            "foreign": "needsAssessments",
            "entity": "CDrought",
            "audited": false,
            "isCustom": true
        },
        "epidemics": {
            "type": "belongsTo",
            "foreign": "needsAssessments",
            "entity": "CEpidemics",
            "audited": false,
            "isCustom": true
        },
        "cercles": {
            "type": "hasMany",
            "relationName": "cNeedsAssessmentCercles",
            "foreign": "needsAssessments",
            "entity": "CCercles",
            "audited": false,
            "isCustom": true
        },
        "communes": {
            "type": "hasMany",
            "relationName": "cNeedsAssessmentCommunes",
            "foreign": "needsAssessments",
            "entity": "CCommunes",
            "audited": false,
            "isCustom": true
        },
        "regions": {
            "type": "hasMany",
            "relationName": "cNeedsAssessmentRegion",
            "foreign": "needsAssessments",
            "entity": "CRegion",
            "audited": false,
            "isCustom": true
        },
        "branch": {
            "type": "belongsTo",
            "foreign": "needsAssessments",
            "entity": "CBranch",
            "audited": false,
            "isCustom": true
        },
        "rapportEvaluationRapide": {
            "type": "belongsTo",
            "foreign": "needsAssessments",
            "entity": "CRapportEvaluationRapide",
            "audited": false,
            "isCustom": true
        }
    },
    "collection": {
        "orderBy": "createdAt",
        "order": "desc"
    },
    "indexes": {
        "name": {
            "columns": [
                "name",
                "deleted"
            ]
        },
        "assignedUser": {
            "columns": [
                "assignedUserId",
                "deleted"
            ]
        },
        "createdAt": {
            "columns": [
                "createdAt"
            ]
        },
        "createdAtId": {
            "unique": true,
            "columns": [
                "createdAt",
                "id"
            ]
        }
    }
}