{
    "fields": {
        "name": {
            "type": "varchar",
            "required": false,
            "pattern": "$noBadCharacters",
            "readOnly": true,
            "options": []
        },
        "description": {
            "type": "text"
        },
        "createdAt": {
            "type": "datetime",
            "readOnly": true
        },
        "modifiedAt": {
            "type": "datetime",
            "readOnly": true
        },
        "createdBy": {
            "type": "link",
            "readOnly": true,
            "view": "views/fields/user"
        },
        "modifiedBy": {
            "type": "link",
            "readOnly": true,
            "view": "views/fields/user"
        },
        "assignedUser": {
            "type": "link",
            "required": false,
            "view": "views/fields/assigned-user"
        },
        "teams": {
            "type": "linkMultiple",
            "view": "views/fields/teams"
        },
        "needsAssessments": {
            "type": "linkMultiple",
            "layoutDetailDisabled": true,
            "layoutMassUpdateDisabled": true,
            "layoutListDisabled": true,
            "noLoad": true,
            "importDisabled": true,
            "exportDisabled": true,
            "customizationDisabled": true,
            "isCustom": true
        },
        "flood": {
            "type": "linkOne"
        },
        "drought": {
            "type": "linkOne"
        },
        "epidemics": {
            "type": "linkOne"
        },
        "rapport": {
            "type": "file",
            "sourceList": [],
            "accept": [],
            "isCustom": true
        },
        "personnesAffectes": {
            "type": "int",
            "isCustom": true
        },
        "nombreDhommes": {
            "type": "int",
            "isCustom": true
        },
        "nombreDeFemmes": {
            "type": "int",
            "isCustom": true
        },
        "nombreDenfantsDeMoinsDe5Ans": {
            "type": "int",
            "isCustom": true
        },
        "personnesHandicapes": {
            "type": "int",
            "isCustom": true
        },
        "personnesGes60Ans": {
            "type": "int",
            "isCustom": true
        },
        "nombreDeFemmesEnceintes": {
            "type": "int",
            "isCustom": true
        },
        "nombreDeDcs": {
            "type": "int",
            "isCustom": true
        },
        "femmesMortes": {
            "type": "int",
            "isCustom": true
        },
        "hommesMorts": {
            "type": "int",
            "isCustom": true
        },
        "nombreDePersonnesDisparues": {
            "type": "int",
            "isCustom": true
        },
        "femmesDisparues": {
            "type": "int",
            "isCustom": true
        },
        "hommesDisparus": {
            "type": "int",
            "isCustom": true
        },
        "personnesEvaluees": {
            "type": "int",
            "isCustom": true
        },
        "dateDeRapport": {
            "notNull": false,
            "type": "date",
            "isCustom": true
        }
    },
    "links": {
        "createdBy": {
            "type": "belongsTo",
            "entity": "User"
        },
        "modifiedBy": {
            "type": "belongsTo",
            "entity": "User"
        },
        "assignedUser": {
            "type": "belongsTo",
            "entity": "User"
        },
        "teams": {
            "type": "hasMany",
            "entity": "Team",
            "relationName": "entityTeam",
            "layoutRelationshipsDisabled": true
        },
        "needsAssessments": {
            "type": "hasMany",
            "foreign": "rapportEvaluationRapide",
            "entity": "CNeedsAssessment",
            "audited": false,
            "isCustom": true
        },
        "flood": {
            "type": "hasOne",
            "foreign": "rapportEvaluationRapide",
            "entity": "CFlood",
            "isCustom": true
        },
        "drought": {
            "type": "hasOne",
            "foreign": "rapportEvaluationRapide",
            "entity": "CDrought",
            "isCustom": true
        },
        "epidemics": {
            "type": "hasOne",
            "foreign": "rapportEvaluationRapide",
            "entity": "CEpidemics",
            "isCustom": true
        },
        "rapport": {
            "type": "belongsTo",
            "entity": "Attachment",
            "skipOrmDefs": true,
            "utility": true
        }
    },
    "collection": {
        "orderBy": "createdAt",
        "order": "desc",
        "textFilterFields": [
            "name"
        ],
        "fullTextSearch": false,
        "countDisabled": false
    },
    "indexes": {
        "name": {
            "columns": [
                "name",
                "deleted"
            ]
        },
        "assignedUser": {
            "columns": [
                "assignedUserId",
                "deleted"
            ]
        },
        "createdAt": {
            "columns": [
                "createdAt"
            ]
        },
        "createdAtId": {
            "unique": true,
            "columns": [
                "createdAt",
                "id"
            ]
        }
    },
    "optimisticConcurrencyControl": false
}