{
    "fields": {
        "name": {
            "type": "varchar",
            "required": true,
            "pattern": "$noBadCharacters",
            "options": [],
            "tooltip": true
        },
        "description": {
            "type": "text"
        },
        "createdAt": {
            "type": "datetime",
            "readOnly": true
        },
        "modifiedAt": {
            "type": "datetime",
            "readOnly": true
        },
        "createdBy": {
            "type": "link",
            "readOnly": true,
            "view": "views/fields/user"
        },
        "modifiedBy": {
            "type": "link",
            "readOnly": true,
            "view": "views/fields/user"
        },
        "assignedUser": {
            "type": "link",
            "required": false,
            "view": "views/fields/assigned-user",
            "tooltip": true
        },
        "teams": {
            "type": "linkMultiple",
            "view": "views/fields/teams"
        },
        "stocks": {
            "type": "linkMultiple",
            "layoutDetailDisabled": false,
            "layoutMassUpdateDisabled": false,
            "layoutListDisabled": false,
            "noLoad": false,
            "importDisabled": false,
            "exportDisabled": false,
            "customizationDisabled": true,
            "isCustom": true
        },
        "hostBranch": {
            "type": "linkParent",
            "entityList": [
                "CBranch"
            ],
            "tooltip": true
        },
        "branchesServed": {
            "type": "linkMultiple",
            "layoutDetailDisabled": false,
            "layoutMassUpdateDisabled": false,
            "layoutListDisabled": false,
            "noLoad": false,
            "importDisabled": false,
            "exportDisabled": false,
            "customizationDisabled": false,
            "isCustom": true,
            "tooltip": true
        }
    },
    "links": {
        "createdBy": {
            "type": "belongsTo",
            "entity": "User"
        },
        "modifiedBy": {
            "type": "belongsTo",
            "entity": "User"
        },
        "assignedUser": {
            "type": "belongsTo",
            "entity": "User"
        },
        "teams": {
            "type": "hasMany",
            "entity": "Team",
            "relationName": "entityTeam",
            "layoutRelationshipsDisabled": true
        },
        "stocks": {
            "type": "hasMany",
            "foreign": "warehouse",
            "entity": "CStock",
            "audited": false,
            "isCustom": true
        },
        "hostBranch": {
            "type": "belongsToParent",
            "foreign": "cWarehouses",
            "isCustom": true
        },
        "branchesServed": {
            "type": "hasMany",
            "relationName": "cWarehouseBranch",
            "foreign": "warehouses",
            "entity": "CBranch",
            "audited": false,
            "isCustom": true
        }
    },
    "collection": {
        "orderBy": "createdAt",
        "order": "desc"
    },
    "indexes": {
        "name": {
            "columns": [
                "name",
                "deleted"
            ]
        },
        "assignedUser": {
            "columns": [
                "assignedUserId",
                "deleted"
            ]
        },
        "createdAt": {
            "columns": [
                "createdAt"
            ]
        },
        "createdAtId": {
            "unique": true,
            "columns": [
                "createdAt",
                "id"
            ]
        }
    }
}