adm1_name;adm1_pcode;adm2_name;adm2_pcode;adm3_name;adm3_pcode;PCODE;date_recorded;data_source;Data_quality_score;people_dead;people_injured;house_destroyed;house_damaged;household_displaced
Wajir;KE008;Tarbaj;KE008035;Wargadud;KE0080350175;KE0080350175;06-05-2018;eoc;5;0;50;27;0;6500
Mandera;KE009;Mandera South;KE009042;Wargadud;KE0090420206;KE0090420206;06-05-2018;eoc;5;0;50;27;0;6500
Wajir;KE008;Tarbaj;KE008035;Wargadud;KE0080350175;KE0080350175;06-05-2018;eoc;5;0;50;27;0;6500
Wajir;KE008;Eldas;KE008037;Basir Elnur;KE0080370183;KE0080370183;28-10-2006;disinventer;5;0;0;0;0;0
Wajir;KE008;Eldas;KE008037;Basir Elnur;KE0080370183;KE0080370183;28-10-2006;disinventer;5;0;0;0;0;0
Wajir;KE008;Eldas;KE008037;Basir Elnur;KE0080370183;KE0080370183;28-10-2006;disinventer;5;0;0;0;0;0
Wajir;KE008;Eldas;KE008037;Basir Elnur;KE0080370183;KE0080370183;28-10-2006;disinventer;5;0;0;0;0;0
Wajir;KE008;Eldas;KE008037;Basir Elnur;KE0080370183;KE0080370183;28-10-2006;disinventer;5;0;0;0;0;0
Wajir;KE008;Eldas;KE008037;Basir Elnur;KE0080370183;KE0080370183;28-10-2006;disinventer;5;0;0;0;0;0
Wajir;KE008;Eldas;KE008037;Basir Elnur;KE0080370183;KE0080370183;28-10-2006;disinventer;5;0;0;0;0;0
Wajir;KE008;Eldas;KE008037;Basir Elnur;KE0080370183;KE0080370183;28-10-2006;disinventer;5;0;0;0;0;0
Wajir;KE008;Eldas;KE008037;Basir Elnur;KE0080370183;KE0080370183;28-10-2006;disinventer;5;0;0;0;0;0
Wajir;KE008;Eldas;KE008037;Basir Elnur;KE0080370183;KE0080370183;28-10-2006;disinventer;5;0;0;0;0;0
Wajir;KE008;Eldas;KE008037;Basir Elnur;KE0080370183;KE0080370183;28-10-2006;disinventer;5;0;0;0;0;0
Wajir;KE008;Eldas;KE008037;Basir Elnur;KE0080370183;KE0080370183;28-10-2006;disinventer;5;0;0;0;0;0
Wajir;KE008;Eldas;KE008037;Basir Elnur;KE0080370183;KE0080370183;28-10-2006;disinventer;5;0;0;0;0;0
Wajir;KE008;Eldas;KE008037;Basir Elnur;KE0080370183;KE0080370183;28-10-2006;disinventer;5;0;0;0;0;0
Wajir;KE008;Eldas;KE008037;Basir Elnur;KE0080370183;KE0080370183;28-10-2006;disinventer;5;0;0;0;0;0
Kilifi;KE003;Magarini;KE003017;Magarini Ward;KE0030170081;KE0030170081;06-01-2010;disinventer;6;0;0;0;0;0
Kilifi;KE003;Magarini;KE003017;Magarini Ward;KE0030170081;KE0030170081;06-01-2010;disinventer;6;0;0;0;0;0
Laikipia;KE031;Laikipa West;KE031163;Rumuruti;KE0311630812;KE0311630812;04-01-2010;disinventer;5;1;0;0;0;0
Nakuru;KE032;Naivasha;KE032168;Maai Mahiu;KE0321680839;KE0321680839;13-03-2018;eoc;0;0;2;0;0;0
Nakuru;KE032;Naivasha;KE032168;Maai Mahiu;KE0321680839;KE0321680839;13-03-2018;eoc;0;0;2;0;0;0
Kisumu;KE042;Nyando;KE042242;East Kano;KE0422421206;KE0422421206;15-01-2013;dref;1;0;0;0;0;0
Wajir;KE008;Wajir North;KE008033;Korondille;KE0080330163;KE0080330163;28-10-2006;disinventer;5;0;0;0;0;0
Wajir;KE008;Wajir North;KE008033;Korondille;KE0080330163;KE0080330163;28-10-2006;disinventer;5;0;0;0;0;0
Wajir;KE008;Wajir West;KE008036;Hadado;KE0080360177;KE0080360177;28-10-2006;disinventer;5;0;0;0;0;0
Wajir;KE008;Wajir West;KE008036;Hadado;KE0080360177;KE0080360177;25-11-2008;dref;5;0;0;0;0;0
Wajir;KE008;Wajir North;KE008033;Korondille;KE0080330163;KE0080330163;28-10-2006;disinventer;5;0;0;0;0;0
Wajir;KE008;Wajir North;KE008033;Korondille;KE0080330163;KE0080330163;28-10-2006;disinventer;5;0;0;0;0;0
Wajir;KE008;Wajir West;KE008036;Hadado;KE0080360177;KE0080360177;28-10-2006;disinventer;5;0;0;0;0;0
Wajir;KE008;Wajir West;KE008036;Hadado;KE0080360177;KE0080360177;28-10-2006;disinventer;5;0;0;0;0;0
Bungoma;KE039;Kabuchai;KE039218;Kabuchai;KE0392181085;KE0392181085;14-05-2018;eoc;5;0;1;0;0;0
Kiambu;KE022;Kikuyu;KE022120;Kikuyu;KE0221200599;KE0221200599;12-11-2015;disinventer;5;0;0;0;0;0
Meru;KE012;Igembe South;KE012051;Maua;KE0120510251;KE0120510251;14-05-2010;dref;1;2;0;0;0;0
Meru;KE012;Igembe South;KE012051;Maua;KE0120510251;KE0120510251;14-11-2015;eoc;1;0;0;0;0;0
Meru;KE012;Igembe South;KE012051;Maua;KE0120510251;KE0120510251;14-05-2010;dref;1;2;0;0;0;0
Meru;KE012;Igembe South;KE012051;Maua;KE0120510251;KE0120510251;14-11-2015;eoc;1;0;0;0;0;0
Marsabit;KE010;Laisamis;KE010048;Kargi;KE0100480237;KE0100480237;19-04-2017;eoc;5;0;0;0;45;0
Marsabit;KE010;Laisamis;KE010048;Kargi;KE0100480237;KE0100480237;09-03-2019;eoc;5;0;43;0;0;0
Nairobi;KE047;Kasarani;KE047280;Ruai;KE0472801400;KE0472801400;05-05-2012;eoc;5;0;0;0;0;0
Nairobi;KE047;Kasarani;KE047280;Ruai;KE0472801400;KE0472801400;25-03-2014;eoc;5;2;0;0;0;0
Nairobi;KE047;Kasarani;KE047280;Ruai;KE0472801400;KE0472801400;18-11-2015;eoc;5;0;0;0;0;60
Nairobi;KE047;Kasarani;KE047280;Ruai;KE0472801400;KE0472801400;05-05-2012;eoc;5;0;0;0;0;0
Nairobi;KE047;Kasarani;KE047280;Ruai;KE0472801400;KE0472801400;25-03-2014;eoc;5;2;0;0;0;0
Nairobi;KE047;Kasarani;KE047280;Ruai;KE0472801400;KE0472801400;18-11-2015;eoc;5;0;0;0;0;60
Kisumu;KE042;Muhoroni;KE042243;Ombeyi;KE0422431212;KE0422431212;15-01-2013;dref;5;0;0;0;0;62
Kisumu;KE042;Muhoroni;KE042243;Ombeyi;KE0422431212;KE0422431212;07-05-2013;eoc;5;0;0;0;0;0
Kisumu;KE042;Muhoroni;KE042243;Ombeyi;KE0422431212;KE0422431212;09-05-2013;eoc;5;0;0;0;0;0
Kakamega;KE037;Matungu;KE037206;Mayoni;KE0372061030;KE0372061030;09-05-2013;eoc;5;0;0;0;0;0
Kakamega;KE037;Matungu;KE037206;Mayoni;KE0372061030;KE0372061030;09-05-2013;eoc;5;0;0;0;0;0
Bungoma;KE039;Kanduyi;KE039220;Khalaba;KE0392201099;KE0392201099;13-05-2018;eoc;5;1;9;0;0;0
Kakamega;KE037;Matungu;KE037206;Khalaba;KE0372061029;KE0372061029;13-05-2018;eoc;5;1;9;0;0;0
Bungoma;KE039;Kanduyi;KE039220;Khalaba;KE0392201099;KE0392201099;13-05-2018;eoc;5;1;9;0;0;0
Kakamega;KE037;Matungu;KE037206;Khalaba;KE0372061029;KE0372061029;13-05-2018;eoc;5;1;9;0;0;0
Kilifi;KE003;Magarini;KE003017;Adu;KE0030170083;KE0030170083;01-05-2006;eoc;7;0;0;25;0;48
Kilifi;KE003;Magarini;KE003017;Adu;KE0030170083;KE0030170083;01-11-2009;disinventer;5;4;0;466;0;0
Kisumu;KE042;Muhoroni;KE042243;Chemilil;KE0422431214;KE0422431214;15-01-2013;dref;5;0;0;0;0;45
Kisumu;KE042;Muhoroni;KE042243;Chemilil;KE0422431214;KE0422431214;18-04-2015;eoc;5;1;0;0;0;0
Kakamega;KE037;Lugari;KE037199;Lugari;KE0371990992;KE0371990992;11-06-2012;dref;5;0;0;0;0;245
Nairobi;KE047;Embakasi East;KE047285;Embakasi;KE0472851423;KE0472851423;12-05-2002;dref;5;0;0;0;0;0
Nairobi;KE047;Embakasi East;KE047285;Embakasi;KE0472851423;KE0472851423;18-10-2014;eoc;5;0;0;0;0;0
Nairobi;KE047;Roysambu;KE047279;Roysambu;KE0472791394;KE0472791394;06-06-2015;eoc;5;0;0;0;0;0
Nairobi;KE047;Embakasi East;KE047285;Embakasi;KE0472851423;KE0472851423;12-05-2002;dref;5;0;0;0;0;0
Nairobi;KE047;Embakasi East;KE047285;Embakasi;KE0472851423;KE0472851423;18-10-2014;eoc;5;0;0;0;0;0
Nairobi;KE047;Roysambu;KE047279;Roysambu;KE0472791394;KE0472791394;06-06-2015;eoc;5;0;0;0;0;0
Murang'a;KE021;Kiharu;KE021106;Gathiru;KE0211060527;KE0211060527;10-11-2015;eoc;7;0;0;0;0;1
Murang'a;KE021;Kiharu;KE021106;Gathiru;KE0211060527;KE0211060527;10-11-2015;eoc;7;0;0;0;0;1
Kitui;KE015;Mwingi West;KE015068;Migwani;KE0150680338;KE0150680338;14-01-2007;dref;5;0;0;0;0;300
Nakuru;KE032;Rongai;KE032173;Solai;KE0321730864;KE0321730864;13-05-2018;eoc;5;45;0;0;0;500
Nakuru;KE032;Rongai;KE032173;Solai;KE0321730864;KE0321730864;13-05-2018;eoc;5;45;0;0;0;500
Makueni;KE017;Mbooni;KE017083;Mbooni;KE0170830412;KE0170830412;24-11-2015;disinventer;5;1;0;0;2;0
Murang'a;KE021;Kangema;KE021104;Mukaria;KE0211040517;KE0211040517;08-05-2016;disinventer;5;0;0;0;0;3
Murang'a;KE021;Kangema;KE021104;Mukaria;KE0211040517;KE0211040517;08-05-2016;eoc;5;0;0;0;0;0
Narok;KE033;Narok West;KE033182;Naikarra;KE0331820910;KE0331820910;04-03-2013;disinventer;5;1;1;0;0;0
Narok;KE033;Narok West;KE033182;Naikarra;KE0331820910;KE0331820910;04-03-2013;disinventer;5;1;1;0;0;0
Kilifi;KE003;Ganze;KE003015;Ganze;KE0030150071;KE0030150071;08-11-2006;dref;5;5;0;25;0;100
Kilifi;KE003;Ganze;KE003015;Ganze;KE0030150071;KE0030150071;08-05-2017;eoc;5;0;0;0;0;5
Kilifi;KE003;Ganze;KE003015;Ganze;KE0030150071;KE0030150071;01-05-2006;dref;7;0;0;25;0;48
Kilifi;KE003;Ganze;KE003015;Ganze;KE0030150071;KE0030150071;08-05-2017;eoc;5;0;0;0;0;5
Meru;KE012;Buuri;KE012057;Timau;KE0120570281;KE0120570281;25-04-2010;dref;5;0;0;10;20;10
Meru;KE012;Buuri;KE012057;Timau;KE0120570281;KE0120570281;01-05-2017;eoc;5;0;0;0;0;0
Meru;KE012;Buuri;KE012057;Timau;KE0120570281;KE0120570281;01-05-2017;eoc;5;0;0;0;0;0
Kisumu;KE042;Muhoroni;KE042243;Miwani;KE0422431211;KE0422431211;26-05-2006;dref;5;0;0;0;0;0
Kisumu;KE042;Muhoroni;KE042243;Miwani;KE0422431211;KE0422431211;04-11-2009;dref;5;0;0;0;0;0
Baringo;KE030;Mogotio;KE030161;Mogotio;KE0301610802;KE0301610802;25-03-2010;dref;5;0;0;0;0;0
Baringo;KE030;Mogotio;KE030161;Mogotio;KE0301610802;KE0301610802;15-10-2015;disinventer;5;0;0;0;0;0
Kakamega;KE037;Matungu;KE037206;Namamali;KE0372061031;KE0372061031;20-05-2018;eoc;5;1;0;0;20;0
Kilifi;KE003;Malindi;KE003016;Kakuyuni;KE0030160076;KE0030160076;17-03-2018;disinventer;5;3;0;0;0;3000
Mandera;KE009;Mandera West;KE009039;Takaba;KE0090390192;KE0090390192;19-04-2017;eoc;5;1;0;0;0;0
Mandera;KE009;Mandera West;KE009039;Takaba;KE0090390192;KE0090390192;16-04-2018;eoc;5;0;0;0;0;0
Kiambu;KE022;Lari;KE022122;Nyanduma;KE0221220608;KE0221220608;09-05-2012;disinventer;5;0;0;0;0;0
Kitui;KE015;Kitui South;KE015074;Mutomo;KE0150740366;KE0150740366;01-01-2010;disinventer;5;0;0;0;0;6
Kitui;KE015;Kitui Rural;KE015071;Kisasi;KE0150710350;KE0150710350;27-04-2019;eoc;5;2;0;0;0;0
Kitui;KE015;Kitui South;KE015074;Mutomo;KE0150740366;KE0150740366;27-04-2019;eoc;5;2;0;0;0;0
Makueni;KE017;Kibwezi West;KE017087;Makindu;KE0170870431;KE0170870431;20-03-2013;eoc;7;0;0;0;0;0
Makueni;KE017;Kibwezi West;KE017087;Makindu;KE0170870431;KE0170870431;20-03-2013;eoc;7;0;0;0;0;0
Turkana;KE023;Turkana East;KE023128;Katilia;KE0231280639;KE0231280639;01-07-2010;disinventer;5;0;0;580;0;0
Makueni;KE017;Kibwezi West;KE017087;Makindu;KE0170870431;KE0170870431;10-03-2019;dref;5;0;0;0;0;0
Turkana;KE023;Turkana South;KE023127;Katilu;KE0231270634;KE0231270634;04-10-2008;wra;5;17;0;0;0;0
Turkana;KE023;Turkana South;KE023127;Katilu;KE0231270634;KE0231270634;05-11-2015;disinventer;5;0;0;0;0;0
Turkana;KE023;Turkana South;KE023127;Katilu;KE0231270634;KE0231270634;05-09-2017;eoc;5;0;0;0;0;0
Turkana;KE023;Turkana West;KE023124;Kalobeyei;KE0231240621;KE0231240621;15-04-2018;eoc;5;0;4;0;0;0
Turkana;KE023;Turkana South;KE023127;Katilu;KE0231270634;KE0231270634;04-10-2008;wra;5;17;0;0;0;0
Turkana;KE023;Turkana South;KE023127;Katilu;KE0231270634;KE0231270634;05-11-2015;disinventer;5;0;0;0;0;0
Turkana;KE023;Turkana South;KE023127;Katilu;KE0231270634;KE0231270634;05-09-2017;eoc;5;0;0;0;0;0
Turkana;KE023;Turkana West;KE023124;Kalobeyei;KE0231240621;KE0231240621;15-04-2018;eoc;5;0;4;0;0;0
Kisumu;KE042;Nyando;KE042242;Ahero;KE0422421208;KE0422421208;23-04-2018;eoc;5;0;0;0;0;0
Kirinyaga;KE020;Ndia;KE020102;Mukure;KE0201020509;KE0201020509;16-05-2018;eoc;5;0;0;0;0;0
Kilifi;KE003;Magarini;KE003017;Sabaki;KE0030170085;KE0030170085;17-03-2018;disinventer;5;3;0;0;0;3000
Marsabit;KE010;North Horr;KE010046;Maikona;KE0100460229;KE0100460229;17-04-2015;eoc;5;0;0;0;0;0
Marsabit;KE010;North Horr;KE010046;Maikona;KE0100460229;KE0100460229;17-04-2015;eoc;5;0;0;0;0;0
Bungoma;KE039;Mt Elgon;KE039216;Chesikaki ;KE0392161077;KE0392161077;10-11-2015;eoc;5;5;0;0;0;0
Bungoma;KE039;Bumula;KE039219;Bumula;KE0392191090;KE0392191090;08-05-2016;eoc;5;0;0;7;0;0
Bungoma;KE039;Bumula;KE039219;Bumula;KE0392191090;KE0392191090;19-03-2018;eoc;0;0;0;0;0;0
Bungoma;KE039;Tongaren;KE039224;Tongaren;KE0392241119;KE0392241119;21-03-2018;eoc;5;0;0;0;0;0
Turkana;KE023;Loima;KE023126;Turkwel;KE0231260630;KE0231260630;05-11-2015;disinventer;5;0;0;0;0;0
Turkana;KE023;Loima;KE023126;Turkwel;KE0231260630;KE0231260630;05-11-2015;disinventer;5;0;0;0;0;0
Kitui;KE015;Kitui Rural;KE015071;Mbitini;KE0150710351;KE0150710351;16-05-2015;wra;5;0;0;5;0;0
Makueni;KE017;Makueni;KE017086;Mbitini;KE0170860430;KE0170860430;16-05-2015;wra;5;0;0;5;0;0
Kitui;KE015;Kitui Rural;KE015071;Mbitini;KE0150710351;KE0150710351;16-05-2015;wra;5;0;0;5;0;0
Makueni;KE017;Makueni;KE017086;Mbitini;KE0170860430;KE0170860430;16-05-2015;wra;5;0;0;5;0;0
Baringo;KE030;Baringo South;KE030160;Marigat;KE0301600798;KE0301600798;15-11-2015;disinventer;5;1;0;0;0;0
Mombasa;KE001;Jomvu;KE001002;Mikindani;KE0010020008;KE0010020008;13-11-2014;eoc;5;0;0;0;0;0
Mombasa;KE001;Jomvu;KE001002;Mikindani;KE0010020008;KE0010020008;13-11-2014;eoc;5;0;0;0;0;0
Baringo;KE030;Baringo South;KE030160;Marigat;KE0301600798;KE0301600798;21-12-2002;wra;5;6;0;0;0;0
Baringo;KE030;Baringo South;KE030160;Marigat;KE0301600798;KE0301600798;27-06-2003;dref;5;0;0;355;0;0
Baringo;KE030;Baringo South;KE030160;Marigat;KE0301600798;KE0301600798;04-11-2009;dref;1;0;0;0;0;0
Baringo;KE030;Baringo South;KE030160;Marigat;KE0301600798;KE0301600798;10-01-2010;disinventer;5;0;0;67;0;0
Baringo;KE030;Baringo South;KE030160;Marigat;KE0301600798;KE0301600798;10-01-2010;disinventer;5;0;0;23;0;0
Baringo;KE030;Baringo South;KE030160;Marigat;KE0301600798;KE0301600798;30-08-2010;dref;5;1;0;0;11;23
Baringo;KE030;Baringo South;KE030160;Marigat;KE0301600798;KE0301600798;11-06-2012;dref;0;1;0;0;0;0
Baringo;KE030;Baringo South;KE030160;Marigat;KE0301600798;KE0301600798;11-06-2012;dref;0;0;0;0;0;305
Baringo;KE030;Baringo South;KE030160;Marigat;KE0301600798;KE0301600798;05-09-2012;wra;5;2;0;0;1;46
Baringo;KE030;Baringo South;KE030160;Marigat;KE0301600798;KE0301600798;08-04-2013;dref;1;0;0;0;0;0
Baringo;KE030;Baringo South;KE030160;Marigat;KE0301600798;KE0301600798;21-04-2016;eoc;0;0;0;0;0;0
Baringo;KE030;Baringo South;KE030160;Marigat;KE0301600798;KE0301600798;06-05-2016;wra;0;0;0;0;0;0
Baringo;KE030;Baringo South;KE030160;Marigat;KE0301600798;KE0301600798;08-05-2016;eoc;7;4;0;0;0;100
Baringo;KE030;Baringo South;KE030160;Marigat;KE0301600798;KE0301600798;10-04-2018;eoc;0;0;0;0;0;0
Kitui;KE015;Kitui Rural;KE015071;Mbitini;KE0150710351;KE0150710351;22-04-2015;eoc;5;0;0;0;0;200
Makueni;KE017;Makueni;KE017086;Mbitini;KE0170860430;KE0170860430;22-04-2015;eoc;5;0;0;0;0;200
Kitui;KE015;Kitui Rural;KE015071;Mbitini;KE0150710351;KE0150710351;22-04-2015;eoc;5;0;0;0;0;200
Makueni;KE017;Makueni;KE017086;Mbitini;KE0170860430;KE0170860430;22-04-2015;eoc;5;0;0;0;0;200
Mombasa;KE001;Jomvu;KE001002;Mikindani;KE0010020008;KE0010020008;02-11-2014;eoc;5;0;0;15;0;0
Mombasa;KE001;Changamwe;KE001001;Kipevu;KE0010010002;KE0010010002;16-11-2015;eoc;5;0;1;0;0;0
Mombasa;KE001;Jomvu;KE001002;Mikindani;KE0010020008;KE0010020008;18-11-2015;eoc;5;0;3;0;0;0
Mombasa;KE001;Jomvu;KE001002;Mikindani;KE0010020008;KE0010020008;08-05-2017;eoc;5;0;0;0;0;0
Samburu;KE025;Samburu North;KE025134;Baawa;KE0251340671;KE0251340671;01-05-2017;wra;5;0;0;0;0;0
Turkana;KE023;Turkana West;KE023124;Kakuma;KE0231240617;KE0231240617;28-04-2016;eoc;5;7;0;0;0;0
Turkana;KE023;Turkana West;KE023124;Kakuma;KE0231240617;KE0231240617;31-07-2016;eoc;6;0;0;0;0;0
Mombasa;KE001;Jomvu;KE001002;Mikindani;KE0010020008;KE0010020008;02-11-2014;eoc;6;0;0;15;0;0
Mombasa;KE001;Changamwe;KE001001;Kipevu;KE0010010002;KE0010010002;16-11-2015;eoc;6;0;1;0;0;0
Mombasa;KE001;Jomvu;KE001002;Mikindani;KE0010020008;KE0010020008;18-11-2015;eoc;6;0;3;0;0;0
Mombasa;KE001;Jomvu;KE001002;Mikindani;KE0010020008;KE0010020008;08-05-2017;eoc;6;0;0;0;0;0
Samburu;KE025;Samburu North;KE025134;Baawa;KE0251340671;KE0251340671;08-05-2017;eoc;6;0;0;0;0;0
Turkana;KE023;Turkana West;KE023124;Kakuma;KE0231240617;KE0231240617;08-05-2017;eoc;6;0;0;0;0;0
Turkana;KE023;Turkana West;KE023124;Kakuma;KE0231240617;KE0231240617;31-07-2016;eoc;6;0;0;0;0;0
Machakos;KE016;Yatta;KE016076;Ndalani;KE0160760376;KE0160760376;13-04-2013;disinventer;5;3;0;0;0;0
Machakos;KE016;Yatta;KE016076;Ndalani;KE0160760376;KE0160760376;14-04-2013;disinventer;5;3;0;0;0;0
Machakos;KE016;Yatta;KE016076;Ndalani;KE0160760376;KE0160760376;20-04-2013;disinventer;5;3;0;0;0;0
Machakos;KE016;Mavoko;KE016080;Syokimau;KE0160800397;KE0160800397;23-04-2012;eoc;5;0;0;0;0;0
Machakos;KE016;Mavoko;KE016080;Syokimau;KE0160800397;KE0160800397;11-06-2012;dref;0;0;0;0;0;498
Machakos;KE016;Mavoko;KE016080;Syokimau;KE0160800397;KE0160800397;10-11-2015;eoc;5;1;0;0;0;0
Kwale;KE002;Lunga Lunga;KE002008;Vanga;KE0020080038;KE0020080038;17-04-2016;eoc;5;0;0;0;0;0
Mandera;KE009;Mandera East;KE009043;Arabia;KE0090430211;KE0090430211;14-05-2010;dref;5;0;0;0;0;350
Mandera;KE009;Mandera West;KE009039;Dandu;KE0090390194;KE0090390194;13-04-2018;eoc;5;0;0;0;0;0
Kajiado;KE034;Kajiado South;KE034187;Kimana;KE0341870935;KE0341870935;19-03-2018;eoc;5;0;0;0;0;0
Kitui;KE015;Mwingi West;KE015068;Nguutani;KE0150680337;KE0150680337;14-01-2007;dref;5;0;0;0;0;300
Marsabit;KE010;Moyale;KE010045;Golbo;KE0100450224;KE0100450224;11-10-2019;dref;7;0;0;0;1055;0
Marsabit;KE010;Moyale;KE010045;Golbo;KE0100450224;KE0100450224;11-10-2019;dref;7;0;0;0;0;0
Marsabit;KE010;Moyale;KE010045;Golbo;KE0100450224;KE0100450224;08-05-2015;eoc;5;1;0;0;0;0
Marsabit;KE010;Moyale;KE010045;Golbo;KE0100450224;KE0100450224;11-10-2019;eoc;7;0;0;0;1055;0
Marsabit;KE010;Moyale;KE010045;Golbo;KE0100450224;KE0100450224;08-05-2015;eoc;5;1;0;0;0;0
Marsabit;KE010;Moyale;KE010045;Golbo;KE0100450224;KE0100450224;11-10-2019;eoc;7;0;0;0;1055;0
Kilifi;KE003;Ganze;KE003015;Bamba ;KE0030150072;KE0030150072;29-04-2010;disinventer;5;0;0;0;0;0
Kilifi;KE003;Kaloleni;KE003013;Mariakani;KE0030130063;KE0030130063;27-10-2006;disinventer;5;0;0;0;0;0
Kilifi;KE003;Ganze;KE003015;Bamba ;KE0030150072;KE0030150072;08-11-2006;dref;5;5;0;25;0;100
Kilifi;KE003;Kilifi North;KE003011;Mnarani;KE0030110057;KE0030110057;01-05-2006;dref;7;0;0;25;0;48
Kilifi;KE003;Kilifi North;KE003011;Matsangoni;KE0030110055;KE0030110055;01-05-2006;dref;7;0;0;25;0;48
Kilifi;KE003;Kaloleni;KE003013;Mariakani;KE0030130063;KE0030130063;08-11-2006;dref;5;5;0;25;0;100
Kilifi;KE003;Magarini;KE003017;Magarini;KE0030170081;KE0030170081;28-10-2009;disinventer;5;2;0;0;0;0
Kilifi;KE003;Magarini;KE003017;Garashi;KE0030170084;KE0030170084;01-11-2009;disinventer;5;4;0;466;0;0
Kilifi;KE003;Magarini;KE003017;Magarini;KE0030170081;KE0030170081;26-04-2012;eoc;0;0;0;0;0;0
Kilifi;KE003;Magarini;KE003017;Magarini;KE0030170081;KE0030170081;29-04-2012;eoc;0;0;0;0;0;0
Kilifi;KE003;Magarini;KE003017;Magarini;KE0030170081;KE0030170081;16-04-2013;disinventer;5;2;0;0;0;0
Kilifi;KE003;Magarini;KE003017;Magarini;KE0030170081;KE0030170081;26-05-2014;dref;0;0;0;0;0;0
Kilifi;KE003;Ganze;KE003015;Sokoke;KE0030150074;KE0030150074;17-11-2015;eoc;5;0;0;0;0;5
Kilifi;KE003;Magarini;KE003017;Magarini;KE0030170081;KE0030170081;05-05-2016;eoc;5;0;0;0;66;0
Kilifi;KE003;Kaloleni;KE003013;Mariakani;KE0030130063;KE0030130063;08-05-2017;eoc;5;0;0;0;0;5
Kilifi;KE003;Ganze;KE003015;Bamba;KE0030150072;KE0030150072;08-05-2017;eoc;5;0;0;0;0;5
Kilifi;KE003;Magarini;KE003017;Magarini;KE0030170081;KE0030170081;04-03-2018;eoc;5;0;0;0;0;21
Kilifi;KE003;Magarini;KE003017;Garashi;KE0030170084;KE0030170084;17-03-2018;disinventer;5;3;0;0;0;3000
Kilifi;KE003;Magarini;KE003017;Magarini;KE0030170081;KE0030170081;22-04-2018;eoc;1;0;0;0;0;0
Kilifi;KE003;Magarini;KE003017;Garashi;KE0030170084;KE0030170084;23-04-2018;eoc;1;0;0;0;0;0
Kilifi;KE003;Magarini;KE003017;Garashi;KE0030170084;KE0030170084;25-04-2018;eoc;5;2;0;0;0;0
Turkana;KE023;Turkana Central;KE023125;Kalokol;KE0231250626;KE0231250626;28-04-2016;eoc;5;7;0;0;0;0
Turkana;KE023;Turkana Central;KE023125;Kalokol;KE0231250626;KE0231250626;28-04-2016;eoc;5;0;0;0;0;0
Narok;KE033;Narok East;KE033180;Suswa;KE0331800900;KE0331800900;23-04-2013;disinventer;5;1;3;0;0;0
Narok;KE033;Narok East;KE033180;Suswa;KE0331800900;KE0331800900;23-04-2013;disinventer;5;1;3;0;0;0
Turkana;KE023;Turkana South;KE023127;Lobokat;KE0231270635;KE0231270635;01-07-2010;disinventer;5;0;0;874;0;0
Turkana;KE023;Turkana South;KE023127;Lobokat;KE0231270635;KE0231270635;01-07-2010;disinventer;5;0;0;874;0;0
Baringo;KE030;Mogotio;KE030161;Emining;KE0301610803;KE0301610803;10-01-2010;disinventer;5;0;0;0;0;0
Makueni;KE017;Makueni;KE017086;Mavindini;KE0170860426;KE0170860426;14-04-2015;eoc;5;1;0;0;0;0
Mombasa;KE001;Mvita;KE001006;Tononoka;KE0010060028;KE0010060028;09-11-2012;eoc;5;0;0;0;0;0
Narok;KE033;Narok East;KE033180;Suswa;KE0331800900;KE0331800900;28-12-2009;disinventer;5;3;0;0;0;0
Narok;KE033;Narok East;KE033180;Suswa;KE0331800900;KE0331800900;01-07-2010;disinventer;5;5;0;0;0;0
Narok;KE033;Narok East;KE033180;Suswa;KE0331800900;KE0331800900;01-05-2017;eoc;1;0;0;0;0;0
Narok;KE033;Narok East;KE033180;Suswa;KE0331800900;KE0331800900;17-09-2017;eoc;5;0;0;0;0;0
Turkana;KE023;Turkana South;KE023127;Kaputir ;KE0231270633;KE0231270633;06-01-2010;disinventer;5;0;0;0;0;0
Turkana;KE023;Turkana Central;KE023125;Kalokol;KE0231250626;KE0231250626;01-04-2013;disinventer;6;0;0;0;0;0
Turkana;KE023;Loima;KE023126;Loima;KE0231260631;KE0231260631;09-03-2016;eoc;5;3;0;0;0;0
Turkana;KE023;Turkana Central;KE023125;Kalokol;KE0231250626;KE0231250626;28-04-2016;eoc;5;7;0;0;0;0
Turkana;KE023;Turkana Central;KE023125;Kalokol;KE0231250626;KE0231250626;29-04-2016;eoc;1;0;0;0;0;0
Turkana;KE023;Turkana Central;KE023125;Kalokol;KE0231250626;KE0231250626;02-05-2016;eoc;7;3;0;0;0;0
Mombasa;KE001;Mvita;KE001006;Tononoka;KE0010060028;KE0010060028;09-11-2012;eoc;7;0;0;0;0;0
Narok;KE033;Narok East;KE033180;Suswa;KE0331800900;KE0331800900;28-12-2009;disinventer;5;3;0;0;0;0
Narok;KE033;Narok East;KE033180;Suswa;KE0331800900;KE0331800900;01-07-2010;disinventer;5;5;0;0;0;0
Narok;KE033;Narok East;KE033180;Suswa;KE0331800900;KE0331800900;01-05-2017;eoc;1;0;0;0;0;0
Narok;KE033;Narok East;KE033180;Suswa;KE0331800900;KE0331800900;17-09-2017;eoc;5;0;0;0;0;0
Turkana;KE023;Turkana South;KE023127;Kaputir ;KE0231270633;KE0231270633;06-01-2010;disinventer;5;0;0;0;0;0
Turkana;KE023;Turkana Central;KE023125;Kalokol;KE0231250626;KE0231250626;01-04-2013;disinventer;6;0;0;0;0;0
Turkana;KE023;Loima;KE023126;Loima;KE0231260631;KE0231260631;09-03-2016;eoc;5;3;0;0;0;0
Turkana;KE023;Turkana Central;KE023125;Kalokol;KE0231250626;KE0231250626;09-03-2016;eoc;5;0;0;0;0;0
Turkana;KE023;Turkana Central;KE023125;Kalokol;KE0231250626;KE0231250626;29-04-2016;eoc;1;0;0;0;0;0
Turkana;KE023;Turkana Central;KE023125;Kalokol;KE0231250626;KE0231250626;02-05-2016;eoc;7;3;0;0;0;0
Marsabit;KE010;Moyale;KE010045;Sololo;KE0100450222;KE0100450222;17-04-2018;eoc;1;0;0;0;0;0
Kwale;KE002;Kinango;KE002010;Kinango;KE0020100046;KE0020100046;08-05-2017;eoc;1;0;0;0;0;0
Marsabit;KE010;Moyale;KE010045;Sololo;KE0100450222;KE0100450222;14-05-2014;eoc;0;1;0;0;0;0
Marsabit;KE010;Moyale;KE010045;Sololo;KE0100450222;KE0100450222;12-11-2017;eoc;5;4;0;0;0;0
Marsabit;KE010;North Horr;KE010046;Dukana;KE0100460228;KE0100460228;16-12-2018;eoc;5;0;0;0;0;77
Marsabit;KE010;Moyale;KE010045;Sololo;KE0100450222;KE0100450222;14-05-2014;eoc;0;1;0;0;0;0
Marsabit;KE010;Moyale;KE010045;Sololo;KE0100450222;KE0100450222;12-11-2017;eoc;5;4;0;0;0;0
Marsabit;KE010;North Horr;KE010046;Dukana;KE0100460228;KE0100460228;16-12-2018;eoc;5;0;0;0;0;77
Turkana;KE023;Turkana West;KE023124;Lokichoggio;KE0231240622;KE0231240622;29-04-2012;eoc;1;0;0;0;0;0
Turkana;KE023;Turkana West;KE023124;Lokichoggio;KE0231240622;KE0231240622;07-05-2012;eoc;1;0;0;0;0;0
Turkana;KE023;Turkana West;KE023124;Lokichoggio;KE0231240622;KE0231240622;04-04-2015;eoc;5;0;0;0;0;0
Turkana;KE023;Turkana West;KE023124;Lokichoggio;KE0231240622;KE0231240622;08-12-2015;eoc;5;4;0;0;0;0
Turkana;KE023;Turkana West;KE023124;Lokichoggio;KE0231240622;KE0231240622;28-04-2016;eoc;5;7;0;0;0;0
Turkana;KE023;Turkana West;KE023124;Lokichoggio;KE0231240622;KE0231240622;31-07-2016;eoc;6;0;0;0;0;0
Turkana;KE023;Turkana West;KE023124;Lokichoggio;KE0231240622;KE0231240622;29-04-2012;eoc;1;0;0;0;0;0
Turkana;KE023;Turkana West;KE023124;Lokichoggio;KE0231240622;KE0231240622;07-05-2012;eoc;1;0;0;0;0;0
Turkana;KE023;Turkana West;KE023124;Lokichoggio;KE0231240622;KE0231240622;04-04-2015;eoc;5;0;0;0;0;0
Turkana;KE023;Turkana West;KE023124;Lokichoggio;KE0231240622;KE0231240622;08-12-2015;eoc;5;4;0;0;0;0
Turkana;KE023;Turkana West;KE023124;Lokichoggio;KE0231240622;KE0231240622;28-04-2016;eoc;5;7;0;0;0;0
Turkana;KE023;Turkana West;KE023124;Lokichoggio;KE0231240622;KE0231240622;28-04-2016;eoc;5;0;0;0;0;0
Embu;KE014;Mbeere South;KE014065;Kiambere;KE0140650327;KE0140650327;07-03-2018;eoc;5;3;2;0;0;0
Embu;KE014;Mbeere South;KE014065;Kiambere;KE0140650327;KE0140650327;16-05-2018;eoc;0;0;0;0;0;0
Embu;KE014;Mbeere South;KE014065;Kiambere;KE0140650327;KE0140650327;17-05-2018;eoc;6;0;0;0;0;0
Garissa;KE007;Dadaab;KE007030;Dadaab;KE0070300147;KE0070300147;31-05-2005;dref;5;1;0;0;0;0
Garissa;KE007;Dadaab;KE007030;Dadaab;KE0070300147;KE0070300147;02-04-2010;dref;5;0;0;0;0;1
Garissa;KE007;Dadaab;KE007030;Dadaab;KE0070300147;KE0070300147;13-10-2012;eoc;5;0;0;0;0;5640
Garissa;KE007;Dadaab;KE007030;Dadaab;KE0070300147;KE0070300147;17-03-2014;eoc;5;0;0;0;0;0
Garissa;KE007;Dadaab;KE007030;Dadaab;KE0070300147;KE0070300147;09-05-2017;eoc;5;0;0;0;0;0
Kajiado;KE034;Kajiado North;KE034183;Ngong;KE0341830915;KE0341830915;11-06-2012;dref;5;4;0;0;0;0
Samburu;KE025;Samburu North;KE025134;Nyiro;KE0251340669;KE0251340669;01-05-2017;wra;5;0;0;0;0;0
Samburu;KE025;Samburu North;KE025134;Nachola;KE0251340667;KE0251340667;01-05-2017;wra;5;0;0;0;0;0
Samburu;KE025;Samburu North;KE025134;Nyiro;KE0251340669;KE0251340669;01-05-2017;wra;5;0;0;0;0;0
Samburu;KE025;Samburu North;KE025134;Nachola;KE0251340667;KE0251340667;01-05-2017;wra;5;0;0;0;0;0
Lamu;KE005;Lamu East;KE005021;Faza;KE0050210101;KE0050210101;03-01-2010;disinventer;5;0;0;0;0;0
Kwale;KE002;Msambweni;KE002007;Ukunda;KE0020070032;KE0020070032;09-05-2017;eoc;5;0;0;0;0;0
Marsabit;KE010;Laisamis;KE010048;Loiyangalani;KE0100480236;KE0100480236;20-04-2012;eoc;7;3;0;7;0;0
Marsabit;KE010;North Horr;KE010046;Turbi;KE0100460230;KE0100460230;07-04-2015;eoc;5;0;0;0;0;0
Marsabit;KE010;Laisamis;KE010048;Laisamis;KE0100480240;KE0100480240;03-05-2017;eoc;5;0;0;0;0;0
Marsabit;KE010;Laisamis;KE010048;Laisamis;KE0100480240;KE0100480240;11-03-2018;eoc;5;1;0;0;0;0
Marsabit;KE010;Laisamis;KE010048;Loiyangalani;KE0100480236;KE0100480236;20-04-2012;eoc;7;3;0;7;0;0
Marsabit;KE010;North Horr;KE010046;Turbi;KE0100460230;KE0100460230;07-04-2015;eoc;5;0;0;0;0;0
Marsabit;KE010;Laisamis;KE010048;Laisamis;KE0100480240;KE0100480240;03-05-2017;eoc;5;0;0;0;0;0
Marsabit;KE010;Laisamis;KE010048;Laisamis;KE0100480240;KE0100480240;11-03-2018;eoc;5;1;0;0;0;0
Samburu;KE025;Samburu West;KE025133;Maralal;KE0251330663;KE0251330663;20-09-2016;eoc;5;0;0;0;0;0
Samburu;KE025;Samburu West;KE025133;Maralal;KE0251330663;KE0251330663;17-05-2006;dref;5;3;0;0;0;0
Samburu;KE025;Samburu West;KE025133;Maralal;KE0251330663;KE0251330663;01-05-2017;wra;5;0;0;0;0;0
Samburu;KE025;Samburu North;KE025134;Ndoto;KE0251340668;KE0251340668;01-05-2017;wra;5;0;0;0;0;0
Samburu;KE025;Samburu West;KE025133;Maralal;KE0251330663;KE0251330663;02-05-2017;eoc;0;0;0;0;0;0
Samburu;KE025;Samburu West;KE025133;Maralal;KE0251330663;KE0251330663;02-05-2018;eoc;6;0;0;0;0;0
Samburu;KE025;Samburu West;KE025133;Maralal;KE0251330663;KE0251330663;17-05-2006;dref;5;3;0;0;0;0
Samburu;KE025;Samburu West;KE025133;Maralal;KE0251330663;KE0251330663;01-05-2017;wra;5;0;0;0;0;0
Samburu;KE025;Samburu North;KE025134;Ndoto;KE0251340668;KE0251340668;01-05-2017;wra;5;0;0;0;0;0
Samburu;KE025;Samburu West;KE025133;Maralal;KE0251330663;KE0251330663;02-05-2017;eoc;0;0;0;0;0;0
Samburu;KE025;Samburu West;KE025133;Maralal;KE0251330663;KE0251330663;02-05-2018;eoc;6;0;0;0;0;0
Kakamega;KE037;Navakholo;KE037203;Bunyala East;KE0372031018;KE0372031018;13-11-2008;disinventer;5;0;0;0;0;0
Kericho;KE035;Kipkelion West;KE035189;Kunyak;KE0351890940;KE0351890940;01-05-2018;eoc;5;1;2;0;0;0
Wajir;KE008;Wajir North;KE008033;Bute;KE0080330162;KE0080330162;30-04-2018;eoc;5;0;0;210;0;0
Wajir;KE008;Wajir North;KE008033;Bute;KE0080330162;KE0080330162;30-04-2018;eoc;5;0;0;210;0;0
Wajir;KE008;Wajir North;KE008033;Bute;KE0080330162;KE0080330162;30-04-2018;eoc;5;0;0;210;0;0
Wajir;KE008;Wajir North;KE008033;Bute;KE0080330162;KE0080330162;30-04-2018;eoc;5;0;0;210;0;0
Wajir;KE008;Wajir North;KE008033;Bute;KE0080330162;KE0080330162;30-04-2018;eoc;5;0;0;210;0;0
Wajir;KE008;Wajir North;KE008033;Bute;KE0080330162;KE0080330162;30-04-2018;eoc;5;0;0;210;0;0
Wajir;KE008;Wajir North;KE008033;Bute;KE0080330162;KE0080330162;30-04-2018;eoc;5;0;0;210;0;0
Wajir;KE008;Wajir North;KE008033;Bute;KE0080330162;KE0080330162;30-04-2018;eoc;5;0;0;210;0;0
Wajir;KE008;Wajir North;KE008033;Bute;KE0080330162;KE0080330162;30-04-2018;eoc;5;0;0;210;0;0
Wajir;KE008;Wajir North;KE008033;Bute;KE0080330162;KE0080330162;30-04-2018;eoc;5;0;0;210;0;0
Wajir;KE008;Wajir North;KE008033;Bute;KE0080330162;KE0080330162;30-04-2018;eoc;5;0;0;210;0;0
Wajir;KE008;Wajir North;KE008033;Gurar;KE0080330161;KE0080330161;25-11-2008;dref;5;0;0;0;0;0
Wajir;KE008;Wajir North;KE008033;Bute;KE0080330162;KE0080330162;25-11-2008;dref;5;0;0;0;0;0
Wajir;KE008;Wajir North;KE008033;Bute;KE0080330162;KE0080330162;04-05-2017;eoc;1;0;0;0;0;0
Wajir;KE008;Wajir North;KE008033;Bute;KE0080330162;KE0080330162;05-05-2017;eoc;5;0;0;278;0;0
Wajir;KE008;Wajir North;KE008033;Gurar;KE0080330161;KE0080330161;05-05-2017;eoc;5;0;0;0;0;0
Wajir;KE008;Wajir North;KE008033;Bute;KE0080330162;KE0080330162;05-05-2017;eoc;5;0;0;0;0;0
Wajir;KE008;Wajir North;KE008033;Bute;KE0080330162;KE0080330162;04-05-2017;eoc;1;0;0;0;0;0
Wajir;KE008;Wajir North;KE008033;Bute;KE0080330162;KE0080330162;05-05-2017;eoc;5;0;0;278;0;0
Wajir;KE008;Eldas;KE008037;Eldas ;KE0080370181;KE0080370181;01-12-2015;eoc;5;0;0;0;275;0
Wajir;KE008;Eldas;KE008037;Eldas ;KE0080370181;KE0080370181;01-12-2015;eoc;5;0;0;0;275;0
Kakamega;KE037;Malava;KE037201;Kabras East;KE0372011004;KE0372011004;10-08-2007;wra;5;20;39;4;0;4
Siaya;KE041;Alego Usonga;KE041234;Usonga;KE0412341163;KE0412341163;12-05-2017;eoc;5;0;0;0;0;50
Siaya;KE041;Alego Usonga;KE041234;Usonga;KE0412341163;KE0412341163;12-05-2017;eoc;5;0;0;0;0;50
Wajir;KE008;Wajir North;KE008033;Batalu;KE0080330165;KE0080330165;12-05-2017;eoc;5;0;0;0;0;0
Wajir;KE008;Wajir North;KE008033;Batalu;KE0080330165;KE0080330165;12-05-2017;eoc;5;0;0;0;0;0
Wajir;KE008;Wajir North;KE008033;Batalu;KE0080330165;KE0080330165;12-05-2017;eoc;5;0;0;0;0;0
Wajir;KE008;Wajir North;KE008033;Batalu;KE0080330165;KE0080330165;12-05-2017;eoc;5;0;0;0;0;0
Wajir;KE008;Wajir North;KE008033;Batalu;KE0080330165;KE0080330165;12-05-2017;eoc;5;0;0;0;0;0
Wajir;KE008;Wajir North;KE008033;Batalu;KE0080330165;KE0080330165;12-05-2017;eoc;5;0;0;0;0;0
Wajir;KE008;Wajir North;KE008033;Batalu;KE0080330165;KE0080330165;12-05-2017;eoc;5;0;0;0;0;0
Wajir;KE008;Wajir North;KE008033;Batalu;KE0080330165;KE0080330165;12-05-2017;eoc;5;0;0;0;0;0
Wajir;KE008;Wajir North;KE008033;Batalu;KE0080330165;KE0080330165;12-05-2017;eoc;5;0;0;0;0;0
Wajir;KE008;Wajir North;KE008033;Batalu;KE0080330165;KE0080330165;12-05-2017;eoc;5;0;0;0;0;0
Wajir;KE008;Wajir North;KE008033;Batalu;KE0080330165;KE0080330165;12-05-2017;eoc;5;0;0;0;0;0
Wajir;KE008;Wajir North;KE008033;Batalu;KE0080330165;KE0080330165;12-05-2017;eoc;5;0;0;0;0;0
Wajir;KE008;Wajir North;KE008033;Batalu;KE0080330165;KE0080330165;12-05-2017;eoc;5;0;0;0;0;0
Wajir;KE008;Wajir North;KE008033;Batalu;KE0080330165;KE0080330165;12-05-2017;eoc;5;0;0;0;0;0
Wajir;KE008;Wajir North;KE008033;Batalu;KE0080330165;KE0080330165;12-05-2017;eoc;5;0;0;0;0;0
Wajir;KE008;Wajir North;KE008033;Batalu;KE0080330165;KE0080330165;12-05-2017;eoc;5;0;0;0;0;0
Wajir;KE008;Wajir North;KE008033;Batalu;KE0080330165;KE0080330165;12-05-2017;eoc;5;0;0;0;0;0
Wajir;KE008;Wajir North;KE008033;Batalu;KE0080330165;KE0080330165;12-05-2017;eoc;5;0;0;0;0;0
Wajir;KE008;Wajir North;KE008033;Batalu;KE0080330165;KE0080330165;12-05-2017;eoc;5;0;0;0;0;0
Wajir;KE008;Wajir North;KE008033;Batalu;KE0080330165;KE0080330165;12-05-2017;eoc;5;0;0;0;0;0
Wajir;KE008;Wajir North;KE008033;Batalu;KE0080330165;KE0080330165;12-05-2017;eoc;5;0;0;0;0;0
Wajir;KE008;Wajir North;KE008033;Batalu;KE0080330165;KE0080330165;12-05-2017;eoc;5;0;0;0;0;0
Wajir;KE008;Wajir North;KE008033;Batalu;KE0080330165;KE0080330165;22-04-2018;eoc;5;0;0;0;100;0
Wajir;KE008;Wajir North;KE008033;Batalu;KE0080330165;KE0080330165;22-04-2018;eoc;5;0;0;0;100;0
Wajir;KE008;Wajir North;KE008033;Batalu;KE0080330165;KE0080330165;22-04-2018;eoc;5;0;0;0;100;0
Wajir;KE008;Wajir North;KE008033;Batalu;KE0080330165;KE0080330165;22-04-2018;eoc;5;0;0;0;100;0
Wajir;KE008;Wajir North;KE008033;Batalu;KE0080330165;KE0080330165;22-04-2018;eoc;5;0;0;0;100;0
Wajir;KE008;Wajir North;KE008033;Batalu;KE0080330165;KE0080330165;22-04-2018;eoc;5;0;0;0;100;0
Wajir;KE008;Wajir North;KE008033;Batalu;KE0080330165;KE0080330165;22-04-2018;eoc;5;0;0;0;100;0
Wajir;KE008;Wajir North;KE008033;Batalu;KE0080330165;KE0080330165;22-04-2018;eoc;5;0;0;0;100;0
Wajir;KE008;Wajir North;KE008033;Batalu;KE0080330165;KE0080330165;22-04-2018;eoc;5;0;0;0;100;0
Wajir;KE008;Wajir North;KE008033;Batalu;KE0080330165;KE0080330165;22-04-2018;eoc;5;0;0;0;100;0
Wajir;KE008;Wajir North;KE008033;Batalu;KE0080330165;KE0080330165;22-04-2018;eoc;5;0;0;0;100;0
Wajir;KE008;Wajir North;KE008033;Batalu;KE0080330165;KE0080330165;16-11-2006;dref;5;3;0;0;0;0
Wajir;KE008;Wajir North;KE008033;Batalu;KE0080330165;KE0080330165;16-11-2006;dref;5;3;0;0;0;0
Wajir;KE008;Wajir North;KE008033;Batalu;KE0080330165;KE0080330165;16-11-2006;dref;5;3;0;0;0;0
Wajir;KE008;Wajir North;KE008033;Batalu;KE0080330165;KE0080330165;16-11-2006;dref;5;3;0;0;0;0
Wajir;KE008;Wajir North;KE008033;Batalu;KE0080330165;KE0080330165;16-11-2006;dref;5;3;0;0;0;0
Wajir;KE008;Wajir North;KE008033;Batalu;KE0080330165;KE0080330165;16-11-2006;dref;5;3;0;0;0;0
Wajir;KE008;Wajir North;KE008033;Batalu;KE0080330165;KE0080330165;16-11-2006;dref;5;3;0;0;0;0
Wajir;KE008;Wajir North;KE008033;Batalu;KE0080330165;KE0080330165;16-11-2006;dref;5;3;0;0;0;0
Wajir;KE008;Wajir North;KE008033;Batalu;KE0080330165;KE0080330165;16-11-2006;dref;5;3;0;0;0;0
Wajir;KE008;Wajir North;KE008033;Batalu;KE0080330165;KE0080330165;16-11-2006;dref;5;3;0;0;0;0
Wajir;KE008;Wajir North;KE008033;Batalu;KE0080330165;KE0080330165;16-11-2006;dref;5;3;0;0;0;0
Wajir;KE008;Wajir North;KE008033;Batalu;KE0080330165;KE0080330165;01-12-2015;eoc;5;0;0;0;275;0
Wajir;KE008;Wajir North;KE008033;Batalu;KE0080330165;KE0080330165;01-12-2015;eoc;5;0;0;0;275;0
Wajir;KE008;Wajir North;KE008033;Batalu;KE0080330165;KE0080330165;01-12-2015;eoc;5;0;0;0;275;0
Wajir;KE008;Wajir North;KE008033;Batalu;KE0080330165;KE0080330165;01-12-2015;eoc;5;0;0;0;275;0
Wajir;KE008;Wajir North;KE008033;Batalu;KE0080330165;KE0080330165;01-12-2015;eoc;5;0;0;0;275;0
Wajir;KE008;Wajir North;KE008033;Batalu;KE0080330165;KE0080330165;01-12-2015;eoc;5;0;0;0;275;0
Wajir;KE008;Wajir North;KE008033;Batalu;KE0080330165;KE0080330165;01-12-2015;eoc;5;0;0;0;275;0
Wajir;KE008;Wajir North;KE008033;Batalu;KE0080330165;KE0080330165;01-12-2015;eoc;5;0;0;0;275;0
Wajir;KE008;Wajir North;KE008033;Batalu;KE0080330165;KE0080330165;01-12-2015;eoc;5;0;0;0;275;0
Wajir;KE008;Wajir North;KE008033;Batalu;KE0080330165;KE0080330165;01-12-2015;eoc;5;0;0;0;275;0
Wajir;KE008;Wajir North;KE008033;Batalu;KE0080330165;KE0080330165;01-12-2015;eoc;5;0;0;0;275;0
Wajir;KE008;Wajir North;KE008033;Batalu;KE0080330165;KE0080330165;22-04-2018;eoc;5;0;0;0;100;0
Wajir;KE008;Wajir North;KE008033;Batalu;KE0080330165;KE0080330165;22-04-2018;eoc;5;0;0;0;100;0
Wajir;KE008;Wajir North;KE008033;Batalu;KE0080330165;KE0080330165;22-04-2018;eoc;5;0;0;0;100;0
Wajir;KE008;Wajir North;KE008033;Batalu;KE0080330165;KE0080330165;22-04-2018;eoc;5;0;0;0;100;0
Wajir;KE008;Wajir North;KE008033;Batalu;KE0080330165;KE0080330165;22-04-2018;eoc;5;0;0;0;100;0
Wajir;KE008;Wajir North;KE008033;Batalu;KE0080330165;KE0080330165;22-04-2018;eoc;5;0;0;0;100;0
Wajir;KE008;Wajir North;KE008033;Batalu;KE0080330165;KE0080330165;22-04-2018;eoc;5;0;0;0;100;0
Wajir;KE008;Wajir North;KE008033;Batalu;KE0080330165;KE0080330165;22-04-2018;eoc;5;0;0;0;100;0
Wajir;KE008;Wajir North;KE008033;Batalu;KE0080330165;KE0080330165;22-04-2018;eoc;5;0;0;0;100;0
Wajir;KE008;Wajir North;KE008033;Batalu;KE0080330165;KE0080330165;22-04-2018;eoc;5;0;0;0;100;0
Wajir;KE008;Wajir North;KE008033;Batalu;KE0080330165;KE0080330165;22-04-2018;eoc;5;0;0;0;100;0
Siaya;KE041;Alego Usonga;KE041234;Usonga;KE0412341163;KE0412341163;24-04-2006;disinventer;5;0;0;0;0;0
Siaya;KE041;Alego Usonga;KE041234;Usonga;KE0412341163;KE0412341163;25-11-2008;dref;5;0;0;0;0;0
Siaya;KE041;Alego Usonga;KE041234;Usonga;KE0412341163;KE0412341163;01-05-2009;disinventer;5;0;0;0;0;0
Siaya;KE041;Alego Usonga;KE041234;Usonga;KE0412341163;KE0412341163;31-05-2013;dref;5;0;0;0;0;661
Siaya;KE041;Alego Usonga;KE041234;Usonga;KE0412341163;KE0412341163;01-05-2018;dref;5;0;0;0;0;0
Siaya;KE041;Alego Usonga;KE041234;Usonga;KE0412341163;KE0412341163;24-04-2006;disinventer;5;0;0;0;0;0
Siaya;KE041;Alego Usonga;KE041234;Usonga;KE0412341163;KE0412341163;25-11-2008;dref;5;0;0;0;0;0
Siaya;KE041;Alego Usonga;KE041234;Usonga;KE0412341163;KE0412341163;01-05-2009;disinventer;5;0;0;0;0;0
Siaya;KE041;Alego Usonga;KE041234;Usonga;KE0412341163;KE0412341163;01-05-2009;disinventer;5;0;0;0;0;0
Siaya;KE041;Alego Usonga;KE041234;Usonga;KE0412341163;KE0412341163;01-05-2018;disinventer;5;0;0;0;0;0
Marsabit;KE010;Laisamis;KE010048;South Horr;KE0100480237;KE0100480237;01-05-2018;disinventer;5;0;0;0;0;0
Marsabit;KE010;Laisamis;KE010048;South Horr;KE0100480237;KE0100480237;01-05-2018;disinventer;5;0;0;0;0;0
Wajir;KE008;Wajir North;KE008033;Malkagufu;KE0080330164;KE0080330164;01-05-2018;disinventer;5;0;0;0;0;0
Wajir;KE008;Wajir North;KE008033;Malkagufu;KE0080330164;KE0080330164;01-05-2018;disinventer;5;0;0;0;0;0
Wajir;KE008;Wajir North;KE008033;Malkagufu;KE0080330164;KE0080330164;01-05-2018;disinventer;5;0;0;0;0;0
Wajir;KE008;Wajir North;KE008033;Malkagufu;KE0080330164;KE0080330164;01-05-2018;disinventer;5;0;0;0;0;0
Wajir;KE008;Wajir North;KE008033;Malkagufu;KE0080330164;KE0080330164;01-05-2018;disinventer;5;0;0;0;0;0
Wajir;KE008;Wajir North;KE008033;Malkagufu;KE0080330164;KE0080330164;01-05-2018;disinventer;5;0;0;0;0;0
Wajir;KE008;Wajir North;KE008033;Malkagufu;KE0080330164;KE0080330164;01-05-2018;disinventer;5;0;0;0;0;0
Wajir;KE008;Wajir North;KE008033;Malkagufu;KE0080330164;KE0080330164;01-05-2018;disinventer;5;0;0;0;0;0
Wajir;KE008;Wajir North;KE008033;Malkagufu;KE0080330164;KE0080330164;01-05-2018;disinventer;5;0;0;0;0;0
Wajir;KE008;Wajir North;KE008033;Malkagufu;KE0080330164;KE0080330164;01-05-2018;disinventer;5;0;0;0;0;0
Wajir;KE008;Wajir North;KE008033;Malkagufu;KE0080330164;KE0080330164;01-05-2018;disinventer;5;0;0;0;0;0
Wajir;KE008;Wajir North;KE008033;Malkagufu;KE0080330164;KE0080330164;16-11-2006;dref;5;3;0;0;0;0
Wajir;KE008;Wajir North;KE008033;Malkagufu;KE0080330164;KE0080330164;16-11-2006;dref;5;3;0;0;0;0
Wajir;KE008;Wajir North;KE008033;Malkagufu;KE0080330164;KE0080330164;16-11-2006;dref;5;3;0;0;0;0
Wajir;KE008;Wajir North;KE008033;Malkagufu;KE0080330164;KE0080330164;16-11-2006;dref;5;3;0;0;0;0
Wajir;KE008;Wajir North;KE008033;Malkagufu;KE0080330164;KE0080330164;16-11-2006;dref;5;3;0;0;0;0
Wajir;KE008;Wajir North;KE008033;Malkagufu;KE0080330164;KE0080330164;16-11-2006;dref;5;3;0;0;0;0
Wajir;KE008;Wajir North;KE008033;Malkagufu;KE0080330164;KE0080330164;16-11-2006;dref;5;3;0;0;0;0
Wajir;KE008;Wajir North;KE008033;Malkagufu;KE0080330164;KE0080330164;16-11-2006;dref;5;3;0;0;0;0
Wajir;KE008;Wajir North;KE008033;Malkagufu;KE0080330164;KE0080330164;16-11-2006;dref;5;3;0;0;0;0
Wajir;KE008;Wajir North;KE008033;Malkagufu;KE0080330164;KE0080330164;16-11-2006;dref;5;3;0;0;0;0
Wajir;KE008;Wajir North;KE008033;Malkagufu;KE0080330164;KE0080330164;16-11-2006;dref;5;3;0;0;0;0
Wajir;KE008;Wajir North;KE008033;Korondile;KE0080330163;KE0080330163;30-04-2018;eoc;5;0;0;210;0;0
Wajir;KE008;Wajir North;KE008033;Korondile;KE0080330163;KE0080330163;30-04-2018;eoc;5;0;0;210;0;0
Wajir;KE008;Wajir North;KE008033;Korondile;KE0080330163;KE0080330163;30-04-2018;eoc;5;0;0;210;0;0
Wajir;KE008;Wajir North;KE008033;Korondile;KE0080330163;KE0080330163;30-04-2018;eoc;5;0;0;210;0;0
Wajir;KE008;Wajir North;KE008033;Korondile;KE0080330163;KE0080330163;30-04-2018;eoc;5;0;0;210;0;0
Wajir;KE008;Wajir North;KE008033;Korondile;KE0080330163;KE0080330163;30-04-2018;eoc;5;0;0;210;0;0
Wajir;KE008;Wajir North;KE008033;Korondile;KE0080330163;KE0080330163;30-04-2018;eoc;5;0;0;210;0;0
Wajir;KE008;Wajir North;KE008033;Korondile;KE0080330163;KE0080330163;30-04-2018;eoc;5;0;0;210;0;0
Wajir;KE008;Wajir North;KE008033;Korondile;KE0080330163;KE0080330163;30-04-2018;eoc;5;0;0;210;0;0
Wajir;KE008;Wajir North;KE008033;Korondile;KE0080330163;KE0080330163;30-04-2018;eoc;5;0;0;210;0;0
Wajir;KE008;Wajir North;KE008033;Korondile;KE0080330163;KE0080330163;30-04-2018;eoc;5;0;0;210;0;0
Wajir;KE008;Wajir North;KE008033;Korondile;KE0080330163;KE0080330163;16-11-2006;dref;5;3;0;0;0;0
Wajir;KE008;Wajir North;KE008033;Malkagufu;KE0080330164;KE0080330164;16-11-2006;dref;5;3;0;0;0;0
Wajir;KE008;Wajir North;KE008033;Danaba;KE0080330166;KE0080330166;25-11-2008;dref;5;0;0;0;0;0
Wajir;KE008;Wajir North;KE008033;Korondile;KE0080330163;KE0080330163;02-05-2017;eoc;1;0;0;0;0;0
Wajir;KE008;Wajir North;KE008033;Korondile;KE0080330163;KE0080330163;17-04-2018;eoc;5;0;0;0;0;0
Wajir;KE008;Wajir South;KE008038;Habaswein;KE0080380187;KE0080380187;17-04-2018;eoc;5;0;0;0;0;0
Wajir;KE008;Wajir South;KE008038;Habaswein;KE0080380187;KE0080380187;20-04-2018;eoc;5;0;0;0;0;0
Wajir;KE008;Wajir North;KE008033;Korondile;KE0080330163;KE0080330163;16-11-2006;dref;5;3;0;0;0;0
Wajir;KE008;Wajir North;KE008033;Malkagufu;KE0080330164;KE0080330164;16-11-2006;dref;5;0;0;0;0;0
Wajir;KE008;Wajir North;KE008033;Danaba;KE0080330166;KE0080330166;16-11-2006;dref;5;0;0;0;0;0
Wajir;KE008;Wajir North;KE008033;Korondile;KE0080330163;KE0080330163;02-05-2017;eoc;1;0;0;0;0;0
Wajir;KE008;Wajir North;KE008033;Korondile;KE0080330163;KE0080330163;17-04-2018;eoc;5;0;0;0;0;0
Wajir;KE008;Wajir South;KE008038;Habaswein;KE0080380187;KE0080380187;17-04-2018;eoc;5;0;0;0;0;0
Wajir;KE008;Wajir South;KE008038;Habaswein;KE0080380187;KE0080380187;20-04-2018;eoc;5;0;0;0;0;0
Makueni;KE017;Makueni;KE017086;Wote;KE0170860424;KE0170860424;23-04-2018;eoc;5;2;0;0;0;0
Kericho;KE035;Kipkelion West;KE035189;Kipkelion;KE0351890942;KE0351890942;16-12-2015;eoc;5;0;1;0;0;176
Kiambu;KE022;Kabete;KE022119;Gitaru;KE0221190591;KE0221190591;15-04-2018;eoc;5;0;0;0;0;0
Tana River;KE004;Garsen;KE004018;Garsen;KE0040180090;KE0040180090;13-06-2008;wra;5;16;0;0;1874;1443
Tana River;KE004;Garsen;KE004018;Garsen;KE0040180090;KE0040180090;25-11-2008;dref;5;0;0;14;10;0
Tana River;KE004;Garsen;KE004018;Garsen;KE0040180090;KE0040180090;13-06-2008;wra;5;16;0;0;1874;1443
Tana River;KE004;Garsen;KE004018;Garsen;KE0040180090;KE0040180090;25-11-2008;dref;5;0;0;14;10;0
Isiolo;KE011;Isiolo South;KE011050;Kinna;KE0110500249;KE0110500249;24-04-2005;disinventer;5;0;0;0;0;0
Isiolo;KE011;Isiolo South;KE011050;Kinna;KE0110500249;KE0110500249;24-05-2005;disinventer;5;0;0;0;0;0
Isiolo;KE011;Isiolo South;KE011050;Kinna;KE0110500249;KE0110500249;15-04-2013;eoc;5;0;0;0;0;0
Kiambu;KE022;Ruiru;KE022115;Gitothua;KE0221150569;KE0221150569;13-12-2015;eoc;5;0;0;0;0;0
Tana River;KE004;Garsen;KE004018;Kipini;KE0040180088;KE0040180088;13-06-2008;wra;5;16;0;0;1874;1443
Tana River;KE004;Garsen;KE004018;Kipini ;KE0040180088;KE0040180088;25-11-2008;dref;5;0;0;14;10;0
Tana River;KE004;Garsen;KE004018;Kipini ;KE0040180088;KE0040180088;25-11-2008;dref;5;0;0;0;0;0
Tana River;KE004;Garsen;KE004018;Kipini ;KE0040180088;KE0040180088;25-11-2008;dref;5;0;0;0;0;0
Murang'a;KE021;Mathioya;KE021105;Kiru;KE0211050520;KE0211050520;28-04-2018;eoc;5;4;0;0;0;25
Murang'a;KE021;Mathioya;KE021105;Kiru;KE0211050520;KE0211050520;28-04-2018;eoc;5;4;0;0;0;25
Murang'a;KE021;Mathioya;KE021105;Kiru;KE0211050520;KE0211050520;29-04-2018;eoc;5;0;0;0;0;0
Murang'a;KE021;Mathioya;KE021105;Kiru;KE0211050520;KE0211050520;29-04-2018;eoc;5;0;0;0;0;0
Murang'a;KE021;Kangema;KE021104;Muguru;KE0211040517;KE0211040517;09-06-2018;eoc;5;0;0;54;0;0
Murang'a;KE021;Kangema;KE021104;Muguru;KE0211040517;KE0211040517;09-06-2018;eoc;5;0;0;54;0;0
Isiolo;KE011;Isiolo North;KE011049;Burat;KE0110490246;KE0110490246;21-11-2015;eoc;5;4;0;0;0;0
Isiolo;KE011;Isiolo North;KE011049;Burat;KE0110490246;KE0110490246;15-03-2018;disinventer;5;7;0;0;0;0
Isiolo;KE011;Isiolo North;KE011049;Burat;KE0110490246;KE0110490246;15-03-2018;wra;0;0;0;0;0;0
Murang'a;KE021;Kigumo;KE021107;Kinyona;KE0211070532;KE0211070532;07-04-2013;wra;7;2;0;0;0;0
Murang'a;KE021;Kigumo;KE021107;Kinyona;KE0211070532;KE0211070532;13-04-2013;wra;7;2;0;0;0;0
Murang'a;KE021;Kigumo;KE021107;Kinyona;KE0211070532;KE0211070532;07-04-2013;wra;7;2;0;0;0;0
Murang'a;KE021;Kigumo;KE021107;Kinyona;KE0211070532;KE0211070532;13-04-2013;wra;7;2;0;0;0;0
Lamu;KE005;Lamu West;KE005022;Witu;KE0050220109;KE0050220109;25-11-2008;dref;5;0;0;14;10;0
Lamu;KE005;Lamu West;KE005022;Witu;KE0050220109;KE0050220109;25-11-2008;dref;5;0;0;0;0;0
Kitui;KE015;Kitui Rural;KE015071;Kanyangi;KE0150710353;KE0150710353;13-04-2018;eoc;5;1;0;0;0;0
Murang'a;KE021;Kangema;KE021104;Rwathe;KE0211040518;KE0211040518;08-05-2016;eoc;5;0;0;0;0;3
Murang'a;KE021;Kangema;KE021104;Rwathe;KE0211040518;KE0211040518;08-05-2016;eoc;5;0;0;0;0;3
Murang'a;KE021;Kigumo;KE021107;Kigumo;KE0211070530;KE0211070530;28-04-2016;eoc;5;0;0;0;5;27
Murang'a;KE021;Kigumo;KE021107;Kigumo;KE0211070530;KE0211070530;29-04-2016;eoc;0;0;0;0;5;27
Murang'a;KE021;Kigumo;KE021107;Kigumo;KE0211070530;KE0211070530;15-05-2018;eoc;5;0;9;0;0;700
Murang'a;KE021;Kigumo;KE021107;Kigumo;KE0211070530;KE0211070530;28-04-2016;eoc;5;0;0;0;5;27
Murang'a;KE021;Kigumo;KE021107;Kigumo;KE0211070530;KE0211070530;29-04-2016;eoc;0;0;0;0;5;27
Murang'a;KE021;Kigumo;KE021107;Kigumo;KE0211070530;KE0211070530;15-05-2018;eoc;5;0;9;0;0;700
Machakos;KE016;Mwala;KE016082;Wamunyu;KE0160820409;KE0160820409;11-04-2013;disinventer;5;1;0;0;0;0
Machakos;KE016;Mwala;KE016082;Wamunyu;KE0160820409;KE0160820409;13-04-2013;disinventer;5;1;0;0;0;0
Isiolo;KE011;Isiolo North;KE011049;Cherab;KE0110490244;KE0110490244;24-05-2005;disinventer;5;0;0;0;0;0
Isiolo;KE011;Isiolo North;KE011049;Cherab;KE0110490244;KE0110490244;25-04-2005;disinventer;5;0;0;0;0;0
Isiolo;KE011;Isiolo South;KE011050;Garbatulla;KE0110500248;KE0110500248;04-03-2010;disinventer;6;0;0;0;0;200
Isiolo;KE011;Isiolo South;KE011050;Garbatulla;KE0110500248;KE0110500248;21-04-2013;disinventer;6;0;0;0;0;0
Isiolo;KE011;Isiolo North;KE011049;Cherab;KE0110490244;KE0110490244;24-05-2005;disinventer;5;0;0;0;0;0
Isiolo;KE011;Isiolo North;KE011049;Cherab;KE0110490244;KE0110490244;29-04-2005;disinventer;6;0;0;0;0;0
Isiolo;KE011;Isiolo North;KE011049;Cherab;KE0110490244;KE0110490244;29-05-2005;disinventer;6;0;0;0;0;0
Isiolo;KE011;Isiolo North;KE011049;Cherab;KE0110490244;KE0110490244;20-11-2014;eoc;1;0;0;0;0;0
Isiolo;KE011;Isiolo North;KE011049;Cherab;KE0110490244;KE0110490244;16-11-2015;eoc;5;0;0;0;0;0
Isiolo;KE011;Isiolo North;KE011049;Oldonyiro;KE0110490247;KE0110490247;15-12-2015;eoc;5;0;0;25;0;20
Garissa;KE007;Ijara;KE007032;Ijara;KE0070320159;KE0070320159;13-05-2002;dref;5;0;0;0;0;0
Kilifi;KE003;Ganze;KE003015;Jaribuni;KE0030150073;KE0030150073;08-05-2017;eoc;5;0;0;0;0;5
Machakos;KE016;Matungulu;KE016078;Matungulu West;KE0160780388;KE0160780388;25-04-2012;eoc;5;0;4;0;0;0
Machakos;KE016;Matungulu;KE016078;Matungulu West;KE0160780388;KE0160780388;06-05-2012;disinventer;5;0;0;0;0;0
Turkana;KE023;Turkana South;KE023127;Lokichar;KE0231270637;KE0231270637;01-05-2017;eoc;5;2;0;0;0;0
Turkana;KE023;Turkana South;KE023127;Lokichar;KE0231270637;KE0231270637;01-05-2017;eoc;5;2;0;0;0;0
Baringo;KE030;Baringo South;KE030160;Ilchamus;KE0301600799;KE0301600799;13-05-2013;eoc;6;0;0;0;0;0
Baringo;KE030;Baringo South;KE030160;Ilchamus;KE0301600799;KE0301600799;02-09-2018;eoc;5;0;0;0;0;0
Turkana;KE023;Turkana South;KE023127;Lokichar;KE0231270637;KE0231270637;21-10-2017;eoc;5;0;0;0;0;0
Turkana;KE023;Turkana South;KE023127;Lokichar;KE0231270637;KE0231270637;21-10-2017;eoc;5;0;0;0;0;0
Garissa;KE007;Balambala;KE007028;Jarajara;KE0070280137;KE0070280137;24-04-2019;eoc;1;0;0;0;0;0
Taita Taveta;KE006;Taveta;KE006023;Mata;KE0060230115;KE0060230115;09-11-2013;eoc;1;0;0;0;0;0
Taita Taveta;KE006;Mwatate;KE006025;Mwatate;KE0060250121;KE0060250121;23-11-2015;eoc;1;1;0;0;0;0
Taita Taveta;KE006;Taveta;KE006023;Mata;KE0060230115;KE0060230115;09-11-2013;eoc;1;0;0;0;0;0
Taita Taveta;KE006;Mwatate;KE006025;Mwatate;KE0060250121;KE0060250121;23-11-2015;eoc;1;1;0;0;0;0
Kilifi;KE003;Kaloleni;KE003013;Kaloleni;KE0030130065;KE0030130065;01-05-2006;eoc;7;0;0;25;0;48
Taita Taveta;KE006;Voi;KE006026;Kaloleni;KE0060260127;KE0060260127;01-05-2006;eoc;7;0;0;25;0;48
Garissa;KE007;Fafi;KE007031;Bura;KE0070310152;KE0070310152;25-04-2010;dref;7;0;0;0;0;0
Taita Taveta;KE006;Mwatate;KE006025;Bura;KE0060250122;KE0060250122;25-04-2010;dref;7;0;0;0;0;0
Garissa;KE007;Fafi;KE007031;Bura;KE0070310152;KE0070310152;25-04-2010;dref;7;0;0;0;0;0
Taita Taveta;KE006;Mwatate;KE006025;Bura;KE0060250122;KE0060250122;25-04-2010;dref;7;0;0;0;0;0
Kilifi;KE003;Kaloleni;KE003013;Kaloleni;KE0030130065;KE0030130065;01-05-2006;dref;7;0;0;25;0;48
Taita Taveta;KE006;Voi;KE006026;Kaloleni;KE0060260127;KE0060260127;01-05-2006;dref;7;0;0;25;0;48
Kilifi;KE003;Kaloleni;KE003013;Kaloleni;KE0030130065;KE0030130065;01-05-2006;dref;7;0;0;25;0;48
Taita Taveta;KE006;Voi;KE006026;Kaloleni;KE0060260127;KE0060260127;01-05-2006;dref;7;0;0;25;0;48
Kilifi;KE003;Kaloleni;KE003013;Kaloleni;KE0030130065;KE0030130065;18-11-2015;eoc;7;1;0;0;0;0
Taita Taveta;KE006;Voi;KE006026;Kaloleni;KE0060260127;KE0060260127;18-11-2015;eoc;7;1;0;0;0;0
Kilifi;KE003;Kaloleni;KE003013;Kaloleni;KE0030130065;KE0030130065;18-11-2015;eoc;7;1;0;0;0;0
Taita Taveta;KE006;Voi;KE006026;Kaloleni;KE0060260127;KE0060260127;18-11-2015;eoc;7;1;0;0;0;0
Kilifi;KE003;Kaloleni;KE003013;Kaloleni;KE0030130065;KE0030130065;18-11-2015;eoc;7;1;0;0;0;0
Taita Taveta;KE006;Voi;KE006026;Kaloleni;KE0060260127;KE0060260127;18-11-2015;eoc;7;1;0;0;0;0
Kilifi;KE003;Kaloleni;KE003013;Kaloleni;KE0030130065;KE0030130065;18-11-2015;eoc;7;1;0;0;0;0
Taita Taveta;KE006;Voi;KE006026;Kaloleni;KE0060260127;KE0060260127;18-11-2015;eoc;7;1;0;0;0;0
Kajiado;KE034;Kajiado East;KE034185;Kitengela;KE0341850922;KE0341850922;23-04-2012;eoc;7;0;0;0;0;0
Kajiado;KE034;Kajiado East;KE034185;Kitengela;KE0341850922;KE0341850922;11-06-2012;dref;7;0;0;0;0;500
Kirinyaga;KE020;Mwea;KE020100;Thiba;KE0201000498;KE0201000498;08-05-2012;eoc;7;0;0;0;0;0
Kirinyaga;KE020;Mwea;KE020100;Thiba;KE0201000498;KE0201000498;01-12-2015;eoc;7;0;0;0;0;0
Kirinyaga;KE020;Mwea;KE020100;Thiba;KE0201000498;KE0201000498;20-04-2018;eoc;7;0;1;0;0;100
Uasin Gishu;KE027;Soy;KE027141;Soy;KE0271410706;KE0271410706;07-03-2014;dref;7;5;0;0;51;131
Uasin Gishu;KE027;Soy;KE027141;Soy;KE0271410706;KE0271410706;07-03-2014;dref;7;5;0;0;51;131
Taita Taveta;KE006;Taveta;KE006023;Bomani;KE0060230113;KE0060230113;11-06-2012;dref;7;0;0;0;0;105
Taita Taveta;KE006;Taveta;KE006023;Bomani;KE0060230113;KE0060230113;11-06-2012;dref;7;0;0;0;0;105
Tana River;KE004;Galole;KE004019;Chewani;KE0040190094;KE0040190094;25-11-2008;dref;5;0;0;14;10;0
Tana River;KE004;Galole;KE004019;Chewani;KE0040190094;KE0040190094;25-11-2008;dref;5;0;0;0;0;0
Tana River;KE004;Galole;KE004019;Chewani;KE0040190094;KE0040190094;27-04-2018;eoc;5;11;0;0;0;0
Tana River;KE004;Galole;KE004019;Chewani;KE0040190094;KE0040190094;27-04-2018;eoc;5;0;0;0;0;0
Tana River;KE004;Bura;KE004020;Madogo;KE0040200100;KE0040200100;03-04-2010;eoc;6;0;0;0;0;165
Tana River;KE004;Bura;KE004020;Madogo;KE0040200100;KE0040200100;03-04-2010;eoc;6;0;0;0;0;0
Tana River;KE004;Bura;KE004020;Madogo;KE0040200100;KE0040200100;25-11-2008;dref;5;0;0;14;10;0
Tana River;KE004;Bura;KE004020;Madogo;KE0040200100;KE0040200100;20-03-2013;dref;7;3;0;1;0;0
Tana River;KE004;Bura;KE004020;Madogo;KE0040200100;KE0040200100;20-03-2013;dref;7;0;0;0;0;0
Tana River;KE004;Bura;KE004020;Madogo;KE0040200100;KE0040200100;20-03-2013;dref;7;3;0;1;0;0
Tana River;KE004;Bura;KE004020;Chewele ;KE0040200096;KE0040200096;03-04-2010;dref;6;0;0;0;0;165
Tana River;KE004;Bura;KE004020;Chewele;KE0040200096;KE0040200096;03-04-2010;dref;6;0;0;0;0;165
Tana River;KE004;Bura;KE004020;Chewele;KE0040200096;KE0040200096;21-03-2010;dref;7;0;0;25;0;0
Tana River;KE004;Bura;KE004020;Chewele;KE0040200096;KE0040200096;21-03-2010;dref;7;0;0;25;0;0
Tana River;KE004;Bura;KE004020;Chewele;KE0040200096;KE0040200096;21-03-2010;dref;7;0;0;0;0;0
Tana River;KE004;Bura;KE004020;Sala;KE0040200099;KE0040200099;07-11-2008;dref;7;2;0;0;0;0
Tana River;KE004;Bura;KE004020;Sala;KE0040200099;KE0040200099;07-11-2008;dref;7;2;0;0;0;0
Marsabit;KE010;Moyale;KE010045;Moyale Township;KE0100450225;KE0100450225;11-10-2019;dref;7;0;0;0;1055;0
Marsabit;KE010;Moyale;KE010045;Moyale Township;KE0100450225;KE0100450225;11-10-2019;dref;7;0;0;0;0;0
Narok;KE033;Narok North;KE033179;Narok Town;KE0331790893;KE0331790893;17-11-2015;wra;5;15;0;0;0;0
Narok;KE033;Narok North;KE033179;Narok Town;KE0331790893;KE0331790893;17-11-2015;wra;5;15;0;0;0;0
Narok;KE033;Narok North;KE033179;Narok Town;KE0331790893;KE0331790893;17-12-2015;eoc;5;1;2;0;0;0
Narok;KE033;Narok North;KE033179;Narok Town;KE0331790893;KE0331790893;19-12-2015;eoc;5;1;0;0;0;0
Narok;KE033;Narok North;KE033179;Narok Town;KE0331790893;KE0331790893;13-03-2018;eoc;1;1;0;0;0;0
Narok;KE033;Narok North;KE033179;Narok Town;KE0331790893;KE0331790893;17-12-2015;eoc;5;1;2;0;0;0
Narok;KE033;Narok North;KE033179;Narok Town;KE0331790893;KE0331790893;19-12-2015;eoc;5;1;0;0;0;0
Narok;KE033;Narok North;KE033179;Narok Town;KE0331790893;KE0331790893;13-03-2018;eoc;1;1;0;0;0;0
Narok;KE033;Narok North;KE033179;Narok Town ;KE0331790893;KE0331790893;24-12-2009;disinventer;5;2;0;0;0;60
Narok;KE033;Narok North;KE033179;Narok Town;KE0331790893;KE0331790893;06-01-2010;disinventer;5;0;0;0;0;0
Narok;KE033;Narok North;KE033179;Narok Town;KE0331790893;KE0331790893;24-04-2012;eoc;1;0;0;0;0;0
Narok;KE033;Narok North;KE033179;Narok Town;KE0331790893;KE0331790893;28-04-2015;wra;5;15;0;0;0;0
Narok;KE033;Narok North;KE033179;Narok Town;KE0331790893;KE0331790893;29-04-2015;eoc;5;9;8;0;0;0
Narok;KE033;Narok North;KE033179;Narok Town;KE0331790893;KE0331790893;01-05-2015;eoc;0;0;0;0;0;0
Narok;KE033;Narok North;KE033179;Narok Town;KE0331790893;KE0331790893;02-05-2015;eoc;0;11;8;0;0;0
Narok;KE033;Narok North;KE033179;Narok Town;KE0331790893;KE0331790893;23-11-2015;disinventer;5;0;0;0;0;0
Narok;KE033;Narok North;KE033179;Narok Town;KE0331790893;KE0331790893;25-11-2015;eoc;0;0;0;0;0;0
Narok;KE033;Narok North;KE033179;Narok Town;KE0331790893;KE0331790893;14-12-2015;disinventer;5;1;0;0;0;0
Narok;KE033;Narok North;KE033179;Narok Town;KE0331790893;KE0331790893;03-11-2017;wra;5;0;0;0;0;0
Narok;KE033;Narok North;KE033179;Narok Town;KE0331790893;KE0331790893;25-11-2017;wra;5;0;0;0;0;0
Narok;KE033;Narok North;KE033179;Narok Town;KE0331790893;KE0331790893;26-11-2017;eoc;5;0;0;0;0;0
Narok;KE033;Narok North;KE033179;Narok Town;KE0331790893;KE0331790893;27-11-2017;eoc;0;0;0;0;0;0
Narok;KE033;Narok North;KE033179;Narok Town;KE0331790893;KE0331790893;12-01-2018;eoc;1;0;0;0;0;0
Narok;KE033;Narok North;KE033179;Narok Town;KE0331790893;KE0331790893;18-03-2018;eoc;5;4;0;0;0;0
Narok;KE033;Narok North;KE033179;Narok Town;KE0331790893;KE0331790893;19-03-2018;eoc;0;0;0;0;0;0
Narok;KE033;Narok North;KE033179;Narok Town ;KE0331790893;KE0331790893;24-12-2009;disinventer;5;2;0;0;0;60
Narok;KE033;Narok North;KE033179;Narok Town;KE0331790893;KE0331790893;06-01-2010;disinventer;5;0;0;0;0;0
Narok;KE033;Narok North;KE033179;Narok Town;KE0331790893;KE0331790893;24-04-2012;eoc;1;0;0;0;0;0
Narok;KE033;Narok North;KE033179;Narok Town;KE0331790893;KE0331790893;28-04-2015;wra;5;15;0;0;0;0
Narok;KE033;Narok North;KE033179;Narok Town;KE0331790893;KE0331790893;29-04-2015;eoc;5;9;8;0;0;0
Narok;KE033;Narok North;KE033179;Narok Town;KE0331790893;KE0331790893;01-05-2015;eoc;0;0;0;0;0;0
Narok;KE033;Narok North;KE033179;Narok Town;KE0331790893;KE0331790893;02-05-2015;eoc;0;11;8;0;0;0
Narok;KE033;Narok North;KE033179;Narok Town;KE0331790893;KE0331790893;23-11-2015;disinventer;5;0;0;0;0;0
Narok;KE033;Narok North;KE033179;Narok Town;KE0331790893;KE0331790893;25-11-2015;eoc;0;0;0;0;0;0
Narok;KE033;Narok North;KE033179;Narok Town;KE0331790893;KE0331790893;14-12-2015;disinventer;5;1;0;0;0;0
Narok;KE033;Narok North;KE033179;Narok Town;KE0331790893;KE0331790893;03-11-2017;wra;5;0;0;0;0;0
Narok;KE033;Narok North;KE033179;Narok Town;KE0331790893;KE0331790893;25-11-2017;wra;5;0;0;0;0;0
Narok;KE033;Narok North;KE033179;Narok Town;KE0331790893;KE0331790893;26-11-2017;eoc;5;0;0;0;0;0
Narok;KE033;Narok North;KE033179;Narok Town;KE0331790893;KE0331790893;27-11-2017;eoc;0;0;0;0;0;0
Narok;KE033;Narok North;KE033179;Narok Town;KE0331790893;KE0331790893;12-01-2018;eoc;1;0;0;0;0;0
Narok;KE033;Narok North;KE033179;Narok Town;KE0331790893;KE0331790893;18-03-2018;eoc;5;4;0;0;0;0
Narok;KE033;Narok North;KE033179;Narok Town;KE0331790893;KE0331790893;19-03-2018;eoc;0;0;0;0;0;0
Tana River;KE004;Bura;KE004020;Hirimani;KE0040200097;KE0040200097;30-05-2012;eoc;7;0;0;2340;0;0
Tana River;KE004;Bura;KE004020;Hirimani;KE0040200097;KE0040200097;30-05-2012;eoc;7;0;0;0;0;0
Tana River;KE004;Galole;KE004019;Kinakomba;KE0040190092;KE0040190092;25-11-2008;dref;5;0;0;14;10;0
Tana River;KE004;Galole;KE004019;Kinakomba;KE0040190092;KE0040190092;25-11-2008;dref;5;0;0;0;0;0
Marsabit;KE010;North Horr;KE010046;North Horr;KE0100460231;KE0100460231;29-05-2016;eoc;5;0;0;0;0;0
Marsabit;KE010;North Horr;KE010046;North Horr;KE0100460231;KE0100460231;29-05-2016;eoc;5;0;0;0;0;0
Narok;KE033;Narok South;KE033181;Ololulung'a;KE0331810902;KE0331810902;03-04-2013;disinventer;5;10;0;0;0;0
Narok;KE033;Narok South;KE033181;Ololulung'a;KE0331810902;KE0331810902;03-04-2013;disinventer;5;10;0;0;0;0
Narok;KE033;Narok South;KE033181;Ololulung'a;KE0331810902;KE0331810902;13-04-2013;disinventer;5;10;2;0;0;0
Narok;KE033;Narok South;KE033181;Ololulung'a;KE0331810902;KE0331810902;13-04-2013;disinventer;5;10;2;0;0;0
Turkana;KE023;Turkana Central;KE023125;Lodwar Township;KE0231250627;KE0231250627;10-05-2010;disinventer;5;4;0;0;0;0
Turkana;KE023;Turkana Central;KE023125;Lodwar Township;KE0231250627;KE0231250627;10-05-2010;disinventer;5;4;0;0;0;0
Turkana;KE023;Turkana Central;KE023125;Lodwar Township;KE0231250627;KE0231250627;10-05-2010;disinventer;5;4;0;0;0;0
Turkana;KE023;Turkana Central;KE023125;Lodwar Township;KE0231250627;KE0231250627;10-05-2010;disinventer;5;0;0;0;0;0
Turkana;KE023;Turkana Central;KE023125;Lodwar Township;KE0231250627;KE0231250627;13-05-2010;disinventer;6;0;0;0;0;0
Turkana;KE023;Turkana Central;KE023125;Lodwar Township;KE0231250627;KE0231250627;09-03-2016;eoc;5;3;0;0;0;0
Turkana;KE023;Turkana Central;KE023125;Lodwar Township;KE0231250627;KE0231250627;13-05-2010;eoc;6;0;0;0;0;0
Turkana;KE023;Turkana Central;KE023125;Lodwar Township;KE0231250627;KE0231250627;13-05-2010;eoc;6;0;0;0;0;0
Turkana;KE023;Turkana Central;KE023125;Lodwar Township;KE0231250627;KE0231250627;27-10-2006;disinventer;5;2;0;105;0;105
Turkana;KE023;Turkana Central;KE023125;Lodwar Township;KE0231250627;KE0231250627;10-05-2010;disinventer;5;3;0;0;0;0
Turkana;KE023;Turkana Central;KE023125;Lodwar Township;KE0231250627;KE0231250627;24-02-2011;disinventer;5;0;1;0;0;0
Turkana;KE023;Turkana Central;KE023125;Lodwar Township;KE0231250627;KE0231250627;28-04-2016;eoc;5;7;0;0;0;0
Turkana;KE023;Turkana Central;KE023125;Lodwar Township;KE0231250627;KE0231250627;27-10-2006;disinventer;5;2;0;105;0;105
Turkana;KE023;Turkana Central;KE023125;Lodwar Township;KE0231250627;KE0231250627;10-05-2010;disinventer;5;3;0;0;0;0
Turkana;KE023;Turkana Central;KE023125;Lodwar Township;KE0231250627;KE0231250627;24-02-2011;disinventer;5;0;1;0;0;0
Turkana;KE023;Turkana Central;KE023125;Lodwar Township;KE0231250627;KE0231250627;24-02-2011;disinventer;5;0;0;0;0;0
Turkana;KE023;Turkana Central;KE023125;Lodwar Township;KE0231250627;KE0231250627;26-11-2014;eoc;5;0;0;20;0;0
Turkana;KE023;Turkana Central;KE023125;Lodwar Township;KE0231250627;KE0231250627;22-04-2018;disinventer;5;0;0;5592;0;0
Turkana;KE023;Turkana Central;KE023125;Lodwar Township;KE0231250627;KE0231250627;25-05-2018;eoc;5;0;0;0;0;0
Turkana;KE023;Turkana Central;KE023125;Lodwar Township;KE0231250627;KE0231250627;26-11-2014;eoc;5;0;0;20;0;0
Turkana;KE023;Turkana Central;KE023125;Lodwar Township;KE0231250627;KE0231250627;22-04-2018;disinventer;5;0;0;5592;0;0
Turkana;KE023;Turkana Central;KE023125;Lodwar Township;KE0231250627;KE0231250627;25-05-2018;eoc;5;0;0;0;0;0
Kilifi;KE003;Malindi;KE003016;Malindi Town;KE0030160078;KE0030160078;23-05-2017;eoc;5;0;0;0;1;0
Nakuru;KE032;Naivasha;KE032168;Hells Gate;KE0321680837;KE0321680837;23-04-2012;eoc;5;7;0;0;0;0
Nakuru;KE032;Naivasha;KE032168;Hells Gate;KE0321680837;KE0321680837;23-04-2012;eoc;5;7;0;0;0;0
Wajir;KE008;Wajir West;KE008036;Arbajahan;KE0080360176;KE0080360176;28-10-2006;disinventer;5;0;0;0;0;0
Wajir;KE008;Wajir East;KE008034; Khorof Harrar;KE0080340171;KE0080340171;28-10-2006;disinventer;5;0;0;0;0;0
Wajir;KE008;Wajir West;KE008036;Arbajahan;KE0080360176;KE0080360176;25-11-2008;dref;5;0;0;0;0;0
Wajir;KE008;Wajir West;KE008036;Arbajahan;KE0080360176;KE0080360176;25-11-2008;dref;5;0;0;0;0;0
Wajir;KE008;Wajir East;KE008034; Khorof Harrar;KE0080340171;KE0080340171;25-11-2008;dref;5;0;0;0;0;0
Wajir;KE008;Wajir West;KE008036;Arbajahan;KE0080360176;KE0080360176;25-11-2008;dref;5;0;0;0;0;0
Siaya;KE041;Rarieda;KE041237;West Uyoma;KE0412371185;KE0412371185;14-01-2010;disinventer;5;0;0;0;0;0
Siaya;KE041;Rarieda;KE041237;West Uyoma;KE0412371185;KE0412371185;14-01-2010;disinventer;5;0;0;0;0;0
Isiolo;KE011;Isiolo North;KE011049;Bulla Pesa;KE0110490242;KE0110490242;15-03-2018;wra;5;0;0;0;0;0
Turkana;KE023;Turkana Central;KE023125;Kerio Delta;KE0231250624;KE0231250624;01-07-2010;disinventer;5;0;0;191;0;0
Nairobi;KE047;Embakasi South;KE047282;Imara Daima;KE0472821406;KE0472821406;26-12-2012;eoc;5;0;0;0;100;0
Nairobi;KE047;Embakasi South;KE047282;Imara Daima;KE0472821406;KE0472821406;26-12-2012;eoc;5;0;0;0;100;0
Siaya;KE041;Rarieda;KE041237;North Uyoma;KE0412371183;KE0412371183;27-12-2009;disinventer;5;5;0;101;0;0
Siaya;KE041;Rarieda;KE041237;North Uyoma;KE0412371183;KE0412371183;27-12-2009;disinventer;5;5;0;101;0;0
Turkana;KE023;Turkana North;KE023123;Kaaleng-Kaikor;KE0231230614;KE0231230614;01-05-2017;eoc;5;0;0;0;0;0
Turkana;KE023;Turkana North;KE023123;Kaaleng-Kaikor;KE0231230614;KE0231230614;01-05-2017;eoc;5;0;0;0;0;0
Turkana;KE023;Turkana North;KE023123;Kaaleng-Kaikor;KE0231230614;KE0231230614;01-05-2017;eoc;5;0;0;0;0;0
Turkana;KE023;Turkana North;KE023123;Kaaleng-Kaikor;KE0231230614;KE0231230614;01-05-2017;eoc;5;0;0;0;0;0
Baringo;KE030;Eldama Ravine;KE030162;Lembus-Perkerra;KE0301620809;KE0301620809;22-05-2017;eoc;5;0;0;7;0;0
Makueni;KE017;Kibwezi West;KE017087;Emali-Mulala;KE0170870436;KE0170870436;03-03-2018;eoc;5;0;0;0;0;0
Tana River;KE004;Galole;KE004019;Wayu;KE0040190095;KE0040190095;03-04-2010;eoc;6;0;0;0;0;165
Tana River;KE004;Galole;KE004019;Wayu;KE0040190095;KE0040190095;03-04-2010;eoc;6;0;0;0;0;0
Tana River;KE004;Galole;KE004019;Wayu;KE0040190095;KE0040190095;03-04-2010;eoc;6;0;0;0;0;0
Samburu;KE025;Samburu North;KE025134;El Barta;KE0251340666;KE0251340666;01-05-2017;wra;5;0;0;0;0;0
Samburu;KE025;Samburu North;KE025134;El Barta;KE0251340666;KE0251340666;01-05-2017;wra;5;0;0;0;0;0
Murang'a;KE021;Kigumo;KE021107;Muthithi;KE0211070529;KE0211070529;08-04-2010;wra;7;1;0;0;0;0
Murang'a;KE021;Kigumo;KE021107;Muthithi;KE0211070529;KE0211070529;08-04-2010;wra;7;1;0;0;0;0
Samburu;KE025;Samburu North;KE025134;Angata Nanyukie;KE0251340670;KE0251340670;01-05-2017;wra;5;0;0;0;0;0
Samburu;KE025;Samburu North;KE025134;Angata Nanyukie;KE0251340670;KE0251340670;01-05-2017;wra;5;0;0;0;0;0
Nairobi;KE047;Ruaraka;KE047281;Mathare North;KE0472811403;KE0472811403;11-06-2012;dref;5;1;0;0;0;643
Nairobi;KE047;Ruaraka;KE047281;Mathare North;KE0472811403;KE0472811403;11-06-2012;dref;5;1;0;0;0;643
Isiolo;KE011;Isiolo South;KE011050;Sericho;KE0110500250;KE0110500250;24-05-2005;disinventer;5;0;0;0;0;0
Isiolo;KE011;Isiolo South;KE011050;Sericho;KE0110500250;KE0110500250;24-05-2005;disinventer;5;0;0;0;0;0
Isiolo;KE011;Isiolo South;KE011050;Sericho;KE0110500250;KE0110500250;01-12-2015;eoc;5;0;0;0;0;0
Elgeyo-Marakwet;KE028;Keiyo South;KE028150;Kaptarakwa;KE0281500745;KE0281500745;15-01-2013;dref;5;9;9;0;12;72
Elgeyo-Marakwet;KE028;Keiyo South;KE028150;Chepkorio;KE0281500746;KE0281500746;07-03-2014;dref;5;8;0;0;12;72
Tana River;KE004;Garsen;KE004018;Garsen North Ward;KE0040180091;KE0040180091;27-04-2018;eoc;5;11;0;0;0;0
Tana River;KE004;Garsen;KE004018;Garsen North Ward;KE0040180091;KE0040180091;27-04-2018;eoc;5;0;0;0;0;0
Siaya;KE041;Ugenya;KE041232;East Ugenya;KE0412321159;KE0412321159;06-12-2011;disinventer;5;0;0;0;500;5000
Siaya;KE041;Ugenya;KE041232;East Ugenya;KE0412321159;KE0412321159;31-05-2013;dref;5;0;0;0;0;661
Siaya;KE041;Ugenya;KE041232;East Ugenya;KE0412321159;KE0412321159;06-12-2011;disinventer;5;0;0;0;500;5000
Siaya;KE041;Ugenya;KE041232;East Ugenya;KE0412321159;KE0412321159;31-05-2013;dref;5;0;0;0;0;661
Murang'a;KE021;Maragwa;KE021108;Ichagaki;KE0211080537;KE0211080537;03-11-2009;dref;7;1;0;1;0;0
Murang'a;KE021;Maragwa;KE021108;Ichagaki;KE0211080537;KE0211080537;03-11-2009;dref;7;1;0;1;0;0
Nairobi;KE047;Embakasi West;KE047286;Kariobangi South;KE0472861429;KE0472861429;17-01-2016;eoc;7;0;0;0;0;0
Nairobi;KE047;Embakasi West;KE047286;Kariobangi South;KE0472861429;KE0472861429;17-01-2016;eoc;7;0;0;0;0;0
Tana River;KE004;Garsen;KE004018;Kipini East;KE0040180086;KE0040180086;25-11-2008;dref;5;0;0;14;10;0
Tana River;KE004;Garsen;KE004018;Kipini East;KE0040180086;KE0040180086;25-11-2008;dref;5;0;0;0;0;0
Tana River;KE004;Garsen;KE004018;Garsen Central;KE0040180089;KE0040180089;14-04-2013;eoc;5;0;0;0;0;0
Tana River;KE004;Garsen;KE004018;Garsen Central;KE0040180089;KE0040180089;27-04-2018;eoc;5;11;0;0;0;0
Tana River;KE004;Garsen;KE004018;Garsen Central;KE0040180089;KE0040180089;14-04-2013;eoc;5;0;0;0;0;0
Tana River;KE004;Garsen;KE004018;Garsen Central;KE0040180089;KE0040180089;27-04-2018;eoc;5;11;0;0;0;0
Tana River;KE004;Garsen;KE004018;Garsen Central;KE0040180089;KE0040180089;30-05-2012;eoc;7;0;0;2340;0;0
Tana River;KE004;Garsen;KE004018;Garsen Central;KE0040180089;KE0040180089;30-05-2012;eoc;7;0;0;2340;0;0
Tana River;KE004;Garsen;KE004018;Garsen Central;KE0040180089;KE0040180089;30-05-2012;eoc;7;0;0;0;0;0
Tana River;KE004;Garsen;KE004018;Garsen Central;KE0040180089;KE0040180089;30-05-2012;eoc;7;0;0;0;0;0
Nyeri;KE019;Mukurwe-Ini;KE019098;Mukurwe-Ini Central;KE0190980490;KE0190980490;13-05-2012;disinventer;5;0;0;0;5;0
Nyeri;KE019;Mukurwe-Ini;KE019098;Mukurwe-Ini Central;KE0190980490;KE0190980490;13-05-2012;disinventer;5;0;0;0;5;0
Nyeri;KE019;Mukurwe-Ini;KE019098;Mukurwe-Ini Central;KE0190980490;KE0190980490;05-05-2010;dref;5;2;0;0;0;150
Nyeri;KE019;Mukurwe-Ini;KE019098;Mukurwe-Ini Central;KE0190980490;KE0190980490;05-05-2010;dref;5;2;0;0;0;150
Murang'a;KE021;Kangema;KE021104;Kanyenya-Ini;KE0211040516;KE0211040516;07-11-2008;disinventer;5;10;0;2;10;0
Murang'a;KE021;Kangema;KE021104;Kanyenya-Ini;KE0211040516;KE0211040516;01-05-2009;disinventer;7;1;0;5;0;0
Murang'a;KE021;Kangema;KE021104;Kanyenya-Ini;KE0211040516;KE0211040516;01-05-2009;disinventer;7;0;0;0;0;0
Murang'a;KE021;Kangema;KE021104;Kanyenya-Ini;KE0211040516;KE0211040516;01-05-2009;disinventer;7;1;0;5;0;0
Homa Bay;KE043;Karachuonyo;KE043247;Karachuonyo North;KE0432471231;KE0432471231;29-11-2015;eoc;7;0;0;0;0;0
Machakos;KE016;Mavoko;KE016080;Athi River;KE0160800394;KE0160800394;01-03-2012;disinventer;5;0;0;0;0;0
Machakos;KE016;Mavoko;KE016080;Athi River;KE0160800394;KE0160800394;21-04-2012;eoc;5;0;0;0;0;144
Machakos;KE016;Mavoko;KE016080;Athi River;KE0160800394;KE0160800394;04-05-2012;disinventer;5;0;0;0;0;0
Machakos;KE016;Mavoko;KE016080;Athi River;KE0160800394;KE0160800394;05-05-2012;eoc;5;0;0;0;0;70
Machakos;KE016;Mavoko;KE016080;Athi River;KE0160800394;KE0160800394;09-06-2012;eoc;0;0;0;0;0;0
Machakos;KE016;Mavoko;KE016080;Athi River;KE0160800394;KE0160800394;11-06-2012;dref;0;4;38;0;0;0
Machakos;KE016;Mavoko;KE016080;Athi River;KE0160800394;KE0160800394;20-03-2013;eoc;5;1;0;0;0;0
Machakos;KE016;Mavoko;KE016080;Athi River;KE0160800394;KE0160800394;08-04-2013;eoc;0;0;0;0;0;0
Machakos;KE016;Mavoko;KE016080;Athi River;KE0160800394;KE0160800394;04-06-2015;eoc;5;3;0;0;0;0
Machakos;KE016;Mavoko;KE016080;Athi River;KE0160800394;KE0160800394;13-12-2015;eoc;5;0;0;0;0;0
Machakos;KE016;Mavoko;KE016080;Athi River;KE0160800394;KE0160800394;11-02-2016;eoc;5;0;0;0;0;0
Machakos;KE016;Mavoko;KE016080;Athi River;KE0160800394;KE0160800394;12-11-2017;eoc;5;0;0;0;0;0
Siaya;KE041;Ugenya;KE041232;West Ugenya;KE0412321156;KE0412321156;06-12-2011;disinventer;5;0;0;0;500;5000
Siaya;KE041;Ugenya;KE041232;West Ugenya;KE0412321156;KE0412321156;31-05-2013;dref;5;0;0;0;0;661
Siaya;KE041;Ugenya;KE041232;West Ugenya;KE0412321156;KE0412321156;31-05-2013;dref;5;0;0;0;0;0
Siaya;KE041;Ugenya;KE041232;West Ugenya;KE0412321156;KE0412321156;31-05-2013;dref;5;0;0;0;0;0
Tharaka-Nithi;KE013;Tharaka;KE013062;Gatunga;KE0130620306;KE0130620306;11-11-2015;eoc;5;0;0;0;0;0
Tharaka-Nithi;KE013;Tharaka;KE013062;Gatunga;KE0130620306;KE0130620306;11-11-2015;eoc;5;0;0;0;0;0
Tana River;KE004;Garsen;KE004018;Kipini West;KE0040180088;KE0040180088;18-06-2018;eoc;5;0;0;0;0;0
Tana River;KE004;Garsen;KE004018;Kipini West;KE0040180088;KE0040180088;18-06-2018;eoc;5;0;0;0;0;0
Tharaka-Nithi;KE013;Chuka-Igambang'ombe;KE013061;Magumoni;KE0130610303;KE0130610303;04-05-2018;eoc;5;0;0;0;0;0
Tharaka-Nithi;KE013;Chuka-Igambang'ombe;KE013061;Magumoni;KE0130610303;KE0130610303;04-05-2018;eoc;5;0;0;0;0;0
Siaya;KE041;Alego Usonga;KE041234;South East Alego;KE0412341168;KE0412341168;04-01-2010;disinventer;5;0;0;0;0;0
Siaya;KE041;Alego Usonga;KE041234;South East Alego;KE0412341168;KE0412341168;04-01-2010;disinventer;5;0;0;0;0;0
Tana River;KE004;Garsen;KE004018;Garsen North;KE0040180091;KE0040180091;27-04-2018;eoc;5;11;0;0;0;0
Tana River;KE004;Garsen;KE004018;Garsen North;KE0040180091;KE0040180091;27-04-2018;eoc;5;11;0;0;0;0
Tana River;KE004;Garsen;KE004018;Garsen North;KE0040180091;KE0040180091;27-04-2018;eoc;5;0;0;0;0;0
Tana River;KE004;Garsen;KE004018;Garsen North;KE0040180091;KE0040180091;27-04-2018;eoc;5;0;0;0;0;0
Tana River;KE004;Garsen;KE004018;Garsen North;KE0040180091;KE0040180091;30-05-2012;eoc;7;0;0;2340;0;0
Tana River;KE004;Garsen;KE004018;Garsen North;KE0040180091;KE0040180091;27-04-2018;eoc;5;11;0;0;0;0
Tana River;KE004;Garsen;KE004018;Garsen North;KE0040180091;KE0040180091;30-05-2012;eoc;7;0;0;2340;0;0
Tana River;KE004;Garsen;KE004018;Garsen North;KE0040180091;KE0040180091;30-05-2012;eoc;7;0;0;0;0;0
Tana River;KE004;Garsen;KE004018;Garsen North;KE0040180091;KE0040180091;25-05-2010;eoc;6;0;0;1209;0;0
Tana River;KE004;Garsen;KE004018;Garsen North;KE0040180091;KE0040180091;25-05-2010;eoc;6;0;0;0;0;0
Isiolo;KE011;Isiolo North;KE011049;Ngare Mara;KE0110490245;KE0110490245;15-03-2018;wra;5;0;0;0;0;0
Isiolo;KE011;Isiolo North;KE011049;Bula Pesa;KE0110490242;KE0110490242;24-05-2005;disinventer;5;0;0;0;0;0
Tharaka-Nithi;KE013;Maara;KE013060;Muthambi;KE0130600297;KE0130600297;14-11-2015;eoc;5;0;0;0;0;0
Tharaka-Nithi;KE013;Maara;KE013060;Muthambi;KE0130600297;KE0130600297;14-11-2015;eoc;5;0;0;0;0;0
Tana River;KE004;Garsen;KE004018;Garsen South;KE0040180087;KE0040180087;28-10-2009;eoc;7;0;0;230;0;0
Tana River;KE004;Garsen;KE004018;Garsen South;KE0040180087;KE0040180087;25-05-2010;eoc;6;0;0;1209;0;0
Tana River;KE004;Garsen;KE004018;Garsen South;KE0040180087;KE0040180087;28-10-2009;eoc;7;0;0;230;0;0
Tana River;KE004;Garsen;KE004018;Garsen South;KE0040180087;KE0040180087;14-11-2015;eoc;7;0;0;0;0;0
Turkana;KE023;Turkana East;KE023128;Lokori-Kochodin;KE0231280640;KE0231280640;01-07-2010;disinventer;5;0;0;334;0;0
Turkana;KE023;Turkana East;KE023128;Lokori-Kochodin;KE0231280640;KE0231280640;01-07-2010;disinventer;5;0;0;334;0;0
Wajir;KE008;Wajir South;KE008038;Dadaja Bulla;KE0080380186;KE0080380186;01-07-2010;disinventer;5;0;0;0;0;0
Wajir;KE008;Wajir South;KE008038;Dadaja Bulla;KE0080380186;KE0080380186;01-07-2010;disinventer;5;0;0;0;0;0
Wajir;KE008;Wajir South;KE008038;Dadaja Bulla;KE0080380186;KE0080380186;01-07-2010;disinventer;5;0;0;0;0;0
Wajir;KE008;Wajir South;KE008038;Dadaja Bulla;KE0080380186;KE0080380186;01-07-2010;disinventer;5;0;0;0;0;0
Wajir;KE008;Wajir South;KE008038;Dadaja Bulla;KE0080380186;KE0080380186;01-07-2010;disinventer;5;0;0;0;0;0
Wajir;KE008;Wajir South;KE008038;Dadaja Bulla;KE0080380186;KE0080380186;01-07-2010;disinventer;5;0;0;0;0;0
Wajir;KE008;Wajir South;KE008038;Dadaja Bulla;KE0080380186;KE0080380186;01-07-2010;disinventer;5;0;0;0;0;0
Wajir;KE008;Wajir South;KE008038;Dadaja Bulla;KE0080380186;KE0080380186;01-07-2010;disinventer;5;0;0;0;0;0
Wajir;KE008;Wajir South;KE008038;Dadaja Bulla;KE0080380186;KE0080380186;01-07-2010;disinventer;5;0;0;0;0;0
Wajir;KE008;Wajir South;KE008038;Dadaja Bulla;KE0080380186;KE0080380186;01-07-2010;disinventer;5;0;0;0;0;0
Wajir;KE008;Wajir South;KE008038;Dadaja Bulla;KE0080380186;KE0080380186;01-07-2010;disinventer;5;0;0;0;0;0
Wajir;KE008;Wajir South;KE008038;Dadaja Bulla;KE0080380186;KE0080380186;28-10-2006;disinventer;5;0;0;0;0;0
Wajir;KE008;Wajir South;KE008038;Dadaja Bulla;KE0080380186;KE0080380186;28-10-2006;disinventer;5;0;0;0;0;0
Wajir;KE008;Wajir South;KE008038;Dadaja Bulla;KE0080380186;KE0080380186;28-10-2006;disinventer;5;0;0;0;0;0
Wajir;KE008;Wajir South;KE008038;Dadaja Bulla;KE0080380186;KE0080380186;28-10-2006;disinventer;5;0;0;0;0;0
Wajir;KE008;Wajir South;KE008038;Dadaja Bulla;KE0080380186;KE0080380186;28-10-2006;disinventer;5;0;0;0;0;0
Wajir;KE008;Wajir South;KE008038;Dadaja Bulla;KE0080380186;KE0080380186;28-10-2006;disinventer;5;0;0;0;0;0
Wajir;KE008;Wajir South;KE008038;Dadaja Bulla;KE0080380186;KE0080380186;28-10-2006;disinventer;5;0;0;0;0;0
Wajir;KE008;Wajir South;KE008038;Dadaja Bulla;KE0080380186;KE0080380186;28-10-2006;disinventer;5;0;0;0;0;0
Wajir;KE008;Wajir South;KE008038;Dadaja Bulla;KE0080380186;KE0080380186;28-10-2006;disinventer;5;0;0;0;0;0
Wajir;KE008;Wajir South;KE008038;Dadaja Bulla;KE0080380186;KE0080380186;28-10-2006;disinventer;5;0;0;0;0;0
Wajir;KE008;Wajir South;KE008038;Dadaja Bulla;KE0080380186;KE0080380186;28-10-2006;disinventer;5;0;0;0;0;0
Bungoma;KE039;Sirisia;KE039217;Malakisi-South Kulisiru;KE0392171083;KE0392171083;21-10-2015;disinventer;6;0;0;0;5;0
Kakamega;KE037;Mumias East;KE037205;Malaha-Isongo-Makunga;KE0372051025;KE0372051025;13-11-2008;disinventer;5;0;0;0;0;0
Kakamega;KE037;Mumias East;KE037205;Malaha-Isongo-Makunga;KE0372051025;KE0372051025;18-12-2015;eoc;5;0;0;1;0;0
Kilifi;KE003;Kilifi South;KE003012;Shimo La Tewa;KE0030120060;KE0030120060;22-05-2010;disinventer;5;0;0;354;0;0
Tharaka-Nithi;KE013;Tharaka;KE013062;Mukothima;KE0130620307;KE0130620307;07-11-2017;eoc;5;0;0;0;0;0
Tharaka-Nithi;KE013;Tharaka;KE013062;Mukothima;KE0130620307;KE0130620307;07-11-2017;eoc;5;0;0;0;0;0
Makueni;KE017;Makueni;KE017086;Nzaui-Kilili-Kalamba;KE0170860429;KE0170860429;14-11-2015;disinventer;5;0;0;0;3;0
Makueni;KE017;Makueni;KE017086;Nzaui-Kilili-Kalamba;KE0170860429;KE0170860429;24-04-2018;eoc;5;0;0;0;0;0
Marsabit;KE010;Laisamis;KE010048;Kargi- South Horr;KE0100480237;KE0100480237;19-04-2017;eoc;5;0;0;0;45;0
Marsabit;KE010;Laisamis;KE010048;Kargi-South Horr;KE0100480237;KE0100480237;09-03-2019;eoc;5;0;43;0;0;0
