[
    {
        "rows": [
            [
                {
                    "name": "name"
                },
                {
                    "name": "year"
                },
                false,
                false
            ]
        ],
        "style": "default",
        "label": ""
    },
    {
        "rows": [
            [
                {
                    "name": "regions"
                },
                false,
                false,
                {
                    "name": "branchs"
                }
            ]
        ],
        "dynamicLogicVisible": null,
        "style": "default",
        "tabBreak": false,
        "hidden": false,
        "noteText": null,
        "noteStyle": "info",
        "customLabel": "Location"
    },
    {
        "rows": [
            [
                {
                    "name": "source"
                }
            ],
            [
                {
                    "name": "directlyAffected"
                },
                {
                    "name": "indirectlyAffected"
                }
            ]
        ],
        "dynamicLogicVisible": null,
        "style": "default",
        "tabBreak": false,
        "tabLabel": null,
        "hidden": false,
        "noteText": null,
        "noteStyle": "info",
        "customLabel": "Flood Impact (2nd source)"
    }
]