,dis
1997-01-02,95.937874
1997-01-05,109.79854
1997-01-09,117.93854
1997-01-12,127.280594
1997-01-16,107.88646
1997-01-19,202.36728
1997-01-23,182.02925
1997-01-26,207.04826
1997-01-30,113.68181
1997-02-02,91.25833
1997-02-06,77.38793
1997-02-09,69.108826
1997-02-13,62.59592
1997-02-16,61.81757
1997-02-20,52.132164
1997-02-23,51.846653
1997-02-27,47.77399
1997-03-02,42.112877
1997-03-06,36.659344
1997-03-09,34.57193
1997-03-13,36.441463
1997-03-16,32.25688
1997-03-20,33.54403
1997-03-23,32.56551
1997-03-27,91.884514
1997-03-30,160.08989
1997-04-03,245.36961
1997-04-06,228.85869
1997-04-10,200.82481
1997-04-13,180.90419
1997-04-17,212.73859
1997-04-20,270.38895
1997-04-24,291.0868
1997-04-27,269.72433
1997-05-01,435.8932
1997-05-04,343.33582
1997-05-08,240.24377
1997-05-11,232.2079
1997-05-15,363.79736
1997-05-18,350.87744
1997-05-22,245.4652
1997-05-25,227.8682
1997-05-29,202.46922
1997-06-01,215.68184
1997-06-05,245.30638
1997-06-08,269.04584
1997-06-12,196.78609
1997-06-15,188.53714
1997-06-19,193.84656
1997-06-22,230.03014
1997-06-26,175.88928
1997-06-29,160.49055
1997-07-03,143.89
1997-07-06,126.32186
1997-07-10,169.82797
1997-07-13,163.84749
1997-07-17,309.65906
1997-07-20,212.36626
1997-07-24,177.10321
1997-07-27,165.32524
1997-07-31,126.07833
1997-08-03,160.99278
1997-08-07,182.44238
1997-08-10,191.5763
1997-08-14,160.22632
1997-08-17,187.09615
1997-08-21,181.3288
1997-08-24,193.77931
1997-08-28,183.41371
1997-08-31,173.82233
1997-09-04,100.3364
1997-09-07,87.01996
1997-09-11,96.195694
1997-09-14,95.82398
1997-09-18,91.70055
1997-09-21,82.39622
1997-09-25,80.80936
1997-09-28,80.20733
1997-10-02,86.57853
1997-10-05,91.76522
1997-10-09,107.02917
1997-10-12,154.02928
1997-10-16,217.3541
1997-10-19,300.3887
1997-10-23,381.38568
1997-10-26,338.19507
1997-10-30,266.48068
1997-11-02,367.9046
1997-11-06,537.7096
1997-11-09,408.73996
1997-11-13,603.76025
1997-11-16,559.1491
1997-11-20,494.90598
1997-11-23,575.28357
1997-11-27,502.4356
1997-11-30,579.0766
1997-12-04,648.6083
1997-12-07,747.40607
1997-12-11,695.127
1997-12-14,956.76154
1997-12-18,920.59106
1997-12-21,840.36487
1997-12-25,745.38226
1997-12-28,764.9125
1998-01-02,607.87854
1998-01-05,849.6961
1998-01-09,804.57043
1998-01-12,950.6352
1998-01-16,669.2986
1998-01-19,643.89417
1998-01-23,549.905
1998-01-26,467.7925
1998-01-30,586.737
1998-02-02,459.06375
1998-02-06,353.5367
1998-02-09,355.94574
1998-02-13,609.5569
1998-02-16,369.08087
1998-02-20,568.48083
1998-02-23,253.51039
1998-02-27,192.34454
1998-03-02,170.7858
1998-03-06,154.67383
1998-03-09,185.27274
1998-03-13,190.36113
1998-03-16,147.03035
1998-03-20,133.6313
1998-03-23,171.24754
1998-03-27,197.09898
1998-03-30,185.50885
1998-04-03,153.98451
1998-04-06,194.09435
1998-04-10,234.38722
1998-04-13,424.88925
1998-04-17,486.87714
1998-04-20,356.10382
1998-04-24,388.702
1998-04-27,639.7023
1998-05-01,384.9187
1998-05-04,509.42606
1998-05-08,454.47775
1998-05-11,390.0157
1998-05-15,405.991
1998-05-18,347.21136
1998-05-22,249.16292
1998-05-25,298.9918
1998-05-29,221.76907
1998-06-01,196.50182
1998-06-05,245.05995
1998-06-08,311.90884
1998-06-12,236.5225
1998-06-15,209.87918
1998-06-19,511.0956
1998-06-22,255.93103
1998-06-26,217.05817
1998-06-29,233.26228
1998-07-03,223.67422
1998-07-06,166.57594
1998-07-10,162.18564
1998-07-13,180.444
1998-07-17,168.46309
1998-07-20,177.95705
1998-07-24,148.06837
1998-07-27,166.9063
1998-07-31,168.61227
1998-08-03,173.35562
1998-08-07,173.70808
1998-08-10,149.44421
1998-08-14,168.38457
1998-08-17,122.07078
1998-08-21,187.55641
1998-08-24,118.61966
1998-08-28,179.44685
1998-08-31,221.22842
1998-09-04,151.66911
1998-09-07,120.79446
1998-09-11,109.92475
1998-09-14,131.45648
1998-09-18,178.03722
1998-09-21,150.41101
1998-09-25,124.20505
1998-09-28,214.33421
1998-10-02,228.19063
1998-10-05,179.89749
1998-10-09,126.35623
1998-10-12,203.77565
1998-10-16,221.1121
1998-10-19,209.7334
1998-10-23,144.01959
1998-10-26,201.47514
1998-10-30,184.08678
1998-11-02,265.4756
1998-11-06,212.4237
1998-11-09,210.76541
1998-11-13,255.58447
1998-11-16,176.63506
1998-11-20,222.48228
1998-11-23,167.17606
1998-11-27,137.48296
1998-11-30,121.19231
1998-12-04,105.36162
1998-12-07,102.95337
1998-12-11,109.00419
1998-12-14,95.33154
1998-12-18,93.2297
1998-12-21,96.76569
1998-12-25,83.45247
1998-12-28,77.57598
1999-01-02,76.71253
1999-01-05,74.87439
1999-01-09,68.71603
1999-01-12,96.50892
1999-01-16,95.70859
1999-01-19,131.79474
1999-01-23,99.83992
1999-01-26,93.9208
1999-01-30,71.95861
1999-02-02,65.49256
1999-02-06,58.922363
1999-02-09,54.68252
1999-02-13,51.33991
1999-02-16,54.810932
1999-02-20,45.026505
1999-02-23,41.05529
1999-02-27,38.322662
1999-03-02,43.21576
1999-03-06,52.217976
1999-03-09,94.226326
1999-03-13,180.58177
1999-03-16,570.4635
1999-03-20,228.38075
1999-03-23,171.23248
1999-03-27,181.56255
1999-03-30,348.8448
1999-04-03,302.3746
1999-04-06,326.7388
1999-04-10,274.5893
1999-04-13,278.24948
1999-04-17,271.69907
1999-04-20,335.17245
1999-04-24,267.60806
1999-04-27,366.96967
1999-05-01,465.05588
1999-05-04,524.33276
1999-05-08,406.2056
1999-05-11,297.80786
1999-05-15,321.06827
1999-05-18,369.2464
1999-05-22,320.59402
1999-05-25,245.58795
1999-05-29,217.23563
1999-06-01,289.43472
1999-06-05,229.34602
1999-06-08,277.4186
1999-06-12,221.35722
1999-06-15,190.638
1999-06-19,166.19678
1999-06-22,153.35818
1999-06-26,200.83727
1999-06-29,241.89293
1999-07-03,244.37363
1999-07-06,217.56122
1999-07-10,172.58571
1999-07-13,165.46495
1999-07-17,170.40952
1999-07-20,133.14775
1999-07-24,133.4014
1999-07-27,164.29628
1999-07-31,184.09425
1999-08-03,146.3699
1999-08-07,128.8411
1999-08-10,128.8319
1999-08-14,151.42792
1999-08-17,158.50375
1999-08-21,137.93927
1999-08-24,143.2494
1999-08-28,147.33405
1999-08-31,171.08078
1999-09-04,161.89098
1999-09-07,140.86465
1999-09-11,102.8056
1999-09-14,100.27398
1999-09-18,113.96777
1999-09-21,134.0686
1999-09-25,147.34172
1999-09-28,144.1151
1999-10-02,223.00919
1999-10-05,213.54778
1999-10-09,251.55853
1999-10-12,268.22827
1999-10-16,237.86966
1999-10-19,222.13315
1999-10-23,149.72266
1999-10-26,140.69044
1999-10-30,154.6677
1999-11-02,147.47227
1999-11-06,122.14988
1999-11-09,163.27151
1999-11-13,182.67496
1999-11-16,324.7629
1999-11-20,252.88464
1999-11-23,202.21675
1999-11-27,218.11938
1999-11-30,269.4554
1999-12-04,366.02805
1999-12-07,242.87769
1999-12-11,241.57507
1999-12-14,210.45314
1999-12-18,190.88272
1999-12-21,184.01462
1999-12-25,210.33621
1999-12-28,194.71864
2000-01-02,182.64069
2000-01-05,154.98213
2000-01-09,128.94759
2000-01-12,121.04451
2000-01-16,105.59566
2000-01-19,91.69118
2000-01-23,99.204475
2000-01-26,120.879105
2000-01-30,97.73435
2000-02-02,86.349144
2000-02-06,79.471
2000-02-09,79.97204
2000-02-13,92.703545
2000-02-16,83.33706
2000-02-20,73.59589
2000-02-23,67.95064
2000-02-27,62.402805
2000-03-02,131.53394
2000-03-06,70.75558
2000-03-09,114.91837
2000-03-13,91.99743
2000-03-16,95.8598
2000-03-20,103.987564
2000-03-23,91.41637
2000-03-27,96.95552
2000-03-30,93.48722
2000-04-03,127.761246
2000-04-06,143.8181
2000-04-10,245.64888
2000-04-13,193.29677
2000-04-17,209.12117
2000-04-20,165.09445
2000-04-24,186.07475
2000-04-27,209.6876
2000-05-01,218.14093
2000-05-04,253.62541
2000-05-08,205.73085
2000-05-11,248.56604
2000-05-15,258.25394
2000-05-18,233.89603
2000-05-22,164.22107
2000-05-25,157.54828
2000-05-29,149.65553
2000-06-01,165.72859
2000-06-05,150.33438
2000-06-08,179.60887
2000-06-12,171.8777
2000-06-15,177.42943
2000-06-19,124.816765
2000-06-22,113.99449
2000-06-26,134.45549
2000-06-29,151.43832
2000-07-03,163.14426
2000-07-06,159.94205
2000-07-10,132.65471
2000-07-13,147.34103
2000-07-17,115.00237
2000-07-20,89.37205
2000-07-24,116.39431
2000-07-27,178.59335
2000-07-31,137.5748
2000-08-03,101.48322
2000-08-07,107.2393
2000-08-10,115.69393
2000-08-14,100.65691
2000-08-17,137.74663
2000-08-21,148.18674
2000-08-24,109.411224
2000-08-28,132.7309
2000-08-31,189.6747
2000-09-04,98.3855
2000-09-07,150.66716
2000-09-11,88.49075
2000-09-14,89.271866
2000-09-18,123.061874
2000-09-21,105.09023
2000-09-25,223.39435
2000-09-28,138.54465
2000-10-02,163.02934
2000-10-05,169.37366
2000-10-09,192.40508
2000-10-12,189.33119
2000-10-16,168.06
2000-10-19,166.31201
2000-10-23,376.3856
2000-10-26,194.4758
2000-10-30,135.89467
2000-11-02,190.14172
2000-11-06,186.4812
2000-11-09,195.03844
2000-11-13,148.43848
2000-11-16,145.03871
2000-11-20,269.79477
2000-11-23,407.22134
2000-11-27,283.00705
2000-11-30,239.21837
2000-12-04,262.97968
2000-12-07,245.66977
2000-12-11,291.65604
2000-12-14,350.7207
2000-12-18,333.05338
2000-12-21,280.07825
2000-12-25,395.23657
2000-12-28,296.0259
2001-01-02,232.86052
2001-01-05,231.03493
2001-01-09,211.73451
2001-01-12,223.50531
2001-01-16,210.4644
2001-01-19,178.52554
2001-01-23,249.84831
2001-01-26,272.67053
2001-01-30,176.93663
2001-02-02,137.61816
2001-02-06,112.820114
2001-02-09,385.3399
2001-02-13,170.45107
2001-02-16,149.72939
2001-02-20,114.548096
2001-02-23,111.73858
2001-02-27,110.48272
2001-03-02,96.2321
2001-03-06,82.18612
2001-03-09,198.38577
2001-03-13,150.78746
2001-03-16,121.05953
2001-03-20,135.81477
2001-03-23,139.86937
2001-03-27,510.2352
2001-03-30,244.0235
2001-04-03,224.79562
2001-04-06,183.31197
2001-04-10,380.81427
2001-04-13,260.22034
2001-04-17,221.54178
2001-04-20,232.40909
2001-04-24,298.34344
2001-04-27,326.89856
2001-05-01,332.49475
2001-05-04,326.72577
2001-05-08,292.70758
2001-05-11,265.21384
2001-05-15,340.2274
2001-05-18,359.57404
2001-05-22,262.64154
2001-05-25,244.71016
2001-05-29,286.1641
2001-06-01,276.40048
2001-06-05,280.8065
2001-06-08,230.97508
2001-06-12,227.33391
2001-06-15,199.12022
2001-06-19,175.86855
2001-06-22,159.26782
2001-06-26,141.13998
2001-06-29,150.14864
2001-07-03,169.33652
2001-07-06,126.20963
2001-07-10,130.514
2001-07-13,158.89699
2001-07-17,107.39343
2001-07-20,124.92994
2001-07-24,126.54295
2001-07-27,126.351135
2001-07-31,155.70683
2001-08-03,129.7799
2001-08-07,102.86163
2001-08-10,120.808304
2001-08-14,122.40265
2001-08-17,157.53336
2001-08-21,115.705826
2001-08-24,103.20482
2001-08-28,131.07645
2001-08-31,138.15776
2001-09-04,91.6993
2001-09-07,150.32219
2001-09-11,94.812416
2001-09-14,80.06165
2001-09-18,102.32944
2001-09-21,134.61815
2001-09-25,144.2734
2001-09-28,134.76186
2001-10-02,192.28996
2001-10-05,219.04597
2001-10-09,204.98465
2001-10-12,198.1933
2001-10-16,153.66447
2001-10-19,145.2724
2001-10-23,125.957054
2001-10-26,193.8867
2001-10-30,222.45613
2001-11-02,414.6142
2001-11-06,337.97214
2001-11-09,285.53345
2001-11-13,365.49536
2001-11-16,410.11328
2001-11-20,358.76505
2001-11-23,311.04294
2001-11-27,282.5402
2001-11-30,278.77728
2001-12-04,273.03876
2001-12-07,240.15489
2001-12-11,216.56601
2001-12-14,213.16005
2001-12-18,194.69913
2001-12-21,189.36678
2001-12-25,158.71483
2001-12-28,142.4535
2002-01-02,122.048416
2002-01-05,135.10802
2002-01-09,134.28645
2002-01-12,118.52211
2002-01-16,186.07661
2002-01-19,132.73543
2002-01-23,116.887436
2002-01-26,108.71645
2002-01-30,96.37625
2002-02-02,91.80261
2002-02-06,76.51789
2002-02-09,70.07444
2002-02-13,65.74817
2002-02-16,68.90504
2002-02-20,62.14654
2002-02-23,55.719513
2002-02-27,51.338593
2002-03-02,79.064735
2002-03-06,139.82188
2002-03-09,127.70245
2002-03-13,159.25717
2002-03-16,120.93807
2002-03-20,189.80869
2002-03-23,229.11096
2002-03-27,181.6272
2002-03-30,174.61894
2002-04-03,180.5881
2002-04-06,195.57576
2002-04-10,152.5515
2002-04-13,204.13464
2002-04-17,252.58218
2002-04-20,378.2299
2002-04-24,443.77997
2002-04-27,335.47012
2002-05-01,557.3619
2002-05-04,561.91095
2002-05-08,482.56903
2002-05-11,431.65347
2002-05-15,356.6337
2002-05-18,318.8968
2002-05-22,288.6825
2002-05-25,364.90317
2002-05-29,260.87524
2002-06-01,241.48877
2002-06-05,204.87265
2002-06-08,201.01431
2002-06-12,206.71565
2002-06-15,178.39061
2002-06-19,147.29868
2002-06-22,151.9732
2002-06-26,183.18143
2002-06-29,144.00952
2002-07-03,117.21759
2002-07-06,133.09201
2002-07-10,103.23046
2002-07-13,98.39621
2002-07-17,81.9972
2002-07-20,79.68586
2002-07-24,89.457
2002-07-27,81.35252
2002-07-31,141.44516
2002-08-03,144.78145
2002-08-07,142.37248
2002-08-10,109.9755
2002-08-14,101.46959
2002-08-17,77.2288
2002-08-21,147.52118
2002-08-24,192.73227
2002-08-28,101.64027
2002-08-31,92.27972
2002-09-04,106.87625
2002-09-07,84.271
2002-09-11,102.79535
2002-09-14,125.13916
2002-09-18,173.50981
2002-09-21,130.43353
2002-09-25,136.21414
2002-09-28,114.43217
2002-10-02,110.14189
2002-10-05,160.04208
2002-10-09,150.40761
2002-10-12,223.73532
2002-10-16,228.71985
2002-10-19,165.96957
2002-10-23,166.14267
2002-10-26,159.81082
2002-10-30,186.48991
2002-11-02,242.32907
2002-11-06,285.6035
2002-11-09,426.34894
2002-11-13,386.41028
2002-11-16,384.0782
2002-11-20,313.28336
2002-11-23,278.82407
2002-11-27,283.6254
2002-11-30,237.3127
2002-12-04,250.66597
2002-12-07,250.4866
2002-12-11,247.8979
2002-12-14,335.97787
2002-12-18,258.23376
2002-12-21,392.13327
2002-12-25,956.3079
2002-12-28,406.23984
2003-01-02,328.84042
2003-01-05,470.4978
2003-01-09,289.20508
2003-01-12,231.04916
2003-01-16,192.65425
2003-01-19,176.00636
2003-01-23,194.56537
2003-01-26,162.39961
2003-01-30,158.43379
2003-02-02,131.01607
2003-02-06,109.18013
2003-02-09,100.00049
2003-02-13,89.446014
2003-02-16,93.88305
2003-02-20,99.4471
2003-02-23,89.711266
2003-02-27,78.16007
2003-03-02,121.859314
2003-03-06,75.55034
2003-03-09,63.961006
2003-03-13,66.524826
2003-03-16,70.83543
2003-03-20,61.03395
2003-03-23,81.21288
2003-03-27,143.05615
2003-03-30,333.43753
2003-04-03,171.45549
2003-04-06,132.41444
2003-04-10,155.53691
2003-04-13,115.92468
2003-04-17,494.38913
2003-04-20,329.64188
2003-04-24,288.02805
2003-04-27,273.78217
2003-05-01,271.1643
2003-05-04,246.65602
2003-05-08,216.31528
2003-05-11,274.24896
2003-05-15,363.73233
2003-05-18,311.757
2003-05-22,198.37146
2003-05-25,231.91914
2003-05-29,194.40703
2003-06-01,219.3443
2003-06-05,224.91043
2003-06-08,222.20702
2003-06-12,252.97615
2003-06-15,216.86975
2003-06-19,217.02336
2003-06-22,255.95837
2003-06-26,203.69421
2003-06-29,243.0142
2003-07-03,224.17888
2003-07-06,216.62076
2003-07-10,237.3209
2003-07-13,277.6116
2003-07-17,255.707
2003-07-20,253.23422
2003-07-24,251.20914
2003-07-27,207.59483
2003-07-31,165.2207
2003-08-03,135.19724
2003-08-07,195.83223
2003-08-10,167.25789
2003-08-14,132.72417
2003-08-17,140.13136
2003-08-21,160.84291
2003-08-24,158.46053
2003-08-28,155.91685
2003-08-31,154.26802
2003-09-04,127.12521
2003-09-07,90.06992
2003-09-11,247.4284
2003-09-14,127.57762
2003-09-18,154.37148
2003-09-21,138.94441
2003-09-25,98.614395
2003-09-28,100.72831
2003-10-02,90.183914
2003-10-05,98.01216
2003-10-09,115.82087
2003-10-12,139.4476
2003-10-16,108.81859
2003-10-19,110.94098
2003-10-23,97.85085
2003-10-26,114.18491
2003-10-30,187.8315
2003-11-02,183.5195
2003-11-06,207.84802
2003-11-09,192.9473
2003-11-13,179.43678
2003-11-16,201.30255
2003-11-20,175.93141
2003-11-23,219.80545
2003-11-27,180.25269
2003-11-30,240.74152
2003-12-04,202.43213
2003-12-07,303.10492
2003-12-11,478.01544
2003-12-14,253.4159
2003-12-18,174.6273
2003-12-21,160.30064
2003-12-25,150.2722
2003-12-28,130.13078
2004-01-02,124.38908
2004-01-05,137.21404
2004-01-09,102.18253
2004-01-12,95.168
2004-01-16,134.97473
2004-01-19,138.52759
2004-01-23,109.16527
2004-01-26,139.63397
2004-01-30,102.50286
2004-02-02,94.51693
2004-02-06,142.03307
2004-02-09,83.116104
2004-02-13,73.20423
2004-02-16,70.34893
2004-02-20,131.7848
2004-02-23,96.87066
2004-02-27,110.253426
2004-03-02,134.30316
2004-03-06,92.48181
2004-03-09,82.10955
2004-03-13,169.89563
2004-03-16,116.85683
2004-03-20,78.92969
2004-03-23,70.03092
2004-03-27,63.025738
2004-03-30,415.52795
2004-04-03,194.98836
2004-04-06,536.5981
2004-04-10,471.59735
2004-04-13,349.29514
2004-04-17,264.47632
2004-04-20,404.45612
2004-04-24,255.56487
2004-04-27,296.7953
2004-05-01,423.95776
2004-05-04,292.3817
2004-05-08,249.39836
2004-05-11,238.72925
2004-05-15,227.16612
2004-05-18,194.62674
2004-05-22,208.10825
2004-05-25,178.38287
2004-05-29,174.1983
2004-06-01,223.08513
2004-06-05,310.31122
2004-06-08,258.15
2004-06-12,301.27478
2004-06-15,247.55536
2004-06-19,237.83185
2004-06-22,229.31691
2004-06-26,245.35486
2004-06-29,192.34477
2004-07-03,162.36932
2004-07-06,159.96892
2004-07-10,183.53406
2004-07-13,193.79189
2004-07-17,149.90091
2004-07-20,171.46254
2004-07-24,149.81868
2004-07-27,122.60818
2004-07-31,111.418304
2004-08-03,133.12585
2004-08-07,226.0219
2004-08-10,182.02643
2004-08-14,175.04478
2004-08-17,172.98221
2004-08-21,189.82079
2004-08-24,144.77596
2004-08-28,113.77215
2004-08-31,103.47452
2004-09-04,108.406845
2004-09-07,133.7453
2004-09-11,128.28966
2004-09-14,134.27635
2004-09-18,130.17023
2004-09-21,147.4228
2004-09-25,232.62038
2004-09-28,222.72969
2004-10-02,352.8379
2004-10-05,164.86432
2004-10-09,111.50483
2004-10-12,102.8433
2004-10-16,97.98043
2004-10-19,128.89258
2004-10-23,339.1814
2004-10-26,269.7597
2004-10-30,464.62753
2004-11-02,308.39264
2004-11-06,308.2138
2004-11-09,309.72208
2004-11-13,287.41428
2004-11-16,278.61496
2004-11-20,709.8996
2004-11-23,484.91495
2004-11-27,331.21768
2004-11-30,257.09906
2004-12-04,235.50967
2004-12-07,233.47354
2004-12-11,305.7167
2004-12-14,226.96976
2004-12-18,277.1236
2004-12-21,294.00394
2004-12-25,398.76437
2004-12-28,244.0674
2005-01-02,214.95233
2005-01-05,186.82639
2005-01-09,168.87093
2005-01-12,148.95695
2005-01-16,146.83784
2005-01-19,125.988144
2005-01-23,107.480354
2005-01-26,103.78662
2005-01-30,195.06511
2005-02-02,290.96713
2005-02-06,116.61341
2005-02-09,95.05491
2005-02-13,79.51573
2005-02-16,69.44384
2005-02-20,61.061836
2005-02-23,55.11739
2005-02-27,54.043293
2005-03-02,115.13478
2005-03-06,162.07326
2005-03-09,103.2657
2005-03-13,98.311676
2005-03-16,117.60614
2005-03-20,503.25702
2005-03-23,475.71655
2005-03-27,209.0604
2005-03-30,163.29991
2005-04-03,126.4719
2005-04-06,139.93607
2005-04-10,217.21188
2005-04-13,202.56636
2005-04-17,175.3756
2005-04-20,162.2027
2005-04-24,139.58054
2005-04-27,144.25131
2005-05-01,144.86678
2005-05-04,244.91356
2005-05-08,271.45822
2005-05-11,171.52312
2005-05-15,187.4162
2005-05-18,199.32158
2005-05-22,245.49396
2005-05-25,221.80527
2005-05-29,223.63727
2005-06-01,202.19612
2005-06-05,151.9576
2005-06-08,190.95634
2005-06-12,200.96942
2005-06-15,162.37386
2005-06-19,215.26526
2005-06-22,204.75414
2005-06-26,186.02695
2005-06-29,166.11403
2005-07-03,197.30357
2005-07-06,187.72617
2005-07-10,183.76378
2005-07-13,288.97318
2005-07-17,161.64307
2005-07-20,145.98714
2005-07-24,181.80118
2005-07-27,179.50806
2005-07-31,194.91017
2005-08-03,163.10648
2005-08-07,236.7276
2005-08-10,225.58647
2005-08-14,192.16534
2005-08-17,173.39236
2005-08-21,255.92574
2005-08-24,213.89528
2005-08-28,210.07321
2005-08-31,159.9481
2005-09-04,172.87187
2005-09-07,189.86044
2005-09-11,177.63016
2005-09-14,231.34653
2005-09-18,311.79904
2005-09-21,182.2272
2005-09-25,124.42734
2005-09-28,105.55829
2005-10-02,112.73245
2005-10-05,101.50599
2005-10-09,107.85151
2005-10-12,111.134315
2005-10-16,156.0799
2005-10-19,217.37738
2005-10-23,191.62602
2005-10-26,411.1304
2005-10-30,222.55966
2005-11-02,187.15341
2005-11-06,281.13196
2005-11-09,275.0447
2005-11-13,261.53802
2005-11-16,222.99513
2005-11-20,167.56273
2005-11-23,164.23288
2005-11-27,186.43262
2005-11-30,155.16661
2005-12-04,153.9886
2005-12-07,185.0922
2005-12-11,149.47182
2005-12-14,132.22472
2005-12-18,104.2345
2005-12-21,92.769
2005-12-25,82.12245
2005-12-28,74.35859
2006-01-02,63.513363
2006-01-05,58.344296
2006-01-09,52.965836
2006-01-12,59.180843
2006-01-16,85.15705
2006-01-19,129.6207
2006-01-23,82.65248
2006-01-26,70.04338
2006-01-30,61.09045
2006-02-02,150.22122
2006-02-06,68.667564
2006-02-09,52.18908
2006-02-13,44.965584
2006-02-16,51.76961
2006-02-20,51.961205
2006-02-23,70.804726
2006-02-27,134.06645
2006-03-02,410.31134
2006-03-06,607.6231
2006-03-09,237.29942
2006-03-13,156.38518
2006-03-16,135.87613
2006-03-20,163.78421
2006-03-23,230.60464
2006-03-27,242.0172
2006-03-30,190.41191
2006-04-03,303.20013
2006-04-06,285.35153
2006-04-10,254.73553
2006-04-13,203.41982
2006-04-17,231.95024
2006-04-20,292.9634
2006-04-24,295.2695
2006-04-27,287.0415
2006-05-01,329.14404
2006-05-04,380.96808
2006-05-08,250.47731
2006-05-11,439.42175
2006-05-15,558.8524
2006-05-18,519.9756
2006-05-22,359.43643
2006-05-25,391.6271
2006-05-29,406.54083
2006-06-01,341.34302
2006-06-05,302.11618
2006-06-08,288.10013
2006-06-12,384.77185
2006-06-15,314.1455
2006-06-19,383.02252
2006-06-22,289.17978
2006-06-26,228.85194
2006-06-29,232.78256
2006-07-03,201.78523
2006-07-06,168.70255
2006-07-10,168.43933
2006-07-13,215.47267
2006-07-17,136.11662
2006-07-20,119.82641
2006-07-24,148.71199
2006-07-27,184.09624
2006-07-31,211.6801
2006-08-03,171.42943
2006-08-07,171.74147
2006-08-10,194.22217
2006-08-14,162.91922
2006-08-17,189.08853
2006-08-21,147.6344
2006-08-24,141.85645
2006-08-28,157.66588
2006-08-31,123.4591
2006-09-04,122.84951
2006-09-07,94.20835
2006-09-11,181.01123
2006-09-14,162.72383
2006-09-18,156.4395
2006-09-21,294.45804
2006-09-25,226.22427
2006-09-28,176.96985
2006-10-02,193.71773
2006-10-05,183.06955
2006-10-09,160.90132
2006-10-12,145.39417
2006-10-16,123.30959
2006-10-19,149.94116
2006-10-23,232.04591
2006-10-26,263.8333
2006-10-30,216.25974
2006-11-02,229.08157
2006-11-06,202.43307
2006-11-09,252.02908
2006-11-13,298.82864
2006-11-16,417.57315
2006-11-20,435.28094
2006-11-23,409.21375
2006-11-27,421.74066
2006-11-30,544.7628
2006-12-04,431.06992
2006-12-07,423.3252
2006-12-11,371.0744
2006-12-14,388.87512
2006-12-18,445.3119
2006-12-21,684.3971
2006-12-25,635.139
2006-12-28,567.8174
2007-01-02,481.9064
2007-01-05,480.7779
2007-01-09,393.4751
2007-01-12,340.5769
2007-01-16,384.24252
2007-01-19,359.7307
2007-01-23,312.90753
2007-01-26,262.0488
2007-01-30,245.80647
2007-02-02,283.83862
2007-02-06,442.33298
2007-02-09,267.0653
2007-02-13,245.21747
2007-02-16,260.06464
2007-02-20,177.92012
2007-02-23,155.82648
2007-02-27,195.61317
2007-03-02,215.2872
2007-03-06,148.8073
2007-03-09,123.04676
2007-03-13,160.36212
2007-03-16,144.74332
2007-03-20,181.89745
2007-03-23,173.80922
2007-03-27,154.9549
2007-03-30,165.29779
2007-04-03,137.75896
2007-04-06,123.65837
2007-04-10,114.941216
2007-04-13,135.7942
2007-04-17,241.03601
2007-04-20,313.33344
2007-04-24,211.35606
2007-04-27,231.43127
2007-05-01,193.44911
2007-05-04,187.86569
2007-05-08,312.21088
2007-05-11,221.99028
2007-05-15,313.3626
2007-05-18,452.10556
2007-05-22,276.56158
2007-05-25,249.77292
2007-05-29,291.15997
2007-06-01,305.86563
2007-06-05,408.31046
2007-06-08,304.86115
2007-06-12,489.33463
2007-06-15,367.30603
2007-06-19,266.65335
2007-06-22,212.05495
2007-06-26,266.41278
2007-06-29,229.27641
2007-07-03,200.47112
2007-07-06,224.22183
2007-07-10,206.3004
2007-07-13,222.80716
2007-07-17,207.98709
2007-07-20,212.24507
2007-07-24,172.76784
2007-07-27,163.20703
2007-07-31,159.65544
2007-08-03,213.67146
2007-08-07,218.10304
2007-08-10,227.13208
2007-08-14,217.00804
2007-08-17,270.6002
2007-08-21,216.26309
2007-08-24,176.07614
2007-08-28,181.06215
2007-08-31,178.45186
2007-09-04,201.71703
2007-09-07,223.65161
2007-09-11,224.5881
2007-09-14,225.62366
2007-09-18,248.70036
2007-09-21,142.2129
2007-09-25,139.23502
2007-09-28,161.00832
2007-10-02,160.10413
2007-10-05,163.42719
2007-10-09,201.22711
2007-10-12,183.37088
2007-10-16,206.32578
2007-10-19,165.84048
2007-10-23,208.40942
2007-10-26,178.9844
2007-10-30,157.14484
2007-11-02,132.47214
2007-11-06,219.50938
2007-11-09,194.46477
2007-11-13,214.22879
2007-11-16,223.9553
2007-11-20,253.04852
2007-11-23,208.81706
2007-11-27,188.41086
2007-11-30,169.14957
2007-12-04,172.7309
2007-12-07,161.5961
2007-12-11,184.19954
2007-12-14,217.1085
2007-12-18,151.82109
2007-12-21,141.79626
2007-12-25,123.79133
2007-12-28,110.246994
2008-01-02,94.72112
2008-01-05,84.4556
2008-01-09,78.71131
2008-01-12,74.32551
2008-01-16,100.91436
2008-01-19,130.67046
2008-01-23,140.55077
2008-01-26,125.972305
2008-01-30,186.4164
2008-02-02,126.23112
2008-02-06,106.08179
2008-02-09,117.690636
2008-02-13,165.24544
2008-02-16,135.76978
2008-02-20,115.99343
2008-02-23,135.87448
2008-02-27,109.68495
2008-03-02,109.65022
2008-03-06,95.02629
2008-03-09,100.03889
2008-03-13,98.729485
2008-03-16,108.92198
2008-03-20,159.88527
2008-03-23,272.56042
2008-03-27,768.7395
2008-03-30,353.3263
2008-04-03,226.19615
2008-04-06,171.78973
2008-04-10,192.73216
2008-04-13,334.78036
2008-04-17,308.15057
2008-04-20,344.7816
2008-04-24,391.1446
2008-04-27,346.7589
2008-05-01,287.63885
2008-05-04,314.09637
2008-05-08,284.18158
2008-05-11,244.87865
2008-05-15,237.93881
2008-05-18,201.19981
2008-05-22,259.06512
2008-05-25,277.96463
2008-05-29,285.3645
2008-06-01,290.55426
2008-06-05,289.9547
2008-06-08,492.9532
2008-06-12,351.98074
2008-06-15,271.92178
2008-06-19,228.69954
2008-06-22,284.33643
2008-06-26,202.45335
2008-06-29,203.8242
2008-07-03,181.45987
2008-07-06,208.93303
2008-07-10,195.35558
2008-07-13,202.55632
2008-07-17,190.54924
2008-07-20,195.54129
2008-07-24,213.10269
2008-07-27,175.12675
2008-07-31,177.44086
2008-08-03,213.97137
2008-08-07,217.09653
2008-08-10,206.24203
2008-08-14,200.92693
2008-08-17,174.52034
2008-08-21,366.87845
2008-08-24,182.02449
2008-08-28,162.10878
2008-08-31,146.79378
2008-09-04,141.01038
2008-09-07,176.75658
2008-09-11,208.21817
2008-09-14,181.80174
2008-09-18,191.45665
2008-09-21,127.73866
2008-09-25,120.23939
2008-09-28,119.91925
2008-10-02,119.97709
2008-10-05,168.76479
2008-10-09,317.94983
2008-10-12,146.76161
2008-10-16,152.2501
2008-10-19,198.01068
2008-10-23,220.22859
2008-10-26,189.35637
2008-10-30,151.483
2008-11-02,193.99944
2008-11-06,198.21777
2008-11-09,266.11096
2008-11-13,402.58707
2008-11-16,303.05927
2008-11-20,224.66225
2008-11-23,186.76164
2008-11-27,160.15279
2008-11-30,152.82773
2008-12-04,146.57944
2008-12-07,147.62453
2008-12-11,130.89406
2008-12-14,120.847275
2008-12-18,102.86032
2008-12-21,91.704445
2008-12-25,80.12831
2008-12-28,77.41664
2009-01-02,76.28549
2009-01-05,72.27838
2009-01-09,65.44751
2009-01-12,65.17976
2009-01-16,58.9511
2009-01-19,90.07924
2009-01-23,91.550735
2009-01-26,130.65811
2009-01-30,206.19807
2009-02-02,159.98592
2009-02-06,137.13234
2009-02-09,131.6328
2009-02-13,132.96594
2009-02-16,116.39497
2009-02-20,98.81432
2009-02-23,95.82321
2009-02-27,94.58079
2009-03-02,91.258995
2009-03-06,81.73396
2009-03-09,75.723236
2009-03-13,67.13217
2009-03-16,68.47843
2009-03-20,74.430595
2009-03-23,66.93084
2009-03-27,69.50986
2009-03-30,69.94935
2009-04-03,376.60355
2009-04-06,183.02727
2009-04-10,149.80513
2009-04-13,320.1421
2009-04-17,330.89148
2009-04-20,357.54572
2009-04-24,281.8475
2009-04-27,300.39902
2009-05-01,256.94644
2009-05-04,229.92017
2009-05-08,188.07521
2009-05-11,235.59267
2009-05-15,250.79884
2009-05-18,269.50336
2009-05-22,272.86395
2009-05-25,225.08202
2009-05-29,249.70876
2009-06-01,185.45256
2009-06-05,158.51701
2009-06-08,146.25278
2009-06-12,154.02995
2009-06-15,149.42186
2009-06-19,156.9832
2009-06-22,140.24545
2009-06-26,116.32962
2009-06-29,126.95954
2009-07-03,172.62434
2009-07-06,160.3236
2009-07-10,151.37569
2009-07-13,138.38719
2009-07-17,139.46925
2009-07-20,126.26437
2009-07-24,156.14009
2009-07-27,142.68875
2009-07-31,107.96278
2009-08-03,120.97623
2009-08-07,96.97268
2009-08-10,101.81293
2009-08-14,164.40457
2009-08-17,168.22075
2009-08-21,243.3474
2009-08-24,184.79738
2009-08-28,169.65646
2009-08-31,121.133125
2009-09-04,392.4679
2009-09-07,189.62651
2009-09-11,156.17256
2009-09-14,131.33945
2009-09-18,186.25475
2009-09-21,213.33269
2009-09-25,208.24242
2009-09-28,179.60313
2009-10-02,176.09404
2009-10-05,202.31528
2009-10-09,181.81747
2009-10-12,193.16599
2009-10-16,163.23827
2009-10-19,196.54787
2009-10-23,160.6709
2009-10-26,181.63162
2009-10-30,231.62198
2009-11-02,244.07399
2009-11-06,294.18832
2009-11-09,239.68059
2009-11-13,211.84633
2009-11-16,228.94347
2009-11-20,250.56905
2009-11-23,215.1979
2009-11-27,227.58145
2009-11-30,250.75641
2009-12-04,239.52362
2009-12-07,260.6082
2009-12-11,256.82672
2009-12-14,317.72485
2009-12-18,269.7766
2009-12-21,233.56627
2009-12-25,222.63918
2009-12-28,340.27997
2010-01-02,317.10748
2010-01-05,335.17728
2010-01-09,247.1182
2010-01-12,262.6756
2010-01-16,221.61699
2010-01-19,201.37317
2010-01-23,177.51608
2010-01-26,171.39256
2010-01-30,144.06502
2010-02-02,128.83156
2010-02-06,133.10138
2010-02-09,201.45552
2010-02-13,124.37522
2010-02-16,118.67039
2010-02-20,163.88678
2010-02-23,233.05522
2010-02-27,874.40686
2010-03-02,381.4536
2010-03-06,235.30367
2010-03-09,312.11145
2010-03-13,167.74089
2010-03-16,138.78487
2010-03-20,153.6598
2010-03-23,256.27954
2010-03-27,591.4194
2010-03-30,559.5624
2010-04-03,412.1433
2010-04-06,312.49194
2010-04-10,269.50186
2010-04-13,244.09578
2010-04-17,329.1916
2010-04-20,332.882
2010-04-24,526.9001
2010-04-27,350.8838
2010-05-01,420.02042
2010-05-04,751.3602
2010-05-08,451.38632
2010-05-11,526.1848
2010-05-15,471.9954
2010-05-18,436.72794
2010-05-22,355.48187
2010-05-25,334.83347
2010-05-29,315.7798
2010-06-01,306.28207
2010-06-05,384.4334
2010-06-08,353.29648
2010-06-12,294.20428
2010-06-15,295.9478
2010-06-19,392.62393
2010-06-22,281.61566
2010-06-26,313.03613
2010-06-29,264.74933
2010-07-03,237.33502
2010-07-06,254.93591
2010-07-10,350.18515
2010-07-13,229.5079
2010-07-17,258.38397
2010-07-20,190.36046
2010-07-24,174.57431
2010-07-27,176.74518
2010-07-31,165.29596
2010-08-03,197.21107
2010-08-07,136.23357
2010-08-10,232.10802
2010-08-14,162.22556
2010-08-17,130.96523
2010-08-21,134.39244
2010-08-24,107.52706
2010-08-28,145.3786
2010-08-31,168.47963
2010-09-04,168.95616
2010-09-07,145.64085
2010-09-11,173.64621
2010-09-14,163.11996
2010-09-18,182.43385
2010-09-21,195.35535
2010-09-25,239.86714
2010-09-28,212.16438
2010-10-02,160.70786
2010-10-05,161.09846
2010-10-09,181.33423
2010-10-12,149.4268
2010-10-16,321.07
2010-10-19,217.47705
2010-10-23,212.7961
2010-10-26,275.54282
2010-10-30,189.6028
2010-11-02,173.90163
2010-11-06,186.6529
2010-11-09,211.513
2010-11-13,188.01907
2010-11-16,174.91371
2010-11-20,185.57507
2010-11-23,165.10558
2010-11-27,158.61502
2010-11-30,139.3322
2010-12-04,138.00201
2010-12-07,122.22069
2010-12-11,242.73468
2010-12-14,190.118
2010-12-18,129.82297
2010-12-21,111.67421
2010-12-25,111.127716
2010-12-28,145.56755
2011-01-02,130.87419
2011-01-05,106.73417
2011-01-09,95.82837
2011-01-12,97.91773
2011-01-16,115.98394
2011-01-19,98.06226
2011-01-23,77.862236
2011-01-26,73.942894
2011-01-30,62.26589
2011-02-02,61.76821
2011-02-06,68.54093
2011-02-09,54.422775
2011-02-13,49.402985
2011-02-16,137.00813
2011-02-20,80.31139
2011-02-23,56.265163
2011-02-27,48.173237
2011-03-02,38.86525
2011-03-06,35.37697
2011-03-09,45.986923
2011-03-13,41.67633
2011-03-16,50.93765
2011-03-20,123.121086
2011-03-23,224.45786
2011-03-27,119.38532
2011-03-30,122.12926
2011-04-03,166.0716
2011-04-06,159.06938
2011-04-10,164.83597
2011-04-13,141.34102
2011-04-17,163.37082
2011-04-20,245.97922
2011-04-24,250.16214
2011-04-27,387.80026
2011-05-01,271.7053
2011-05-04,231.43529
2011-05-08,194.51099
2011-05-11,184.62407
2011-05-15,176.05263
2011-05-18,160.12384
2011-05-22,208.03755
2011-05-25,184.71419
2011-05-29,195.65079
2011-06-01,158.93582
2011-06-05,387.79132
2011-06-08,284.73734
2011-06-12,233.52626
2011-06-15,188.25723
2011-06-19,146.16563
2011-06-22,241.34619
2011-06-26,174.43031
2011-06-29,209.63548
2011-07-03,132.82285
2011-07-06,149.2486
2011-07-10,192.05794
2011-07-13,198.0728
2011-07-17,146.75783
2011-07-20,140.12115
2011-07-24,152.10767
2011-07-27,154.50691
2011-07-31,167.2664
2011-08-03,134.4824
2011-08-07,179.47537
2011-08-10,160.2127
2011-08-14,131.34119
2011-08-17,193.0485
2011-08-21,188.08128
2011-08-24,169.5478
2011-08-28,178.49821
2011-08-31,180.3162
2011-09-04,190.96596
2011-09-07,245.08818
2011-09-11,206.60432
2011-09-14,434.14017
2011-09-18,246.36305
2011-09-21,363.1255
2011-09-25,178.21524
2011-09-28,223.06279
2011-10-02,265.34225
2011-10-05,318.90082
2011-10-09,219.98485
2011-10-12,307.95248
2011-10-16,338.73218
2011-10-19,296.66217
2011-10-23,244.39766
2011-10-26,298.78662
2011-10-30,271.5672
2011-11-02,236.49475
2011-11-06,325.16815
2011-11-09,278.0007
2011-11-13,288.77957
2011-11-16,292.18167
2011-11-20,442.5521
2011-11-23,438.33325
2011-11-27,502.52884
2011-11-30,390.1283
2011-12-04,366.37802
2011-12-07,426.21957
2011-12-11,280.37967
2011-12-14,350.96976
2011-12-18,304.65497
2011-12-21,289.44537
2011-12-25,245.69104
2011-12-28,207.59299
2012-01-02,174.0363
2012-01-05,152.49586
2012-01-09,129.37143
2012-01-12,122.198006
2012-01-16,109.48355
2012-01-19,95.00706
2012-01-23,80.14912
2012-01-26,71.79498
2012-01-30,62.10309
2012-02-02,56.419456
2012-02-06,51.36807
2012-02-09,48.3072
2012-02-13,44.799232
2012-02-16,43.88627
2012-02-20,131.06633
2012-02-23,93.26156
2012-02-27,95.48692
2012-03-02,397.2049
2012-03-06,222.11267
2012-03-09,143.19518
2012-03-13,102.61331
2012-03-16,89.682106
2012-03-20,78.44502
2012-03-23,74.8182
2012-03-27,66.05553
2012-03-30,59.378525
2012-04-03,68.19203
2012-04-06,223.26328
2012-04-10,166.5104
2012-04-13,138.09334
2012-04-17,299.8218
2012-04-20,283.08676
2012-04-24,413.1143
2012-04-27,249.03036
2012-05-01,309.63477
2012-05-04,245.2272
2012-05-08,260.57455
2012-05-11,233.6097
2012-05-15,244.83844
2012-05-18,283.53476
2012-05-22,330.43607
2012-05-25,286.69632
2012-05-29,305.24185
2012-06-01,241.20872
2012-06-05,268.56146
2012-06-08,280.9625
2012-06-12,193.99664
2012-06-15,191.93431
2012-06-19,259.8325
2012-06-22,279.95294
2012-06-26,246.91318
2012-06-29,207.3147
2012-07-03,237.73029
2012-07-06,182.64053
2012-07-10,148.9542
2012-07-13,168.55754
2012-07-17,145.72032
2012-07-20,183.07187
2012-07-24,138.89645
2012-07-27,161.23451
2012-07-31,115.204
2012-08-03,189.88412
2012-08-07,156.98659
2012-08-10,155.87433
2012-08-14,146.85176
2012-08-17,103.23431
2012-08-21,112.5392
2012-08-24,99.9248
2012-08-28,162.1398
2012-08-31,193.48244
2012-09-04,160.50761
2012-09-07,194.83546
2012-09-11,185.99883
2012-09-14,214.44608
2012-09-18,231.30852
2012-09-21,149.81784
2012-09-25,159.46918
2012-09-28,163.94365
2012-10-02,135.93175
2012-10-05,134.6084
2012-10-09,164.59323
2012-10-12,179.55856
2012-10-16,295.7695
2012-10-19,204.04881
2012-10-23,185.31522
2012-10-26,191.48596
2012-10-30,231.27625
2012-11-02,251.49254
2012-11-06,250.57343
2012-11-09,350.21634
2012-11-13,227.40105
2012-11-16,205.20795
2012-11-20,205.5091
2012-11-23,187.83493
2012-11-27,155.40993
2012-11-30,236.93384
2012-12-04,229.54623
2012-12-07,253.51729
2012-12-11,208.63583
2012-12-14,180.53934
2012-12-18,208.8355
2012-12-21,274.25232
2012-12-25,306.1101
2012-12-28,275.39127
2013-01-02,268.48587
2013-01-05,193.0063
2013-01-09,207.90099
2013-01-12,203.35036
2013-01-16,160.07059
2013-01-19,160.81482
2013-01-23,134.55301
2013-01-26,122.0889
2013-01-30,117.420235
2013-02-02,183.73103
2013-02-06,107.112
2013-02-09,88.67404
2013-02-13,74.95023
2013-02-16,102.4921
2013-02-20,83.42752
2013-02-23,90.265976
2013-02-27,68.62691
2013-03-02,59.89974
2013-03-06,54.743496
2013-03-09,64.038765
2013-03-13,109.26126
2013-03-16,113.21163
2013-03-20,133.0304
2013-03-23,211.36668
2013-03-27,185.55421
2013-03-30,347.61844
2013-04-03,312.25507
2013-04-06,353.6221
2013-04-10,320.3971
2013-04-13,457.46466
2013-04-17,428.70352
2013-04-20,463.56894
2013-04-24,371.20688
2013-04-27,451.13147
2013-05-01,442.2922
2013-05-04,641.238
2013-05-08,470.78925
2013-05-11,575.2562
2013-05-15,523.6724
2013-05-18,391.67468
2013-05-22,360.68948
2013-05-25,317.9341
2013-05-29,287.47076
2013-06-01,273.9327
2013-06-05,268.6839
2013-06-08,247.13052
2013-06-12,234.73924
2013-06-15,242.57938
2013-06-19,179.2453
2013-06-22,215.2597
2013-06-26,142.91432
2013-06-29,163.86781
2013-07-03,135.07703
2013-07-06,170.82762
2013-07-10,172.77185
2013-07-13,106.05215
2013-07-17,79.47915
2013-07-20,74.29132
2013-07-24,77.7221
2013-07-27,154.62422
2013-07-31,132.20746
2013-08-03,213.67256
2013-08-07,129.68185
2013-08-10,128.4645
2013-08-14,118.13948
2013-08-17,120.5042
2013-08-21,139.87003
2013-08-24,175.84839
2013-08-28,115.72533
2013-08-31,151.19415
2013-09-04,128.26976
2013-09-07,131.49898
2013-09-11,113.8469
2013-09-14,89.29136
2013-09-18,106.25518
2013-09-21,137.36053
2013-09-25,253.48064
2013-09-28,167.26445
2013-10-02,258.3937
2013-10-05,237.80629
2013-10-09,224.9055
2013-10-12,187.89775
2013-10-16,139.61488
2013-10-19,148.95174
2013-10-23,152.82503
2013-10-26,165.48769
2013-10-30,163.25014
2013-11-02,140.66838
2013-11-06,155.43959
2013-11-09,222.43462
2013-11-13,264.8454
2013-11-16,243.37086
2013-11-20,198.41708
2013-11-23,167.59546
2013-11-27,197.19081
2013-11-30,219.08134
2013-12-04,185.03151
2013-12-07,176.24434
2013-12-11,152.21326
2013-12-14,256.1691
2013-12-18,251.02939
2013-12-21,159.20247
2013-12-25,118.766525
2013-12-28,104.17906
2014-01-02,124.61418
2014-01-05,109.91887
2014-01-09,84.13915
2014-01-12,96.75056
2014-01-16,69.511444
2014-01-19,62.51503
2014-01-23,90.65987
2014-01-26,68.8476
2014-01-30,52.39693
2014-02-02,49.73899
2014-02-06,49.71887
2014-02-09,251.84186
2014-02-13,86.46957
2014-02-16,58.53639
2014-02-20,197.50073
2014-02-23,91.71028
2014-02-27,59.90946
2014-03-02,44.892918
2014-03-06,38.048958
2014-03-09,43.16512
2014-03-13,90.07009
2014-03-16,187.457
2014-03-20,147.82904
2014-03-23,113.27028
2014-03-27,407.26654
2014-03-30,203.89781
2014-04-03,217.35889
2014-04-06,222.19215
2014-04-10,238.33191
2014-04-13,176.93103
2014-04-17,233.23201
2014-04-20,277.56143
2014-04-24,240.73549
2014-04-27,183.5459
2014-05-01,155.89424
2014-05-04,163.12115
2014-05-08,210.5285
2014-05-11,290.8599
2014-05-15,255.81949
2014-05-18,236.11337
2014-05-22,203.08948
2014-05-25,211.3406
2014-05-29,262.39316
2014-06-01,211.92155
2014-06-05,228.17055
2014-06-08,244.2857
2014-06-12,243.02966
2014-06-15,216.40198
2014-06-19,165.49747
2014-06-22,194.48544
2014-06-26,191.45006
2014-06-29,165.38632
2014-07-03,144.61812
2014-07-06,130.44534
2014-07-10,144.07054
2014-07-13,150.29143
2014-07-17,139.0491
2014-07-20,179.33963
2014-07-24,212.58145
2014-07-27,206.69113
2014-07-31,137.65977
2014-08-03,120.66159
2014-08-07,160.84154
2014-08-10,175.67097
2014-08-14,227.9803
2014-08-17,153.35344
2014-08-21,148.51021
2014-08-24,119.03335
2014-08-28,174.07121
2014-08-31,161.57487
2014-09-04,167.62007
2014-09-07,250.39342
2014-09-11,148.21849
2014-09-14,115.78339
2014-09-18,103.49569
2014-09-21,110.19907
2014-09-25,163.24156
2014-09-28,161.31421
2014-10-02,127.58299
2014-10-05,198.17041
2014-10-09,154.55556
2014-10-12,130.04651
2014-10-16,241.59782
2014-10-19,212.00891
2014-10-23,211.9382
2014-10-26,262.08408
2014-10-30,162.74222
2014-11-02,155.91638
2014-11-06,149.07011
2014-11-09,131.10619
2014-11-13,150.57718
2014-11-16,190.82259
2014-11-20,168.41212
2014-11-23,217.21991
2014-11-27,304.1592
2014-11-30,275.52768
2014-12-04,263.14282
2014-12-07,183.31523
2014-12-11,164.28914
2014-12-14,154.3392
2014-12-18,134.5471
2014-12-21,126.37481
2014-12-25,181.34805
2014-12-28,149.37994
2015-01-02,90.16642
2015-01-05,78.51431
2015-01-09,67.781876
2015-01-12,77.36113
2015-01-16,61.961246
2015-01-19,50.520424
2015-01-23,48.54628
2015-01-26,47.745632
2015-01-30,42.939583
2015-02-02,36.87797
2015-02-06,32.988304
2015-02-09,31.292002
2015-02-13,30.01726
2015-02-16,55.62324
2015-02-20,73.106926
2015-02-23,42.638893
2015-02-27,34.85611
2015-03-02,30.449686
2015-03-06,29.225435
2015-03-09,25.488693
2015-03-13,24.155184
2015-03-16,23.549591
2015-03-20,23.933676
2015-03-23,29.59944
2015-03-27,183.50542
2015-03-30,292.04285
2015-04-03,327.8675
2015-04-06,333.75034
2015-04-10,314.10837
2015-04-13,246.75122
2015-04-17,298.9254
2015-04-20,346.92328
2015-04-24,361.9862
2015-04-27,461.25262
2015-05-01,346.79852
2015-05-04,368.20886
2015-05-08,582.7117
2015-05-11,384.87836
2015-05-15,322.5741
2015-05-18,314.95837
2015-05-22,326.55164
2015-05-25,288.7788
2015-05-29,356.95288
2015-06-01,356.3476
2015-06-05,337.30908
2015-06-08,335.37674
2015-06-12,252.63805
2015-06-15,263.21518
2015-06-19,237.46425
2015-06-22,290.91946
2015-06-26,242.18988
2015-06-29,230.60072
2015-07-03,283.16205
2015-07-06,194.24641
2015-07-10,176.08287
2015-07-13,154.27892
2015-07-17,131.9064
2015-07-20,150.01463
2015-07-24,162.43974
2015-07-27,152.90128
2015-07-31,201.1233
2015-08-03,152.36343
2015-08-07,119.184
2015-08-10,111.977875
2015-08-14,104.10526
2015-08-17,92.67722
2015-08-21,110.53022
2015-08-24,125.33688
2015-08-28,79.134674
2015-08-31,80.22541
2015-09-04,207.0921
2015-09-07,121.16662
2015-09-11,94.61157
2015-09-14,91.12873
2015-09-18,96.42468
2015-09-21,81.795364
2015-09-25,79.23011
2015-09-28,94.39279
2015-10-02,95.53485
2015-10-05,102.4756
2015-10-09,88.4856
2015-10-12,156.97144
2015-10-16,200.05247
2015-10-19,286.6803
2015-10-23,312.01025
2015-10-26,326.81128
2015-10-30,389.4764
2015-11-02,373.4653
2015-11-06,375.47348
2015-11-09,363.93073
2015-11-13,339.52554
2015-11-16,323.78156
2015-11-20,407.65796
2015-11-23,374.23425
2015-11-27,339.34302
2015-11-30,462.76016
2015-12-04,505.89566
2015-12-07,483.17557
2015-12-11,615.3386
2015-12-14,465.67148
2015-12-18,416.4597
2015-12-21,414.07233
2015-12-25,340.06293
2015-12-28,414.39972
2016-01-02,263.2243
2016-01-05,248.26222
2016-01-09,216.22841
2016-01-12,252.8454
2016-01-16,229.55998
2016-01-19,281.9502
2016-01-23,279.1718
2016-01-26,189.06439
2016-01-30,145.42455
2016-02-02,130.25287
2016-02-06,111.441345
2016-02-09,102.760345
2016-02-13,152.85095
2016-02-16,90.336296
2016-02-20,69.849266
2016-02-23,67.55324
2016-02-27,69.41057
2016-03-02,82.08177
2016-03-06,65.918846
2016-03-09,65.443085
2016-03-13,84.52062
2016-03-16,72.30932
2016-03-20,70.96189
2016-03-23,67.811806
2016-03-27,63.343086
2016-03-30,57.265587
2016-04-03,441.23083
2016-04-06,195.21144
2016-04-10,165.52745
2016-04-13,563.4557
2016-04-17,332.17624
2016-04-20,467.94034
2016-04-24,246.25807
2016-04-27,337.25998
2016-05-01,292.98712
2016-05-04,248.63295
2016-05-08,287.78726
2016-05-11,287.71918
2016-05-15,272.52542
2016-05-18,295.72433
2016-05-22,395.80698
2016-05-25,275.41052
2016-05-29,208.33405
2016-06-01,193.68051
2016-06-05,183.20029
2016-06-08,184.30284
2016-06-12,169.47824
2016-06-15,172.52338
2016-06-19,180.99374
2016-06-22,197.13268
2016-06-26,169.87712
2016-06-29,174.75732
2016-07-03,132.51907
2016-07-06,144.44472
2016-07-10,107.99776
2016-07-13,150.55545
2016-07-17,147.48763
2016-07-20,124.39733
2016-07-24,154.3538
2016-07-27,128.46199
2016-07-31,98.00851
2016-08-03,79.09667
2016-08-07,130.3695
2016-08-10,182.88004
2016-08-14,171.13115
2016-08-17,121.87444
2016-08-21,82.30685
2016-08-24,98.21508
2016-08-28,95.327965
2016-08-31,68.78395
2016-09-04,59.4164
2016-09-07,90.81396
2016-09-11,65.59553
2016-09-14,66.92647
2016-09-18,106.88347
2016-09-21,137.33499
2016-09-25,102.6972
2016-09-28,253.27979
2016-10-02,130.64615
2016-10-05,440.76627
2016-10-09,178.04057
2016-10-12,128.86842
2016-10-16,106.987434
2016-10-19,98.529625
2016-10-23,143.1008
2016-10-26,148.7594
2016-10-30,96.57006
2016-11-02,86.41834
2016-11-06,113.32965
2016-11-09,137.22005
2016-11-13,153.20013
2016-11-16,109.48361
2016-11-20,189.45818
2016-11-23,204.38623
2016-11-27,238.3782
2016-11-30,187.41342
2016-12-04,161.5378
2016-12-07,182.59912
2016-12-11,140.29343
2016-12-14,140.60692
2016-12-18,120.51129
2016-12-21,100.47478
2016-12-25,83.39216
2016-12-28,74.74891
2017-01-02,70.15805
2017-01-05,69.500755
2017-01-09,53.601475
2017-01-12,47.477795
2017-01-16,41.782936
2017-01-19,38.326057
2017-01-23,34.968224
2017-01-26,32.42934
2017-01-30,31.553587
2017-02-02,76.130554
2017-02-06,59.838013
2017-02-09,45.647392
2017-02-13,38.81763
2017-02-16,36.82907
2017-02-20,68.26455
2017-02-23,73.41727
2017-02-27,261.28424
2017-03-02,124.03962
2017-03-06,100.85272
2017-03-09,90.833466
2017-03-13,76.71616
2017-03-16,67.54721
2017-03-20,154.5119
2017-03-23,98.37226
2017-03-27,145.44954
2017-03-30,138.71715
2017-04-03,110.45849
2017-04-06,100.41415
2017-04-10,153.65367
2017-04-13,117.54553
2017-04-17,109.720505
2017-04-20,226.30844
2017-04-24,189.11378
2017-04-27,158.73512
2017-05-01,240.1997
2017-05-04,216.49606
2017-05-08,228.90184
2017-05-11,209.20146
2017-05-15,212.16255
2017-05-18,272.56766
2017-05-22,218.37856
2017-05-25,181.43575
2017-05-29,144.15828
2017-06-01,176.59862
2017-06-05,147.00146
2017-06-08,125.50536
2017-06-12,99.21249
2017-06-15,166.35963
2017-06-19,169.5415
2017-06-22,140.93896
2017-06-26,112.27752
2017-06-29,109.30988
2017-07-03,143.95186
2017-07-06,148.31299
2017-07-10,160.19826
2017-07-13,123.61418
2017-07-17,145.17334
2017-07-20,134.19116
2017-07-24,143.14851
2017-07-27,185.64719
2017-07-31,148.93048
2017-08-03,149.77821
2017-08-07,85.75265
2017-08-10,124.17793
2017-08-14,151.922
2017-08-17,140.43427
2017-08-21,96.30459
2017-08-24,119.727745
2017-08-28,131.48575
2017-08-31,208.93546
2017-09-04,248.69243
2017-09-07,282.06342
2017-09-11,155.53871
2017-09-14,154.83145
2017-09-18,282.5829
2017-09-21,163.96687
2017-09-25,210.96136
2017-09-28,149.64146
2017-10-02,164.24776
2017-10-05,132.79298
2017-10-09,107.04393
2017-10-12,184.26744
2017-10-16,170.75629
2017-10-19,165.18234
2017-10-23,337.45816
2017-10-26,253.87897
2017-10-30,173.65674
2017-11-02,134.73297
2017-11-06,187.67268
2017-11-09,276.291
2017-11-13,327.4288
2017-11-16,245.20589
2017-11-20,185.84123
2017-11-23,163.90657
2017-11-27,178.5975
2017-11-30,170.58466
2017-12-04,165.12964
2017-12-07,139.07617
2017-12-11,133.91498
2017-12-14,111.54358
2017-12-18,97.1411
2017-12-21,94.54889
2017-12-25,78.636955
2017-12-28,75.3367
2018-01-01,63.84605
2018-01-04,64.091805
2018-01-08,77.69154
2018-01-11,57.946373
2018-01-15,48.728683
2018-01-18,42.279083
2018-01-22,40.68032
2018-01-25,40.581593
2018-01-29,39.60407
2018-02-01,33.56911
2018-02-05,28.50398
2018-02-08,32.172527
2018-02-12,28.064604
2018-02-15,24.469992
2018-02-19,22.498919
2018-02-22,32.3298
2018-02-26,53.18661
2018-03-01,63.505962
2018-03-05,184.89073
2018-03-08,135.05858
2018-03-12,100.00767
2018-03-15,200.63533
2018-03-19,259.57047
2018-03-22,337.44946
2018-03-26,251.63724
2018-03-29,253.01228
2018-04-02,180.326
2018-04-05,563.0361
2018-04-09,446.10153
2018-04-12,388.14792
2018-04-16,414.3121
2018-04-19,344.40594
2018-04-23,385.94775
2018-04-26,353.5883
2018-04-30,540.76654
2018-05-03,381.79465
2018-05-07,404.208
2018-05-10,394.45
2018-05-14,333.96637
2018-05-17,627.74554
2018-05-21,494.50528
2018-05-24,390.13812
2018-05-28,384.00034
2018-05-31,353.1193
2018-06-04,320.5482
2018-06-07,312.6956
2018-06-11,321.88434
2018-06-14,342.10464
2018-06-18,252.18716
2018-06-21,262.82092
2018-06-25,217.83263
2018-06-28,225.51242
2018-07-01,195.26949
2018-07-02,198.63211
2018-07-03,219.37006
2018-07-04,223.87573
2018-07-05,203.55165
2018-07-06,181.74612
2018-07-07,165.50719
2018-07-08,154.03082
2018-07-09,155.37
2018-07-10,167.00128
2018-07-11,194.6813
2018-07-12,198.14731
2018-07-13,179.51369
2018-07-14,154.86192
2018-07-15,146.34346
2018-07-16,146.91655
2018-07-17,153.7079
2018-07-18,151.1648
2018-07-19,138.60132
2018-07-20,128.13237
2018-07-21,124.16699
2018-07-22,141.15134
2018-07-23,142.60016
2018-07-24,128.53511
2018-07-25,119.65875
2018-07-26,127.97917
2018-07-27,150.10254
2018-07-28,180.4501
2018-07-29,159.94788
2018-07-30,154.2705
2018-07-31,150.7117
2018-08-01,142.0347
2018-08-02,124.70493
2018-08-03,115.64506
2018-08-04,111.30649
2018-08-05,110.00523
2018-08-06,111.8658
2018-08-07,112.02428
2018-08-08,108.88194
2018-08-09,102.888695
2018-08-10,102.54404
2018-08-11,118.717354
2018-08-12,126.822365
2018-08-13,131.8126
2018-08-14,140.75693
2018-08-15,130.61557
2018-08-16,111.76604
2018-08-17,126.91043
2018-08-18,141.47743
2018-08-19,140.84149
2018-08-20,132.58978
2018-08-21,145.65886
2018-08-22,173.52065
2018-08-23,159.53806
2018-08-24,135.25975
2018-08-25,167.46648
2018-08-26,178.82986
2018-08-27,177.94992
2018-08-28,164.41747
2018-08-29,151.50317
2018-08-30,143.73114
2018-08-31,134.02068
2018-09-01,146.63531
2018-09-02,156.74683
2018-09-03,187.91165
2018-09-04,206.76982
2018-09-05,204.02898
2018-09-06,169.75787
2018-09-07,136.26572
2018-09-08,116.41317
2018-09-09,105.7275
2018-09-10,99.33163
2018-09-11,100.793076
2018-09-12,117.23792
2018-09-13,125.41995
2018-09-14,123.45957
2018-09-15,115.79952
2018-09-16,106.261826
2018-09-17,105.097984
2018-09-18,105.99761
2018-09-19,103.65613
2018-09-20,103.21532
2018-09-21,100.606285
2018-09-22,99.623764
2018-09-23,95.828156
2018-09-24,95.17234
2018-09-25,93.387474
2018-09-26,90.966705
2018-09-27,89.03014
2018-09-28,87.219444
2018-09-29,87.798836
2018-09-30,87.34624
2018-10-01,87.233986
2018-10-02,104.33714
2018-10-03,98.94134
2018-10-04,97.01745
2018-10-05,97.89945
2018-10-06,95.58462
2018-10-07,94.739624
2018-10-08,95.8318
2018-10-09,117.4002
2018-10-10,128.79692
2018-10-11,131.4412
2018-10-12,128.12497
2018-10-13,132.2137
2018-10-14,149.87856
2018-10-15,246.48746
2018-10-16,238.65495
2018-10-17,212.59769
2018-10-18,214.05298
2018-10-19,194.44371
2018-10-20,191.19778
2018-10-21,171.69543
2018-10-22,159.94684
2018-10-23,153.41519
2018-10-24,139.62148
2018-10-25,130.82993
2018-10-26,128.31963
2018-10-27,132.09973
2018-10-28,143.62677
2018-10-29,173.70844
2018-10-30,178.83707
2018-10-31,190.80286
2018-11-01,181.09209
2018-11-02,188.0118
2018-11-03,164.11586
2018-11-04,153.594
2018-11-05,150.90077
2018-11-06,152.2592
2018-11-07,152.35416
2018-11-08,176.0409
2018-11-09,154.894
2018-11-10,152.60927
2018-11-11,154.28447
2018-11-12,151.74518
2018-11-13,145.15805
2018-11-14,128.69505
2018-11-15,150.97926
2018-11-16,148.65938
2018-11-17,146.63632
2018-11-18,139.9827
2018-11-19,147.3255
2018-11-20,147.3299
2018-11-21,139.39012
2018-11-22,147.63129
2018-11-23,145.39743
2018-11-24,150.01979
2018-11-25,142.06311
2018-11-26,134.88168
2018-11-27,129.86743
2018-11-28,123.88964
2018-11-29,118.75972
2018-11-30,111.37469
2018-12-01,114.45367
2018-12-02,120.09196
2018-12-03,116.56894
2018-12-04,137.52283
2018-12-05,138.49475
2018-12-06,135.75853
2018-12-07,138.70168
2018-12-08,139.54936
2018-12-09,139.20805
2018-12-10,150.11185
2018-12-11,191.35858
2018-12-12,220.44818
2018-12-13,249.27477
2018-12-14,259.42984
2018-12-15,219.62146
2018-12-16,199.14998
2018-12-17,194.35751
2018-12-18,179.72058
2018-12-19,179.26587
2018-12-20,165.5815
2018-12-21,156.65549
2018-12-22,150.12674
2018-12-23,148.70488
2018-12-24,151.4098
2018-12-25,149.68689
2018-12-26,136.6193
2018-12-27,130.54568
2018-12-28,122.36796
2018-12-29,117.22796
2018-12-30,112.32791
2018-12-31,111.997795
2019-01-01,106.73312
2019-01-02,114.31418
2019-01-03,104.95811
2019-01-04,101.94114
2019-01-05,99.02781
2019-01-06,97.65009
2019-01-07,96.08238
2019-01-08,100.78469
2019-01-09,108.547
2019-01-10,103.863754
2019-01-11,98.7744
2019-01-12,95.5532
2019-01-13,92.32468
2019-01-14,89.35188
2019-01-15,86.69449
2019-01-16,84.73293
2019-01-17,86.8964
2019-01-18,89.82374
2019-01-19,95.65095
2019-01-20,89.621445
2019-01-21,85.854195
2019-01-22,82.05751
2019-01-23,83.0536
2019-01-24,78.18302
2019-01-25,73.051605
2019-01-26,69.10816
2019-01-27,65.65279
2019-01-28,63.720055
2019-01-29,61.038887
2019-01-30,58.942284
2019-01-31,56.82939
2019-02-01,54.79907
2019-02-02,53.761738
2019-02-03,51.486904
2019-02-04,50.40514
2019-02-05,49.026512
2019-02-06,47.765877
2019-02-07,46.525257
2019-02-08,45.633476
2019-02-09,44.785
2019-02-10,44.180748
2019-02-11,43.866035
2019-02-12,45.16074
2019-02-13,43.338223
2019-02-14,42.285866
2019-02-15,40.844414
2019-02-16,39.492287
2019-02-17,38.59892
2019-02-18,37.908268
2019-02-19,37.36713
2019-02-20,40.45144
2019-02-21,42.039093
2019-02-22,40.431976
2019-02-23,39.667393
2019-02-24,42.57781
2019-02-25,43.362873
2019-02-26,50.47948
2019-02-27,65.31783
2019-02-28,66.99269
2019-03-01,61.471546
2019-03-02,59.354984
2019-03-03,57.840508
2019-03-04,58.328
2019-03-05,58.73746
2019-03-06,59.69818
2019-03-07,59.59487
2019-03-08,64.884315
2019-03-09,75.14046
2019-03-10,85.15733
2019-03-11,77.724075
2019-03-12,71.74199
2019-03-13,67.28893
2019-03-14,63.833054
2019-03-15,61.49595
2019-03-16,59.0848
2019-03-17,57.237366
2019-03-18,56.571648
2019-03-19,58.251637
2019-03-20,57.311394
2019-03-21,54.35209
2019-03-22,52.359535
2019-03-23,51.919586
2019-03-24,49.94665
2019-03-25,48.74917
2019-03-26,47.3159
2019-03-27,47.33736
2019-03-28,49.74977
2019-03-29,55.50848
2019-03-30,57.52165
2019-03-31,64.37839
2019-04-01,76.67518
2019-04-02,73.36925
2019-04-03,66.80202
2019-04-04,64.66642
2019-04-05,65.62817
2019-04-06,62.157623
2019-04-07,59.35042
2019-04-08,55.604076
2019-04-09,54.299522
2019-04-10,53.603447
2019-04-11,54.85993
2019-04-12,71.09046
2019-04-13,82.10618
2019-04-14,82.98699
2019-04-15,89.744896
2019-04-16,94.29252
2019-04-17,92.009155
2019-04-18,87.11287
2019-04-19,87.49578
2019-04-20,81.68332
2019-04-21,79.42508
2019-04-22,79.25798
2019-04-23,96.57717
2019-04-24,116.99448
2019-04-25,153.1525
2019-04-26,137.72647
2019-04-27,165.399
2019-04-28,194.04097
2019-04-29,213.6504
2019-04-30,211.99747
2019-05-01,170.069
2019-05-02,189.73003
2019-05-03,159.56157
2019-05-04,167.57755
2019-05-05,167.20822
2019-05-06,157.26701
2019-05-07,165.405
2019-05-08,177.29082
2019-05-09,194.0661
2019-05-10,268.77362
2019-05-11,366.54846
2019-05-12,301.11624
2019-05-13,240.34914
2019-05-14,229.31712
2019-05-15,310.7523
2019-05-16,262.13336
2019-05-17,230.0435
2019-05-18,220.81596
2019-05-19,219.39977
2019-05-20,230.02043
2019-05-21,237.02112
2019-05-22,223.54955
2019-05-23,219.01514
2019-05-24,269.67194
2019-05-25,358.30988
2019-05-26,330.51498
2019-05-27,261.19385
2019-05-28,286.31058
2019-05-29,309.28568
2019-05-30,272.8214
2019-05-31,253.97217
2019-06-01,240.51141
2019-06-02,320.10602
2019-06-03,263.61667
2019-06-04,254.27603
2019-06-05,254.13202
2019-06-06,241.6159
2019-06-07,213.69426
2019-06-08,210.23761
2019-06-09,246.45233
2019-06-10,329.04404
2019-06-11,278.24316
2019-06-12,247.47672
2019-06-13,245.5862
2019-06-14,263.28366
2019-06-15,249.71974
2019-06-16,238.47638
2019-06-17,236.71483
2019-06-18,223.33516
2019-06-19,214.26675
2019-06-20,207.94315
2019-06-21,200.19824
2019-06-22,194.39929
2019-06-23,187.96898
2019-06-24,207.8174
2019-06-25,223.94835
2019-06-26,218.41058
2019-06-27,221.5765
2019-06-28,227.48523
2019-06-29,241.48875
2019-06-30,237.67513
