{
    "controller": "controllers/record",
    "boolFilterList": [
        "onlyMy"
    ],
    "recordViews": {
        "detail": "views/templates/event/record/detail"
    },
    "activityDefs": {
        "activitiesCreate": true,
        "historyCreate": true
    },
    "viewSetupHandlers": {
        "record/detail": [
            "crm:handlers/event/reminders-handler"
        ],
        "record/edit": [
            "crm:handlers/event/reminders-handler"
        ]
    },
    "bottomPanels": {
        "detail": [
            {
                "name": "scheduler",
                "label": "Scheduler",
                "view": "crm:views/meeting/record/panels/scheduler",
                "disabled": true,
                "order": 3
            }
        ],
        "edit": [
            {
                "name": "scheduler",
                "label": "Scheduler",
                "view": "crm:views/meeting/record/panels/scheduler",
                "disabled": true,
                "order": 1
            }
        ]
    },
    "filterList": [
        {
            "name": "planned"
        },
        {
            "name": "held",
            "style": "success"
        },
        {
            "name": "todays"
        }
    ],
    "forcePatchAttributeDependencyMap": {
        "dateEnd": [
            "dateStart"
        ],
        "dateEndDate": [
            "dateStartDate"
        ]
    },
    "kanbanViewMode": false,
    "iconClass": null
}