{
    "controller": "controllers/record",
    "boolFilterList": [
        "onlyMy"
    ],
    "sidePanels": {
        "detail": [
            {
                "name": "activities",
                "label": "Activities",
                "view": "crm:views/record/panels/activities",
                "aclScope": "Activities"
            },
            {
                "name": "history",
                "label": "History",
                "view": "crm:views/record/panels/history",
                "aclScope": "Activities"
            },
            {
                "name": "tasks",
                "label": "Tasks",
                "view": "crm:views/record/panels/tasks",
                "aclScope": "Task"
            }
        ]
    },
    "iconClass": "fas fa-bacterium",
    "relationshipPanels": {
        "activities": {
            "layout": null,
            "selectPrimaryFilterName": null
        },
        "regions": {
            "layout": null,
            "selectPrimaryFilterName": null
        },
        "needsAssessments": {
            "layout": null,
            "selectPrimaryFilterName": null
        },
        "cercles": {
            "layout": null,
            "selectPrimaryFilterName": null
        },
        "communes": {
            "layout": null,
            "selectPrimaryFilterName": null
        },
        "branches": {
            "layout": null,
            "selectPrimaryFilterName": null
        },
        "rapportEvaluationRapide": {
            "layout": null,
            "selectPrimaryFilterName": null
        },
        "hazard": {
            "layout": null,
            "selectPrimaryFilterName": null
        }
    }
}