,time,dis,dis_3,dis_7,max_dt_3days,3max_dt_3days,7max_dt_3days,station
1997-01-02,1997-01-02,,,,,,,G1310
1997-01-05,1997-01-05,,,,,,,G1310
1997-01-09,1997-01-09,,,,,,,G1310
1997-01-12,1997-01-12,,,,,,,G1310
1997-01-16,1997-01-16,,,,,,,G1310
1997-01-19,1997-01-19,,,,,,,G1310
1997-01-23,1997-01-23,,,,,,,G1310
1997-01-26,1997-01-26,,,,,,,G1310
1997-01-30,1997-01-30,,,,,,,G1310
1997-02-02,1997-02-02,,,,,,,G1310
1997-02-06,1997-02-06,,,,,,,G1310
1997-02-09,1997-02-09,,,,,,,G1310
1997-02-13,1997-02-13,,,,,,,G1310
1997-02-16,1997-02-16,,,,,,,G1310
1997-02-20,1997-02-20,,,,,,,G1310
1997-02-23,1997-02-23,,,,,,,G1310
1997-02-27,1997-02-27,,,,,,,G1310
1997-03-02,1997-03-02,,,,,,,G1310
1997-03-06,1997-03-06,,,,,,,G1310
1997-03-09,1997-03-09,,,,,,,G1310
1997-03-13,1997-03-13,,,,,,,G1310
1997-03-16,1997-03-16,,,,,,,G1310
1997-03-20,1997-03-20,,,,,,,G1310
1997-03-23,1997-03-23,,,,,,,G1310
1997-03-27,1997-03-27,,,,,,,G1310
1997-03-30,1997-03-30,,,,,,,G1310
1997-04-03,1997-04-03,,,,,,,G1310
1997-04-06,1997-04-06,,,,,,,G1310
1997-04-10,1997-04-10,,,,,,,G1310
1997-04-13,1997-04-13,,,,,,,G1310
1997-04-17,1997-04-17,,,,,,,G1310
1997-04-20,1997-04-20,,,,,,,G1310
1997-04-24,1997-04-24,,,,,,,G1310
1997-04-27,1997-04-27,,,,,,,G1310
1997-05-01,1997-05-01,,,,,,,G1310
1997-05-04,1997-05-04,,,,,,,G1310
1997-05-08,1997-05-08,,,,,,,G1310
1997-05-11,1997-05-11,,,,,,,G1310
1997-05-15,1997-05-15,,,,,,,G1310
1997-05-18,1997-05-18,,,,,,,G1310
1997-05-22,1997-05-22,,,,,,,G1310
1997-05-25,1997-05-25,,,,,,,G1310
1997-05-29,1997-05-29,,,,,,,G1310
1997-06-01,1997-06-01,,,,,,,G1310
1997-06-05,1997-06-05,,,,,,,G1310
1997-06-08,1997-06-08,,,,,,,G1310
1997-06-12,1997-06-12,,,,,,,G1310
1997-06-15,1997-06-15,,,,,,,G1310
1997-06-19,1997-06-19,,,,,,,G1310
1997-06-22,1997-06-22,,,,,,,G1310
1997-06-26,1997-06-26,,,,,,,G1310
1997-06-29,1997-06-29,,,,,,,G1310
1997-07-03,1997-07-03,,,,,,,G1310
1997-07-06,1997-07-06,,,,,,,G1310
1997-07-10,1997-07-10,,,,,,,G1310
1997-07-13,1997-07-13,,,,,,,G1310
1997-07-17,1997-07-17,,,,,,,G1310
1997-07-20,1997-07-20,,,,,,,G1310
1997-07-24,1997-07-24,,,,,,,G1310
1997-07-27,1997-07-27,,,,,,,G1310
1997-07-31,1997-07-31,,,,,,,G1310
1997-08-03,1997-08-03,,,,,,,G1310
1997-08-07,1997-08-07,,,,,,,G1310
1997-08-10,1997-08-10,,,,,,,G1310
1997-08-14,1997-08-14,,,,,,,G1310
1997-08-17,1997-08-17,,,,,,,G1310
1997-08-21,1997-08-21,,,,,,,G1310
1997-08-24,1997-08-24,,,,,,,G1310
1997-08-28,1997-08-28,,,,,,,G1310
1997-08-31,1997-08-31,,,,,,,G1310
1997-09-04,1997-09-04,,,,,,,G1310
1997-09-07,1997-09-07,,,,,,,G1310
1997-09-11,1997-09-11,,,,,,,G1310
1997-09-14,1997-09-14,,,,,,,G1310
1997-09-18,1997-09-18,,,,,,,G1310
1997-09-21,1997-09-21,,,,,,,G1310
1997-09-25,1997-09-25,,,,,,,G1310
1997-09-28,1997-09-28,,,,,,,G1310
1997-10-02,1997-10-02,,,,,,,G1310
1997-10-05,1997-10-05,,,,,,,G1310
1997-10-09,1997-10-09,,,,,,,G1310
1997-10-12,1997-10-12,,,,,,,G1310
1997-10-16,1997-10-16,,,,,,,G1310
1997-10-19,1997-10-19,,,,,,,G1310
1997-10-23,1997-10-23,,,,,,,G1310
1997-10-26,1997-10-26,,,,,,,G1310
1997-10-30,1997-10-30,,,,,,,G1310
1997-11-02,1997-11-02,,,,,,,G1310
1997-11-06,1997-11-06,,,,,,,G1310
1997-11-09,1997-11-09,,,,,,,G1310
1997-11-13,1997-11-13,,,,,,,G1310
1997-11-16,1997-11-16,,,,,,,G1310
1997-11-20,1997-11-20,,,,,,,G1310
1997-11-23,1997-11-23,,,,,,,G1310
1997-11-27,1997-11-27,,,,,,,G1310
1997-11-30,1997-11-30,,,,,,,G1310
1997-12-04,1997-12-04,,,,,,,G1310
1997-12-07,1997-12-07,,,,,,,G1310
1997-12-11,1997-12-11,,,,,,,G1310
1997-12-14,1997-12-14,,,,,,,G1310
1997-12-18,1997-12-18,,,,,,,G1310
1997-12-21,1997-12-21,,,,,,,G1310
1997-12-25,1997-12-25,,,,,,,G1310
1997-12-28,1997-12-28,,,,,,,G1310
1998-01-02,1998-01-02,,,,,,,G1310
1998-01-05,1998-01-05,,,,,,,G1310
1998-01-09,1998-01-09,,,,,,,G1310
1998-01-12,1998-01-12,,,,,,,G1310
1998-01-16,1998-01-16,,,,,,,G1310
1998-01-19,1998-01-19,,,,,,,G1310
1998-01-23,1998-01-23,,,,,,,G1310
1998-01-26,1998-01-26,,,,,,,G1310
1998-01-30,1998-01-30,,,,,,,G1310
1998-02-02,1998-02-02,,,,,,,G1310
1998-02-06,1998-02-06,,,,,,,G1310
1998-02-09,1998-02-09,,,,,,,G1310
1998-02-13,1998-02-13,,,,,,,G1310
1998-02-16,1998-02-16,,,,,,,G1310
1998-02-20,1998-02-20,,,,,,,G1310
1998-02-23,1998-02-23,,,,,,,G1310
1998-02-27,1998-02-27,,,,,,,G1310
1998-03-02,1998-03-02,,,,,,,G1310
1998-03-06,1998-03-06,,,,,,,G1310
1998-03-09,1998-03-09,,,,,,,G1310
1998-03-13,1998-03-13,,,,,,,G1310
1998-03-16,1998-03-16,,,,,,,G1310
1998-03-20,1998-03-20,,,,,,,G1310
1998-03-23,1998-03-23,,,,,,,G1310
1998-03-27,1998-03-27,,,,,,,G1310
1998-03-30,1998-03-30,,,,,,,G1310
1998-04-03,1998-04-03,,,,,,,G1310
1998-04-06,1998-04-06,,,,,,,G1310
1998-04-10,1998-04-10,,,,,,,G1310
1998-04-13,1998-04-13,,,,,,,G1310
1998-04-17,1998-04-17,,,,,,,G1310
1998-04-20,1998-04-20,,,,,,,G1310
1998-04-24,1998-04-24,,,,,,,G1310
1998-04-27,1998-04-27,,,,,,,G1310
1998-05-01,1998-05-01,,,,,,,G1310
1998-05-04,1998-05-04,,,,,,,G1310
1998-05-08,1998-05-08,,,,,,,G1310
1998-05-11,1998-05-11,,,,,,,G1310
1998-05-15,1998-05-15,,,,,,,G1310
1998-05-18,1998-05-18,,,,,,,G1310
1998-05-22,1998-05-22,,,,,,,G1310
1998-05-25,1998-05-25,,,,,,,G1310
1998-05-29,1998-05-29,,,,,,,G1310
1998-06-01,1998-06-01,,,,,,,G1310
1998-06-05,1998-06-05,,,,,,,G1310
1998-06-08,1998-06-08,,,,,,,G1310
1998-06-12,1998-06-12,,,,,,,G1310
1998-06-15,1998-06-15,,,,,,,G1310
1998-06-19,1998-06-19,,,,,,,G1310
1998-06-22,1998-06-22,,,,,,,G1310
1998-06-26,1998-06-26,,,,,,,G1310
1998-06-29,1998-06-29,,,,,,,G1310
1998-07-03,1998-07-03,,,,,,,G1310
1998-07-06,1998-07-06,,,,,,,G1310
1998-07-10,1998-07-10,,,,,,,G1310
1998-07-13,1998-07-13,,,,,,,G1310
1998-07-17,1998-07-17,,,,,,,G1310
1998-07-20,1998-07-20,,,,,,,G1310
1998-07-24,1998-07-24,,,,,,,G1310
1998-07-27,1998-07-27,,,,,,,G1310
1998-07-31,1998-07-31,,,,,,,G1310
1998-08-03,1998-08-03,,,,,,,G1310
1998-08-07,1998-08-07,,,,,,,G1310
1998-08-10,1998-08-10,,,,,,,G1310
1998-08-14,1998-08-14,,,,,,,G1310
1998-08-17,1998-08-17,,,,,,,G1310
1998-08-21,1998-08-21,,,,,,,G1310
1998-08-24,1998-08-24,,,,,,,G1310
1998-08-28,1998-08-28,,,,,,,G1310
1998-08-31,1998-08-31,,,,,,,G1310
1998-09-04,1998-09-04,,,,,,,G1310
1998-09-07,1998-09-07,,,,,,,G1310
1998-09-11,1998-09-11,,,,,,,G1310
1998-09-14,1998-09-14,,,,,,,G1310
1998-09-18,1998-09-18,,,,,,,G1310
1998-09-21,1998-09-21,,,,,,,G1310
1998-09-25,1998-09-25,,,,,,,G1310
1998-09-28,1998-09-28,,,,,,,G1310
1998-10-02,1998-10-02,,,,,,,G1310
1998-10-05,1998-10-05,,,,,,,G1310
1998-10-09,1998-10-09,,,,,,,G1310
1998-10-12,1998-10-12,,,,,,,G1310
1998-10-16,1998-10-16,,,,,,,G1310
1998-10-19,1998-10-19,,,,,,,G1310
1998-10-23,1998-10-23,,,,,,,G1310
1998-10-26,1998-10-26,,,,,,,G1310
1998-10-30,1998-10-30,,,,,,,G1310
1998-11-02,1998-11-02,,,,,,,G1310
1998-11-06,1998-11-06,,,,,,,G1310
1998-11-09,1998-11-09,,,,,,,G1310
1998-11-13,1998-11-13,,,,,,,G1310
1998-11-16,1998-11-16,,,,,,,G1310
1998-11-20,1998-11-20,,,,,,,G1310
1998-11-23,1998-11-23,,,,,,,G1310
1998-11-27,1998-11-27,,,,,,,G1310
1998-11-30,1998-11-30,,,,,,,G1310
1998-12-04,1998-12-04,,,,,,,G1310
1998-12-07,1998-12-07,,,,,,,G1310
1998-12-11,1998-12-11,,,,,,,G1310
1998-12-14,1998-12-14,,,,,,,G1310
1998-12-18,1998-12-18,,,,,,,G1310
1998-12-21,1998-12-21,,,,,,,G1310
1998-12-25,1998-12-25,,,,,,,G1310
1998-12-28,1998-12-28,,,,,,,G1310
1999-01-02,1999-01-02,,,,,,,G1310
1999-01-05,1999-01-05,,,,,,,G1310
1999-01-09,1999-01-09,,,,,,,G1310
1999-01-12,1999-01-12,,,,,,,G1310
1999-01-16,1999-01-16,,,,,,,G1310
1999-01-19,1999-01-19,,,,,,,G1310
1999-01-23,1999-01-23,,,,,,,G1310
1999-01-26,1999-01-26,,,,,,,G1310
1999-01-30,1999-01-30,,,,,,,G1310
1999-02-02,1999-02-02,,,,,,,G1310
1999-02-06,1999-02-06,,,,,,,G1310
1999-02-09,1999-02-09,,,,,,,G1310
1999-02-13,1999-02-13,,,,,,,G1310
1999-02-16,1999-02-16,,,,,,,G1310
1999-02-20,1999-02-20,,,,,,,G1310
1999-02-23,1999-02-23,,,,,,,G1310
1999-02-27,1999-02-27,,,,,,,G1310
1999-03-02,1999-03-02,,,,,,,G1310
1999-03-06,1999-03-06,,,,,,,G1310
1999-03-09,1999-03-09,,,,,,,G1310
1999-03-13,1999-03-13,,,,,,,G1310
1999-03-16,1999-03-16,,,,,,,G1310
1999-03-20,1999-03-20,,,,,,,G1310
1999-03-23,1999-03-23,,,,,,,G1310
1999-03-27,1999-03-27,,,,,,,G1310
1999-03-30,1999-03-30,,,,,,,G1310
1999-04-03,1999-04-03,,,,,,,G1310
1999-04-06,1999-04-06,,,,,,,G1310
1999-04-10,1999-04-10,,,,,,,G1310
1999-04-13,1999-04-13,,,,,,,G1310
1999-04-17,1999-04-17,,,,,,,G1310
1999-04-20,1999-04-20,,,,,,,G1310
1999-04-24,1999-04-24,,,,,,,G1310
1999-04-27,1999-04-27,,,,,,,G1310
1999-05-01,1999-05-01,,,,,,,G1310
1999-05-04,1999-05-04,,,,,,,G1310
1999-05-08,1999-05-08,,,,,,,G1310
1999-05-11,1999-05-11,,,,,,,G1310
1999-05-15,1999-05-15,,,,,,,G1310
1999-05-18,1999-05-18,,,,,,,G1310
1999-05-22,1999-05-22,,,,,,,G1310
1999-05-25,1999-05-25,,,,,,,G1310
1999-05-29,1999-05-29,,,,,,,G1310
1999-06-01,1999-06-01,,,,,,,G1310
1999-06-05,1999-06-05,,,,,,,G1310
1999-06-08,1999-06-08,,,,,,,G1310
1999-06-12,1999-06-12,,,,,,,G1310
1999-06-15,1999-06-15,,,,,,,G1310
1999-06-19,1999-06-19,,,,,,,G1310
1999-06-22,1999-06-22,,,,,,,G1310
1999-06-26,1999-06-26,,,,,,,G1310
1999-06-29,1999-06-29,,,,,,,G1310
1999-07-03,1999-07-03,,,,,,,G1310
1999-07-06,1999-07-06,,,,,,,G1310
1999-07-10,1999-07-10,,,,,,,G1310
1999-07-13,1999-07-13,,,,,,,G1310
1999-07-17,1999-07-17,,,,,,,G1310
1999-07-20,1999-07-20,,,,,,,G1310
1999-07-24,1999-07-24,,,,,,,G1310
1999-07-27,1999-07-27,,,,,,,G1310
1999-07-31,1999-07-31,,,,,,,G1310
1999-08-03,1999-08-03,,,,,,,G1310
1999-08-07,1999-08-07,,,,,,,G1310
1999-08-10,1999-08-10,,,,,,,G1310
1999-08-14,1999-08-14,,,,,,,G1310
1999-08-17,1999-08-17,,,,,,,G1310
1999-08-21,1999-08-21,,,,,,,G1310
1999-08-24,1999-08-24,,,,,,,G1310
1999-08-28,1999-08-28,,,,,,,G1310
1999-08-31,1999-08-31,,,,,,,G1310
1999-09-04,1999-09-04,,,,,,,G1310
1999-09-07,1999-09-07,,,,,,,G1310
1999-09-11,1999-09-11,,,,,,,G1310
1999-09-14,1999-09-14,,,,,,,G1310
1999-09-18,1999-09-18,,,,,,,G1310
1999-09-21,1999-09-21,,,,,,,G1310
1999-09-25,1999-09-25,,,,,,,G1310
1999-09-28,1999-09-28,,,,,,,G1310
1999-10-02,1999-10-02,,,,,,,G1310
1999-10-05,1999-10-05,,,,,,,G1310
1999-10-09,1999-10-09,,,,,,,G1310
1999-10-12,1999-10-12,,,,,,,G1310
1999-10-16,1999-10-16,,,,,,,G1310
1999-10-19,1999-10-19,,,,,,,G1310
1999-10-23,1999-10-23,,,,,,,G1310
1999-10-26,1999-10-26,,,,,,,G1310
1999-10-30,1999-10-30,,,,,,,G1310
1999-11-02,1999-11-02,,,,,,,G1310
1999-11-06,1999-11-06,,,,,,,G1310
1999-11-09,1999-11-09,,,,,,,G1310
1999-11-13,1999-11-13,,,,,,,G1310
1999-11-16,1999-11-16,,,,,,,G1310
1999-11-20,1999-11-20,,,,,,,G1310
1999-11-23,1999-11-23,,,,,,,G1310
1999-11-27,1999-11-27,,,,,,,G1310
1999-11-30,1999-11-30,,,,,,,G1310
1999-12-04,1999-12-04,,,,,,,G1310
1999-12-07,1999-12-07,,,,,,,G1310
1999-12-11,1999-12-11,,,,,,,G1310
1999-12-14,1999-12-14,,,,,,,G1310
1999-12-18,1999-12-18,,,,,,,G1310
1999-12-21,1999-12-21,,,,,,,G1310
1999-12-25,1999-12-25,,,,,,,G1310
1999-12-28,1999-12-28,,,,,,,G1310
2000-01-02,2000-01-02,,,,,,,G1310
2000-01-05,2000-01-05,,,,,,,G1310
2000-01-09,2000-01-09,,,,,,,G1310
2000-01-12,2000-01-12,,,,,,,G1310
2000-01-16,2000-01-16,,,,,,,G1310
2000-01-19,2000-01-19,,,,,,,G1310
2000-01-23,2000-01-23,,,,,,,G1310
2000-01-26,2000-01-26,,,,,,,G1310
2000-01-30,2000-01-30,,,,,,,G1310
2000-02-02,2000-02-02,,,,,,,G1310
2000-02-06,2000-02-06,,,,,,,G1310
2000-02-09,2000-02-09,,,,,,,G1310
2000-02-13,2000-02-13,,,,,,,G1310
2000-02-16,2000-02-16,,,,,,,G1310
2000-02-20,2000-02-20,,,,,,,G1310
2000-02-23,2000-02-23,,,,,,,G1310
2000-02-27,2000-02-27,,,,,,,G1310
2000-03-02,2000-03-02,,,,,,,G1310
2000-03-06,2000-03-06,,,,,,,G1310
2000-03-09,2000-03-09,,,,,,,G1310
2000-03-13,2000-03-13,,,,,,,G1310
2000-03-16,2000-03-16,,,,,,,G1310
2000-03-20,2000-03-20,,,,,,,G1310
2000-03-23,2000-03-23,,,,,,,G1310
2000-03-27,2000-03-27,,,,,,,G1310
2000-03-30,2000-03-30,,,,,,,G1310
2000-04-03,2000-04-03,,,,,,,G1310
2000-04-06,2000-04-06,,,,,,,G1310
2000-04-10,2000-04-10,,,,,,,G1310
2000-04-13,2000-04-13,,,,,,,G1310
2000-04-17,2000-04-17,,,,,,,G1310
2000-04-20,2000-04-20,,,,,,,G1310
2000-04-24,2000-04-24,,,,,,,G1310
2000-04-27,2000-04-27,,,,,,,G1310
2000-05-01,2000-05-01,,,,,,,G1310
2000-05-04,2000-05-04,,,,,,,G1310
2000-05-08,2000-05-08,,,,,,,G1310
2000-05-11,2000-05-11,,,,,,,G1310
2000-05-15,2000-05-15,,,,,,,G1310
2000-05-18,2000-05-18,,,,,,,G1310
2000-05-22,2000-05-22,,,,,,,G1310
2000-05-25,2000-05-25,,,,,,,G1310
2000-05-29,2000-05-29,,,,,,,G1310
2000-06-01,2000-06-01,,,,,,,G1310
2000-06-05,2000-06-05,,,,,,,G1310
2000-06-08,2000-06-08,,,,,,,G1310
2000-06-12,2000-06-12,,,,,,,G1310
2000-06-15,2000-06-15,,,,,,,G1310
2000-06-19,2000-06-19,,,,,,,G1310
2000-06-22,2000-06-22,,,,,,,G1310
2000-06-26,2000-06-26,,,,,,,G1310
2000-06-29,2000-06-29,,,,,,,G1310
2000-07-03,2000-07-03,,,,,,,G1310
2000-07-06,2000-07-06,,,,,,,G1310
2000-07-10,2000-07-10,,,,,,,G1310
2000-07-13,2000-07-13,,,,,,,G1310
2000-07-17,2000-07-17,,,,,,,G1310
2000-07-20,2000-07-20,,,,,,,G1310
2000-07-24,2000-07-24,,,,,,,G1310
2000-07-27,2000-07-27,,,,,,,G1310
2000-07-31,2000-07-31,,,,,,,G1310
2000-08-03,2000-08-03,,,,,,,G1310
2000-08-07,2000-08-07,,,,,,,G1310
2000-08-10,2000-08-10,,,,,,,G1310
2000-08-14,2000-08-14,,,,,,,G1310
2000-08-17,2000-08-17,,,,,,,G1310
2000-08-21,2000-08-21,,,,,,,G1310
2000-08-24,2000-08-24,,,,,,,G1310
2000-08-28,2000-08-28,,,,,,,G1310
2000-08-31,2000-08-31,,,,,,,G1310
2000-09-04,2000-09-04,,,,,,,G1310
2000-09-07,2000-09-07,,,,,,,G1310
2000-09-11,2000-09-11,,,,,,,G1310
2000-09-14,2000-09-14,,,,,,,G1310
2000-09-18,2000-09-18,,,,,,,G1310
2000-09-21,2000-09-21,,,,,,,G1310
2000-09-25,2000-09-25,,,,,,,G1310
2000-09-28,2000-09-28,,,,,,,G1310
2000-10-02,2000-10-02,,,,,,,G1310
2000-10-05,2000-10-05,,,,,,,G1310
2000-10-09,2000-10-09,,,,,,,G1310
2000-10-12,2000-10-12,,,,,,,G1310
2000-10-16,2000-10-16,,,,,,,G1310
2000-10-19,2000-10-19,,,,,,,G1310
2000-10-23,2000-10-23,,,,,,,G1310
2000-10-26,2000-10-26,,,,,,,G1310
2000-10-30,2000-10-30,,,,,,,G1310
2000-11-02,2000-11-02,,,,,,,G1310
2000-11-06,2000-11-06,,,,,,,G1310
2000-11-09,2000-11-09,,,,,,,G1310
2000-11-13,2000-11-13,,,,,,,G1310
2000-11-16,2000-11-16,,,,,,,G1310
2000-11-20,2000-11-20,,,,,,,G1310
2000-11-23,2000-11-23,,,,,,,G1310
2000-11-27,2000-11-27,,,,,,,G1310
2000-11-30,2000-11-30,,,,,,,G1310
2000-12-04,2000-12-04,,,,,,,G1310
2000-12-07,2000-12-07,,,,,,,G1310
2000-12-11,2000-12-11,,,,,,,G1310
2000-12-14,2000-12-14,,,,,,,G1310
2000-12-18,2000-12-18,,,,,,,G1310
2000-12-21,2000-12-21,,,,,,,G1310
2000-12-25,2000-12-25,,,,,,,G1310
2000-12-28,2000-12-28,,,,,,,G1310
2001-01-02,2001-01-02,,,,,,,G1310
2001-01-05,2001-01-05,,,,,,,G1310
2001-01-09,2001-01-09,,,,,,,G1310
2001-01-12,2001-01-12,,,,,,,G1310
2001-01-16,2001-01-16,,,,,,,G1310
2001-01-19,2001-01-19,,,,,,,G1310
2001-01-23,2001-01-23,,,,,,,G1310
2001-01-26,2001-01-26,,,,,,,G1310
2001-01-30,2001-01-30,,,,,,,G1310
2001-02-02,2001-02-02,,,,,,,G1310
2001-02-06,2001-02-06,,,,,,,G1310
2001-02-09,2001-02-09,,,,,,,G1310
2001-02-13,2001-02-13,,,,,,,G1310
2001-02-16,2001-02-16,,,,,,,G1310
2001-02-20,2001-02-20,,,,,,,G1310
2001-02-23,2001-02-23,,,,,,,G1310
2001-02-27,2001-02-27,,,,,,,G1310
2001-03-02,2001-03-02,,,,,,,G1310
2001-03-06,2001-03-06,,,,,,,G1310
2001-03-09,2001-03-09,,,,,,,G1310
2001-03-13,2001-03-13,,,,,,,G1310
2001-03-16,2001-03-16,,,,,,,G1310
2001-03-20,2001-03-20,,,,,,,G1310
2001-03-23,2001-03-23,,,,,,,G1310
2001-03-27,2001-03-27,,,,,,,G1310
2001-03-30,2001-03-30,,,,,,,G1310
2001-04-03,2001-04-03,,,,,,,G1310
2001-04-06,2001-04-06,,,,,,,G1310
2001-04-10,2001-04-10,,,,,,,G1310
2001-04-13,2001-04-13,,,,,,,G1310
2001-04-17,2001-04-17,,,,,,,G1310
2001-04-20,2001-04-20,,,,,,,G1310
2001-04-24,2001-04-24,,,,,,,G1310
2001-04-27,2001-04-27,,,,,,,G1310
2001-05-01,2001-05-01,,,,,,,G1310
2001-05-04,2001-05-04,,,,,,,G1310
2001-05-08,2001-05-08,,,,,,,G1310
2001-05-11,2001-05-11,,,,,,,G1310
2001-05-15,2001-05-15,,,,,,,G1310
2001-05-18,2001-05-18,,,,,,,G1310
2001-05-22,2001-05-22,,,,,,,G1310
2001-05-25,2001-05-25,,,,,,,G1310
2001-05-29,2001-05-29,,,,,,,G1310
2001-06-01,2001-06-01,,,,,,,G1310
2001-06-05,2001-06-05,,,,,,,G1310
2001-06-08,2001-06-08,,,,,,,G1310
2001-06-12,2001-06-12,,,,,,,G1310
2001-06-15,2001-06-15,,,,,,,G1310
2001-06-19,2001-06-19,,,,,,,G1310
2001-06-22,2001-06-22,,,,,,,G1310
2001-06-26,2001-06-26,,,,,,,G1310
2001-06-29,2001-06-29,,,,,,,G1310
2001-07-03,2001-07-03,,,,,,,G1310
2001-07-06,2001-07-06,,,,,,,G1310
2001-07-10,2001-07-10,,,,,,,G1310
2001-07-13,2001-07-13,,,,,,,G1310
2001-07-17,2001-07-17,,,,,,,G1310
2001-07-20,2001-07-20,,,,,,,G1310
2001-07-24,2001-07-24,,,,,,,G1310
2001-07-27,2001-07-27,,,,,,,G1310
2001-07-31,2001-07-31,,,,,,,G1310
2001-08-03,2001-08-03,,,,,,,G1310
2001-08-07,2001-08-07,,,,,,,G1310
2001-08-10,2001-08-10,,,,,,,G1310
2001-08-14,2001-08-14,,,,,,,G1310
2001-08-17,2001-08-17,,,,,,,G1310
2001-08-21,2001-08-21,,,,,,,G1310
2001-08-24,2001-08-24,,,,,,,G1310
2001-08-28,2001-08-28,,,,,,,G1310
2001-08-31,2001-08-31,,,,,,,G1310
2001-09-04,2001-09-04,,,,,,,G1310
2001-09-07,2001-09-07,,,,,,,G1310
2001-09-11,2001-09-11,,,,,,,G1310
2001-09-14,2001-09-14,,,,,,,G1310
2001-09-18,2001-09-18,,,,,,,G1310
2001-09-21,2001-09-21,,,,,,,G1310
2001-09-25,2001-09-25,,,,,,,G1310
2001-09-28,2001-09-28,,,,,,,G1310
2001-10-02,2001-10-02,,,,,,,G1310
2001-10-05,2001-10-05,,,,,,,G1310
2001-10-09,2001-10-09,,,,,,,G1310
2001-10-12,2001-10-12,,,,,,,G1310
2001-10-16,2001-10-16,,,,,,,G1310
2001-10-19,2001-10-19,,,,,,,G1310
2001-10-23,2001-10-23,,,,,,,G1310
2001-10-26,2001-10-26,,,,,,,G1310
2001-10-30,2001-10-30,,,,,,,G1310
2001-11-02,2001-11-02,,,,,,,G1310
2001-11-06,2001-11-06,,,,,,,G1310
2001-11-09,2001-11-09,,,,,,,G1310
2001-11-13,2001-11-13,,,,,,,G1310
2001-11-16,2001-11-16,,,,,,,G1310
2001-11-20,2001-11-20,,,,,,,G1310
2001-11-23,2001-11-23,,,,,,,G1310
2001-11-27,2001-11-27,,,,,,,G1310
2001-11-30,2001-11-30,,,,,,,G1310
2001-12-04,2001-12-04,,,,,,,G1310
2001-12-07,2001-12-07,,,,,,,G1310
2001-12-11,2001-12-11,,,,,,,G1310
2001-12-14,2001-12-14,,,,,,,G1310
2001-12-18,2001-12-18,,,,,,,G1310
2001-12-21,2001-12-21,,,,,,,G1310
2001-12-25,2001-12-25,,,,,,,G1310
2001-12-28,2001-12-28,,,,,,,G1310
2002-01-02,2002-01-02,,,,,,,G1310
2002-01-05,2002-01-05,,,,,,,G1310
2002-01-09,2002-01-09,,,,,,,G1310
2002-01-12,2002-01-12,,,,,,,G1310
2002-01-16,2002-01-16,,,,,,,G1310
2002-01-19,2002-01-19,,,,,,,G1310
2002-01-23,2002-01-23,,,,,,,G1310
2002-01-26,2002-01-26,,,,,,,G1310
2002-01-30,2002-01-30,,,,,,,G1310
2002-02-02,2002-02-02,,,,,,,G1310
2002-02-06,2002-02-06,,,,,,,G1310
2002-02-09,2002-02-09,,,,,,,G1310
2002-02-13,2002-02-13,,,,,,,G1310
2002-02-16,2002-02-16,,,,,,,G1310
2002-02-20,2002-02-20,,,,,,,G1310
2002-02-23,2002-02-23,,,,,,,G1310
2002-02-27,2002-02-27,,,,,,,G1310
2002-03-02,2002-03-02,,,,,,,G1310
2002-03-06,2002-03-06,,,,,,,G1310
2002-03-09,2002-03-09,,,,,,,G1310
2002-03-13,2002-03-13,,,,,,,G1310
2002-03-16,2002-03-16,,,,,,,G1310
2002-03-20,2002-03-20,,,,,,,G1310
2002-03-23,2002-03-23,,,,,,,G1310
2002-03-27,2002-03-27,,,,,,,G1310
2002-03-30,2002-03-30,,,,,,,G1310
2002-04-03,2002-04-03,,,,,,,G1310
2002-04-06,2002-04-06,,,,,,,G1310
2002-04-10,2002-04-10,,,,,,,G1310
2002-04-13,2002-04-13,,,,,,,G1310
2002-04-17,2002-04-17,,,,,,,G1310
2002-04-20,2002-04-20,,,,,,,G1310
2002-04-24,2002-04-24,,,,,,,G1310
2002-04-27,2002-04-27,,,,,,,G1310
2002-05-01,2002-05-01,,,,,,,G1310
2002-05-04,2002-05-04,,,,,,,G1310
2002-05-08,2002-05-08,,,,,,,G1310
2002-05-11,2002-05-11,,,,,,,G1310
2002-05-15,2002-05-15,,,,,,,G1310
2002-05-18,2002-05-18,,,,,,,G1310
2002-05-22,2002-05-22,,,,,,,G1310
2002-05-25,2002-05-25,,,,,,,G1310
2002-05-29,2002-05-29,,,,,,,G1310
2002-06-01,2002-06-01,,,,,,,G1310
2002-06-05,2002-06-05,,,,,,,G1310
2002-06-08,2002-06-08,,,,,,,G1310
2002-06-12,2002-06-12,,,,,,,G1310
2002-06-15,2002-06-15,,,,,,,G1310
2002-06-19,2002-06-19,,,,,,,G1310
2002-06-22,2002-06-22,,,,,,,G1310
2002-06-26,2002-06-26,,,,,,,G1310
2002-06-29,2002-06-29,,,,,,,G1310
2002-07-03,2002-07-03,,,,,,,G1310
2002-07-06,2002-07-06,,,,,,,G1310
2002-07-10,2002-07-10,,,,,,,G1310
2002-07-13,2002-07-13,,,,,,,G1310
2002-07-17,2002-07-17,,,,,,,G1310
2002-07-20,2002-07-20,,,,,,,G1310
2002-07-24,2002-07-24,,,,,,,G1310
2002-07-27,2002-07-27,,,,,,,G1310
2002-07-31,2002-07-31,,,,,,,G1310
2002-08-03,2002-08-03,,,,,,,G1310
2002-08-07,2002-08-07,,,,,,,G1310
2002-08-10,2002-08-10,,,,,,,G1310
2002-08-14,2002-08-14,,,,,,,G1310
2002-08-17,2002-08-17,,,,,,,G1310
2002-08-21,2002-08-21,,,,,,,G1310
2002-08-24,2002-08-24,,,,,,,G1310
2002-08-28,2002-08-28,,,,,,,G1310
2002-08-31,2002-08-31,,,,,,,G1310
2002-09-04,2002-09-04,,,,,,,G1310
2002-09-07,2002-09-07,,,,,,,G1310
2002-09-11,2002-09-11,,,,,,,G1310
2002-09-14,2002-09-14,,,,,,,G1310
2002-09-18,2002-09-18,,,,,,,G1310
2002-09-21,2002-09-21,,,,,,,G1310
2002-09-25,2002-09-25,,,,,,,G1310
2002-09-28,2002-09-28,,,,,,,G1310
2002-10-02,2002-10-02,,,,,,,G1310
2002-10-05,2002-10-05,,,,,,,G1310
2002-10-09,2002-10-09,,,,,,,G1310
2002-10-12,2002-10-12,,,,,,,G1310
2002-10-16,2002-10-16,,,,,,,G1310
2002-10-19,2002-10-19,,,,,,,G1310
2002-10-23,2002-10-23,,,,,,,G1310
2002-10-26,2002-10-26,,,,,,,G1310
2002-10-30,2002-10-30,,,,,,,G1310
2002-11-02,2002-11-02,,,,,,,G1310
2002-11-06,2002-11-06,,,,,,,G1310
2002-11-09,2002-11-09,,,,,,,G1310
2002-11-13,2002-11-13,,,,,,,G1310
2002-11-16,2002-11-16,,,,,,,G1310
2002-11-20,2002-11-20,,,,,,,G1310
2002-11-23,2002-11-23,,,,,,,G1310
2002-11-27,2002-11-27,,,,,,,G1310
2002-11-30,2002-11-30,,,,,,,G1310
2002-12-04,2002-12-04,,,,,,,G1310
2002-12-07,2002-12-07,,,,,,,G1310
2002-12-11,2002-12-11,,,,,,,G1310
2002-12-14,2002-12-14,,,,,,,G1310
2002-12-18,2002-12-18,,,,,,,G1310
2002-12-21,2002-12-21,,,,,,,G1310
2002-12-25,2002-12-25,,,,,,,G1310
2002-12-28,2002-12-28,,,,,,,G1310
2003-01-02,2003-01-02,,,,,,,G1310
2003-01-05,2003-01-05,,,,,,,G1310
2003-01-09,2003-01-09,,,,,,,G1310
2003-01-12,2003-01-12,,,,,,,G1310
2003-01-16,2003-01-16,,,,,,,G1310
2003-01-19,2003-01-19,,,,,,,G1310
2003-01-23,2003-01-23,,,,,,,G1310
2003-01-26,2003-01-26,,,,,,,G1310
2003-01-30,2003-01-30,,,,,,,G1310
2003-02-02,2003-02-02,,,,,,,G1310
2003-02-06,2003-02-06,,,,,,,G1310
2003-02-09,2003-02-09,,,,,,,G1310
2003-02-13,2003-02-13,,,,,,,G1310
2003-02-16,2003-02-16,,,,,,,G1310
2003-02-20,2003-02-20,,,,,,,G1310
2003-02-23,2003-02-23,,,,,,,G1310
2003-02-27,2003-02-27,,,,,,,G1310
2003-03-02,2003-03-02,,,,,,,G1310
2003-03-06,2003-03-06,,,,,,,G1310
2003-03-09,2003-03-09,,,,,,,G1310
2003-03-13,2003-03-13,,,,,,,G1310
2003-03-16,2003-03-16,,,,,,,G1310
2003-03-20,2003-03-20,,,,,,,G1310
2003-03-23,2003-03-23,,,,,,,G1310
2003-03-27,2003-03-27,,,,,,,G1310
2003-03-30,2003-03-30,,,,,,,G1310
2003-04-03,2003-04-03,,,,,,,G1310
2003-04-06,2003-04-06,,,,,,,G1310
2003-04-10,2003-04-10,,,,,,,G1310
2003-04-13,2003-04-13,,,,,,,G1310
2003-04-17,2003-04-17,,,,,,,G1310
2003-04-20,2003-04-20,,,,,,,G1310
2003-04-24,2003-04-24,,,,,,,G1310
2003-04-27,2003-04-27,,,,,,,G1310
2003-05-01,2003-05-01,,,,,,,G1310
2003-05-04,2003-05-04,,,,,,,G1310
2003-05-08,2003-05-08,,,,,,,G1310
2003-05-11,2003-05-11,,,,,,,G1310
2003-05-15,2003-05-15,,,,,,,G1310
2003-05-18,2003-05-18,,,,,,,G1310
2003-05-22,2003-05-22,,,,,,,G1310
2003-05-25,2003-05-25,,,,,,,G1310
2003-05-29,2003-05-29,,,,,,,G1310
2003-06-01,2003-06-01,,,,,,,G1310
2003-06-05,2003-06-05,,,,,,,G1310
2003-06-08,2003-06-08,,,,,,,G1310
2003-06-12,2003-06-12,,,,,,,G1310
2003-06-15,2003-06-15,,,,,,,G1310
2003-06-19,2003-06-19,,,,,,,G1310
2003-06-22,2003-06-22,,,,,,,G1310
2003-06-26,2003-06-26,,,,,,,G1310
2003-06-29,2003-06-29,,,,,,,G1310
2003-07-03,2003-07-03,,,,,,,G1310
2003-07-06,2003-07-06,,,,,,,G1310
2003-07-10,2003-07-10,,,,,,,G1310
2003-07-13,2003-07-13,,,,,,,G1310
2003-07-17,2003-07-17,,,,,,,G1310
2003-07-20,2003-07-20,,,,,,,G1310
2003-07-24,2003-07-24,,,,,,,G1310
2003-07-27,2003-07-27,,,,,,,G1310
2003-07-31,2003-07-31,,,,,,,G1310
2003-08-03,2003-08-03,,,,,,,G1310
2003-08-07,2003-08-07,,,,,,,G1310
2003-08-10,2003-08-10,,,,,,,G1310
2003-08-14,2003-08-14,,,,,,,G1310
2003-08-17,2003-08-17,,,,,,,G1310
2003-08-21,2003-08-21,,,,,,,G1310
2003-08-24,2003-08-24,,,,,,,G1310
2003-08-28,2003-08-28,,,,,,,G1310
2003-08-31,2003-08-31,,,,,,,G1310
2003-09-04,2003-09-04,,,,,,,G1310
2003-09-07,2003-09-07,,,,,,,G1310
2003-09-11,2003-09-11,,,,,,,G1310
2003-09-14,2003-09-14,,,,,,,G1310
2003-09-18,2003-09-18,,,,,,,G1310
2003-09-21,2003-09-21,,,,,,,G1310
2003-09-25,2003-09-25,,,,,,,G1310
2003-09-28,2003-09-28,,,,,,,G1310
2003-10-02,2003-10-02,,,,,,,G1310
2003-10-05,2003-10-05,,,,,,,G1310
2003-10-09,2003-10-09,,,,,,,G1310
2003-10-12,2003-10-12,,,,,,,G1310
2003-10-16,2003-10-16,,,,,,,G1310
2003-10-19,2003-10-19,,,,,,,G1310
2003-10-23,2003-10-23,,,,,,,G1310
2003-10-26,2003-10-26,,,,,,,G1310
2003-10-30,2003-10-30,,,,,,,G1310
2003-11-02,2003-11-02,,,,,,,G1310
2003-11-06,2003-11-06,,,,,,,G1310
2003-11-09,2003-11-09,,,,,,,G1310
2003-11-13,2003-11-13,,,,,,,G1310
2003-11-16,2003-11-16,,,,,,,G1310
2003-11-20,2003-11-20,,,,,,,G1310
2003-11-23,2003-11-23,,,,,,,G1310
2003-11-27,2003-11-27,,,,,,,G1310
2003-11-30,2003-11-30,,,,,,,G1310
2003-12-04,2003-12-04,,,,,,,G1310
2003-12-07,2003-12-07,,,,,,,G1310
2003-12-11,2003-12-11,,,,,,,G1310
2003-12-14,2003-12-14,,,,,,,G1310
2003-12-18,2003-12-18,,,,,,,G1310
2003-12-21,2003-12-21,,,,,,,G1310
2003-12-25,2003-12-25,,,,,,,G1310
2003-12-28,2003-12-28,,,,,,,G1310
2004-01-02,2004-01-02,,,,,,,G1310
2004-01-05,2004-01-05,,,,,,,G1310
2004-01-09,2004-01-09,,,,,,,G1310
2004-01-12,2004-01-12,,,,,,,G1310
2004-01-16,2004-01-16,,,,,,,G1310
2004-01-19,2004-01-19,,,,,,,G1310
2004-01-23,2004-01-23,,,,,,,G1310
2004-01-26,2004-01-26,,,,,,,G1310
2004-01-30,2004-01-30,,,,,,,G1310
2004-02-02,2004-02-02,,,,,,,G1310
2004-02-06,2004-02-06,,,,,,,G1310
2004-02-09,2004-02-09,,,,,,,G1310
2004-02-13,2004-02-13,,,,,,,G1310
2004-02-16,2004-02-16,,,,,,,G1310
2004-02-20,2004-02-20,,,,,,,G1310
2004-02-23,2004-02-23,,,,,,,G1310
2004-02-27,2004-02-27,,,,,,,G1310
2004-03-02,2004-03-02,,,,,,,G1310
2004-03-06,2004-03-06,,,,,,,G1310
2004-03-09,2004-03-09,,,,,,,G1310
2004-03-13,2004-03-13,,,,,,,G1310
2004-03-16,2004-03-16,,,,,,,G1310
2004-03-20,2004-03-20,,,,,,,G1310
2004-03-23,2004-03-23,,,,,,,G1310
2004-03-27,2004-03-27,,,,,,,G1310
2004-03-30,2004-03-30,,,,,,,G1310
2004-04-03,2004-04-03,,,,,,,G1310
2004-04-06,2004-04-06,,,,,,,G1310
2004-04-10,2004-04-10,,,,,,,G1310
2004-04-13,2004-04-13,,,,,,,G1310
2004-04-17,2004-04-17,,,,,,,G1310
2004-04-20,2004-04-20,,,,,,,G1310
2004-04-24,2004-04-24,,,,,,,G1310
2004-04-27,2004-04-27,,,,,,,G1310
2004-05-01,2004-05-01,,,,,,,G1310
2004-05-04,2004-05-04,,,,,,,G1310
2004-05-08,2004-05-08,,,,,,,G1310
2004-05-11,2004-05-11,,,,,,,G1310
2004-05-15,2004-05-15,,,,,,,G1310
2004-05-18,2004-05-18,,,,,,,G1310
2004-05-22,2004-05-22,,,,,,,G1310
2004-05-25,2004-05-25,,,,,,,G1310
2004-05-29,2004-05-29,,,,,,,G1310
2004-06-01,2004-06-01,,,,,,,G1310
2004-06-05,2004-06-05,,,,,,,G1310
2004-06-08,2004-06-08,,,,,,,G1310
2004-06-12,2004-06-12,,,,,,,G1310
2004-06-15,2004-06-15,,,,,,,G1310
2004-06-19,2004-06-19,,,,,,,G1310
2004-06-22,2004-06-22,,,,,,,G1310
2004-06-26,2004-06-26,,,,,,,G1310
2004-06-29,2004-06-29,,,,,,,G1310
2004-07-03,2004-07-03,,,,,,,G1310
2004-07-06,2004-07-06,,,,,,,G1310
2004-07-10,2004-07-10,,,,,,,G1310
2004-07-13,2004-07-13,,,,,,,G1310
2004-07-17,2004-07-17,,,,,,,G1310
2004-07-20,2004-07-20,,,,,,,G1310
2004-07-24,2004-07-24,,,,,,,G1310
2004-07-27,2004-07-27,,,,,,,G1310
2004-07-31,2004-07-31,,,,,,,G1310
2004-08-03,2004-08-03,,,,,,,G1310
2004-08-07,2004-08-07,,,,,,,G1310
2004-08-10,2004-08-10,,,,,,,G1310
2004-08-14,2004-08-14,,,,,,,G1310
2004-08-17,2004-08-17,,,,,,,G1310
2004-08-21,2004-08-21,,,,,,,G1310
2004-08-24,2004-08-24,,,,,,,G1310
2004-08-28,2004-08-28,,,,,,,G1310
2004-08-31,2004-08-31,,,,,,,G1310
2004-09-04,2004-09-04,,,,,,,G1310
2004-09-07,2004-09-07,,,,,,,G1310
2004-09-11,2004-09-11,,,,,,,G1310
2004-09-14,2004-09-14,,,,,,,G1310
2004-09-18,2004-09-18,,,,,,,G1310
2004-09-21,2004-09-21,,,,,,,G1310
2004-09-25,2004-09-25,,,,,,,G1310
2004-09-28,2004-09-28,,,,,,,G1310
2004-10-02,2004-10-02,,,,,,,G1310
2004-10-05,2004-10-05,,,,,,,G1310
2004-10-09,2004-10-09,,,,,,,G1310
2004-10-12,2004-10-12,,,,,,,G1310
2004-10-16,2004-10-16,,,,,,,G1310
2004-10-19,2004-10-19,,,,,,,G1310
2004-10-23,2004-10-23,,,,,,,G1310
2004-10-26,2004-10-26,,,,,,,G1310
2004-10-30,2004-10-30,,,,,,,G1310
2004-11-02,2004-11-02,,,,,,,G1310
2004-11-06,2004-11-06,,,,,,,G1310
2004-11-09,2004-11-09,,,,,,,G1310
2004-11-13,2004-11-13,,,,,,,G1310
2004-11-16,2004-11-16,,,,,,,G1310
2004-11-20,2004-11-20,,,,,,,G1310
2004-11-23,2004-11-23,,,,,,,G1310
2004-11-27,2004-11-27,,,,,,,G1310
2004-11-30,2004-11-30,,,,,,,G1310
2004-12-04,2004-12-04,,,,,,,G1310
2004-12-07,2004-12-07,,,,,,,G1310
2004-12-11,2004-12-11,,,,,,,G1310
2004-12-14,2004-12-14,,,,,,,G1310
2004-12-18,2004-12-18,,,,,,,G1310
2004-12-21,2004-12-21,,,,,,,G1310
2004-12-25,2004-12-25,,,,,,,G1310
2004-12-28,2004-12-28,,,,,,,G1310
2005-01-02,2005-01-02,,,,,,,G1310
2005-01-05,2005-01-05,,,,,,,G1310
2005-01-09,2005-01-09,,,,,,,G1310
2005-01-12,2005-01-12,,,,,,,G1310
2005-01-16,2005-01-16,,,,,,,G1310
2005-01-19,2005-01-19,,,,,,,G1310
2005-01-23,2005-01-23,,,,,,,G1310
2005-01-26,2005-01-26,,,,,,,G1310
2005-01-30,2005-01-30,,,,,,,G1310
2005-02-02,2005-02-02,,,,,,,G1310
2005-02-06,2005-02-06,,,,,,,G1310
2005-02-09,2005-02-09,,,,,,,G1310
2005-02-13,2005-02-13,,,,,,,G1310
2005-02-16,2005-02-16,,,,,,,G1310
2005-02-20,2005-02-20,,,,,,,G1310
2005-02-23,2005-02-23,,,,,,,G1310
2005-02-27,2005-02-27,,,,,,,G1310
2005-03-02,2005-03-02,,,,,,,G1310
2005-03-06,2005-03-06,,,,,,,G1310
2005-03-09,2005-03-09,,,,,,,G1310
2005-03-13,2005-03-13,,,,,,,G1310
2005-03-16,2005-03-16,,,,,,,G1310
2005-03-20,2005-03-20,,,,,,,G1310
2005-03-23,2005-03-23,,,,,,,G1310
2005-03-27,2005-03-27,,,,,,,G1310
2005-03-30,2005-03-30,,,,,,,G1310
2005-04-03,2005-04-03,,,,,,,G1310
2005-04-06,2005-04-06,,,,,,,G1310
2005-04-10,2005-04-10,,,,,,,G1310
2005-04-13,2005-04-13,,,,,,,G1310
2005-04-17,2005-04-17,,,,,,,G1310
2005-04-20,2005-04-20,,,,,,,G1310
2005-04-24,2005-04-24,,,,,,,G1310
2005-04-27,2005-04-27,,,,,,,G1310
2005-05-01,2005-05-01,,,,,,,G1310
2005-05-04,2005-05-04,,,,,,,G1310
2005-05-08,2005-05-08,,,,,,,G1310
2005-05-11,2005-05-11,,,,,,,G1310
2005-05-15,2005-05-15,,,,,,,G1310
2005-05-18,2005-05-18,,,,,,,G1310
2005-05-22,2005-05-22,,,,,,,G1310
2005-05-25,2005-05-25,,,,,,,G1310
2005-05-29,2005-05-29,,,,,,,G1310
2005-06-01,2005-06-01,,,,,,,G1310
2005-06-05,2005-06-05,,,,,,,G1310
2005-06-08,2005-06-08,,,,,,,G1310
2005-06-12,2005-06-12,,,,,,,G1310
2005-06-15,2005-06-15,,,,,,,G1310
2005-06-19,2005-06-19,,,,,,,G1310
2005-06-22,2005-06-22,,,,,,,G1310
2005-06-26,2005-06-26,,,,,,,G1310
2005-06-29,2005-06-29,,,,,,,G1310
2005-07-03,2005-07-03,,,,,,,G1310
2005-07-06,2005-07-06,,,,,,,G1310
2005-07-10,2005-07-10,,,,,,,G1310
2005-07-13,2005-07-13,,,,,,,G1310
2005-07-17,2005-07-17,,,,,,,G1310
2005-07-20,2005-07-20,,,,,,,G1310
2005-07-24,2005-07-24,,,,,,,G1310
2005-07-27,2005-07-27,,,,,,,G1310
2005-07-31,2005-07-31,,,,,,,G1310
2005-08-03,2005-08-03,,,,,,,G1310
2005-08-07,2005-08-07,,,,,,,G1310
2005-08-10,2005-08-10,,,,,,,G1310
2005-08-14,2005-08-14,,,,,,,G1310
2005-08-17,2005-08-17,,,,,,,G1310
2005-08-21,2005-08-21,,,,,,,G1310
2005-08-24,2005-08-24,,,,,,,G1310
2005-08-28,2005-08-28,,,,,,,G1310
2005-08-31,2005-08-31,,,,,,,G1310
2005-09-04,2005-09-04,,,,,,,G1310
2005-09-07,2005-09-07,,,,,,,G1310
2005-09-11,2005-09-11,,,,,,,G1310
2005-09-14,2005-09-14,,,,,,,G1310
2005-09-18,2005-09-18,,,,,,,G1310
2005-09-21,2005-09-21,,,,,,,G1310
2005-09-25,2005-09-25,,,,,,,G1310
2005-09-28,2005-09-28,,,,,,,G1310
2005-10-02,2005-10-02,,,,,,,G1310
2005-10-05,2005-10-05,,,,,,,G1310
2005-10-09,2005-10-09,,,,,,,G1310
2005-10-12,2005-10-12,,,,,,,G1310
2005-10-16,2005-10-16,,,,,,,G1310
2005-10-19,2005-10-19,,,,,,,G1310
2005-10-23,2005-10-23,,,,,,,G1310
2005-10-26,2005-10-26,,,,,,,G1310
2005-10-30,2005-10-30,,,,,,,G1310
2005-11-02,2005-11-02,,,,,,,G1310
2005-11-06,2005-11-06,,,,,,,G1310
2005-11-09,2005-11-09,,,,,,,G1310
2005-11-13,2005-11-13,,,,,,,G1310
2005-11-16,2005-11-16,,,,,,,G1310
2005-11-20,2005-11-20,,,,,,,G1310
2005-11-23,2005-11-23,,,,,,,G1310
2005-11-27,2005-11-27,,,,,,,G1310
2005-11-30,2005-11-30,,,,,,,G1310
2005-12-04,2005-12-04,,,,,,,G1310
2005-12-07,2005-12-07,,,,,,,G1310
2005-12-11,2005-12-11,,,,,,,G1310
2005-12-14,2005-12-14,,,,,,,G1310
2005-12-18,2005-12-18,,,,,,,G1310
2005-12-21,2005-12-21,,,,,,,G1310
2005-12-25,2005-12-25,,,,,,,G1310
2005-12-28,2005-12-28,,,,,,,G1310
2006-01-02,2006-01-02,,,,,,,G1310
2006-01-05,2006-01-05,,,,,,,G1310
2006-01-09,2006-01-09,,,,,,,G1310
2006-01-12,2006-01-12,,,,,,,G1310
2006-01-16,2006-01-16,,,,,,,G1310
2006-01-19,2006-01-19,,,,,,,G1310
2006-01-23,2006-01-23,,,,,,,G1310
2006-01-26,2006-01-26,,,,,,,G1310
2006-01-30,2006-01-30,,,,,,,G1310
2006-02-02,2006-02-02,,,,,,,G1310
2006-02-06,2006-02-06,,,,,,,G1310
2006-02-09,2006-02-09,,,,,,,G1310
2006-02-13,2006-02-13,,,,,,,G1310
2006-02-16,2006-02-16,,,,,,,G1310
2006-02-20,2006-02-20,,,,,,,G1310
2006-02-23,2006-02-23,,,,,,,G1310
2006-02-27,2006-02-27,,,,,,,G1310
2006-03-02,2006-03-02,,,,,,,G1310
2006-03-06,2006-03-06,,,,,,,G1310
2006-03-09,2006-03-09,,,,,,,G1310
2006-03-13,2006-03-13,,,,,,,G1310
2006-03-16,2006-03-16,,,,,,,G1310
2006-03-20,2006-03-20,,,,,,,G1310
2006-03-23,2006-03-23,,,,,,,G1310
2006-03-27,2006-03-27,,,,,,,G1310
2006-03-30,2006-03-30,,,,,,,G1310
2006-04-03,2006-04-03,,,,,,,G1310
2006-04-06,2006-04-06,,,,,,,G1310
2006-04-10,2006-04-10,,,,,,,G1310
2006-04-13,2006-04-13,,,,,,,G1310
2006-04-17,2006-04-17,,,,,,,G1310
2006-04-20,2006-04-20,,,,,,,G1310
2006-04-24,2006-04-24,,,,,,,G1310
2006-04-27,2006-04-27,,,,,,,G1310
2006-05-01,2006-05-01,,,,,,,G1310
2006-05-04,2006-05-04,,,,,,,G1310
2006-05-08,2006-05-08,,,,,,,G1310
2006-05-11,2006-05-11,,,,,,,G1310
2006-05-15,2006-05-15,,,,,,,G1310
2006-05-18,2006-05-18,,,,,,,G1310
2006-05-22,2006-05-22,,,,,,,G1310
2006-05-25,2006-05-25,,,,,,,G1310
2006-05-29,2006-05-29,,,,,,,G1310
2006-06-01,2006-06-01,,,,,,,G1310
2006-06-05,2006-06-05,,,,,,,G1310
2006-06-08,2006-06-08,,,,,,,G1310
2006-06-12,2006-06-12,,,,,,,G1310
2006-06-15,2006-06-15,,,,,,,G1310
2006-06-19,2006-06-19,,,,,,,G1310
2006-06-22,2006-06-22,,,,,,,G1310
2006-06-26,2006-06-26,,,,,,,G1310
2006-06-29,2006-06-29,,,,,,,G1310
2006-07-03,2006-07-03,,,,,,,G1310
2006-07-06,2006-07-06,,,,,,,G1310
2006-07-10,2006-07-10,,,,,,,G1310
2006-07-13,2006-07-13,,,,,,,G1310
2006-07-17,2006-07-17,,,,,,,G1310
2006-07-20,2006-07-20,,,,,,,G1310
2006-07-24,2006-07-24,,,,,,,G1310
2006-07-27,2006-07-27,,,,,,,G1310
2006-07-31,2006-07-31,,,,,,,G1310
2006-08-03,2006-08-03,,,,,,,G1310
2006-08-07,2006-08-07,,,,,,,G1310
2006-08-10,2006-08-10,,,,,,,G1310
2006-08-14,2006-08-14,,,,,,,G1310
2006-08-17,2006-08-17,,,,,,,G1310
2006-08-21,2006-08-21,,,,,,,G1310
2006-08-24,2006-08-24,,,,,,,G1310
2006-08-28,2006-08-28,,,,,,,G1310
2006-08-31,2006-08-31,,,,,,,G1310
2006-09-04,2006-09-04,,,,,,,G1310
2006-09-07,2006-09-07,,,,,,,G1310
2006-09-11,2006-09-11,,,,,,,G1310
2006-09-14,2006-09-14,,,,,,,G1310
2006-09-18,2006-09-18,,,,,,,G1310
2006-09-21,2006-09-21,,,,,,,G1310
2006-09-25,2006-09-25,,,,,,,G1310
2006-09-28,2006-09-28,,,,,,,G1310
2006-10-02,2006-10-02,,,,,,,G1310
2006-10-05,2006-10-05,,,,,,,G1310
2006-10-09,2006-10-09,,,,,,,G1310
2006-10-12,2006-10-12,,,,,,,G1310
2006-10-16,2006-10-16,,,,,,,G1310
2006-10-19,2006-10-19,,,,,,,G1310
2006-10-23,2006-10-23,,,,,,,G1310
2006-10-26,2006-10-26,,,,,,,G1310
2006-10-30,2006-10-30,,,,,,,G1310
2006-11-02,2006-11-02,,,,,,,G1310
2006-11-06,2006-11-06,,,,,,,G1310
2006-11-09,2006-11-09,,,,,,,G1310
2006-11-13,2006-11-13,,,,,,,G1310
2006-11-16,2006-11-16,,,,,,,G1310
2006-11-20,2006-11-20,,,,,,,G1310
2006-11-23,2006-11-23,,,,,,,G1310
2006-11-27,2006-11-27,,,,,,,G1310
2006-11-30,2006-11-30,,,,,,,G1310
2006-12-04,2006-12-04,,,,,,,G1310
2006-12-07,2006-12-07,,,,,,,G1310
2006-12-11,2006-12-11,,,,,,,G1310
2006-12-14,2006-12-14,,,,,,,G1310
2006-12-18,2006-12-18,,,,,,,G1310
2006-12-21,2006-12-21,,,,,,,G1310
2006-12-25,2006-12-25,,,,,,,G1310
2006-12-28,2006-12-28,,,,,,,G1310
2007-01-02,2007-01-02,,,,,,,G1310
2007-01-05,2007-01-05,,,,,,,G1310
2007-01-09,2007-01-09,,,,,,,G1310
2007-01-12,2007-01-12,,,,,,,G1310
2007-01-16,2007-01-16,,,,,,,G1310
2007-01-19,2007-01-19,,,,,,,G1310
2007-01-23,2007-01-23,,,,,,,G1310
2007-01-26,2007-01-26,,,,,,,G1310
2007-01-30,2007-01-30,,,,,,,G1310
2007-02-02,2007-02-02,,,,,,,G1310
2007-02-06,2007-02-06,,,,,,,G1310
2007-02-09,2007-02-09,,,,,,,G1310
2007-02-13,2007-02-13,,,,,,,G1310
2007-02-16,2007-02-16,,,,,,,G1310
2007-02-20,2007-02-20,,,,,,,G1310
2007-02-23,2007-02-23,,,,,,,G1310
2007-02-27,2007-02-27,,,,,,,G1310
2007-03-02,2007-03-02,,,,,,,G1310
2007-03-06,2007-03-06,,,,,,,G1310
2007-03-09,2007-03-09,,,,,,,G1310
2007-03-13,2007-03-13,,,,,,,G1310
2007-03-16,2007-03-16,,,,,,,G1310
2007-03-20,2007-03-20,,,,,,,G1310
2007-03-23,2007-03-23,,,,,,,G1310
2007-03-27,2007-03-27,,,,,,,G1310
2007-03-30,2007-03-30,,,,,,,G1310
2007-04-03,2007-04-03,,,,,,,G1310
2007-04-06,2007-04-06,,,,,,,G1310
2007-04-10,2007-04-10,,,,,,,G1310
2007-04-13,2007-04-13,,,,,,,G1310
2007-04-17,2007-04-17,,,,,,,G1310
2007-04-20,2007-04-20,,,,,,,G1310
2007-04-24,2007-04-24,,,,,,,G1310
2007-04-27,2007-04-27,,,,,,,G1310
2007-05-01,2007-05-01,,,,,,,G1310
2007-05-04,2007-05-04,,,,,,,G1310
2007-05-08,2007-05-08,,,,,,,G1310
2007-05-11,2007-05-11,,,,,,,G1310
2007-05-15,2007-05-15,,,,,,,G1310
2007-05-18,2007-05-18,,,,,,,G1310
2007-05-22,2007-05-22,,,,,,,G1310
2007-05-25,2007-05-25,,,,,,,G1310
2007-05-29,2007-05-29,,,,,,,G1310
2007-06-01,2007-06-01,,,,,,,G1310
2007-06-05,2007-06-05,,,,,,,G1310
2007-06-08,2007-06-08,,,,,,,G1310
2007-06-12,2007-06-12,,,,,,,G1310
2007-06-15,2007-06-15,,,,,,,G1310
2007-06-19,2007-06-19,,,,,,,G1310
2007-06-22,2007-06-22,,,,,,,G1310
2007-06-26,2007-06-26,,,,,,,G1310
2007-06-29,2007-06-29,,,,,,,G1310
2007-07-03,2007-07-03,,,,,,,G1310
2007-07-06,2007-07-06,,,,,,,G1310
2007-07-10,2007-07-10,,,,,,,G1310
2007-07-13,2007-07-13,,,,,,,G1310
2007-07-17,2007-07-17,,,,,,,G1310
2007-07-20,2007-07-20,,,,,,,G1310
2007-07-24,2007-07-24,,,,,,,G1310
2007-07-27,2007-07-27,,,,,,,G1310
2007-07-31,2007-07-31,,,,,,,G1310
2007-08-03,2007-08-03,,,,,,,G1310
2007-08-07,2007-08-07,,,,,,,G1310
2007-08-10,2007-08-10,,,,,,,G1310
2007-08-14,2007-08-14,,,,,,,G1310
2007-08-17,2007-08-17,,,,,,,G1310
2007-08-21,2007-08-21,,,,,,,G1310
2007-08-24,2007-08-24,,,,,,,G1310
2007-08-28,2007-08-28,,,,,,,G1310
2007-08-31,2007-08-31,,,,,,,G1310
2007-09-04,2007-09-04,,,,,,,G1310
2007-09-07,2007-09-07,,,,,,,G1310
2007-09-11,2007-09-11,,,,,,,G1310
2007-09-14,2007-09-14,,,,,,,G1310
2007-09-18,2007-09-18,,,,,,,G1310
2007-09-21,2007-09-21,,,,,,,G1310
2007-09-25,2007-09-25,,,,,,,G1310
2007-09-28,2007-09-28,,,,,,,G1310
2007-10-02,2007-10-02,,,,,,,G1310
2007-10-05,2007-10-05,,,,,,,G1310
2007-10-09,2007-10-09,,,,,,,G1310
2007-10-12,2007-10-12,,,,,,,G1310
2007-10-16,2007-10-16,,,,,,,G1310
2007-10-19,2007-10-19,,,,,,,G1310
2007-10-23,2007-10-23,,,,,,,G1310
2007-10-26,2007-10-26,,,,,,,G1310
2007-10-30,2007-10-30,,,,,,,G1310
2007-11-02,2007-11-02,,,,,,,G1310
2007-11-06,2007-11-06,,,,,,,G1310
2007-11-09,2007-11-09,,,,,,,G1310
2007-11-13,2007-11-13,,,,,,,G1310
2007-11-16,2007-11-16,,,,,,,G1310
2007-11-20,2007-11-20,,,,,,,G1310
2007-11-23,2007-11-23,,,,,,,G1310
2007-11-27,2007-11-27,,,,,,,G1310
2007-11-30,2007-11-30,,,,,,,G1310
2007-12-04,2007-12-04,,,,,,,G1310
2007-12-07,2007-12-07,,,,,,,G1310
2007-12-11,2007-12-11,,,,,,,G1310
2007-12-14,2007-12-14,,,,,,,G1310
2007-12-18,2007-12-18,,,,,,,G1310
2007-12-21,2007-12-21,,,,,,,G1310
2007-12-25,2007-12-25,,,,,,,G1310
2007-12-28,2007-12-28,,,,,,,G1310
2008-01-02,2008-01-02,,,,,,,G1310
2008-01-05,2008-01-05,,,,,,,G1310
2008-01-09,2008-01-09,,,,,,,G1310
2008-01-12,2008-01-12,,,,,,,G1310
2008-01-16,2008-01-16,,,,,,,G1310
2008-01-19,2008-01-19,,,,,,,G1310
2008-01-23,2008-01-23,,,,,,,G1310
2008-01-26,2008-01-26,,,,,,,G1310
2008-01-30,2008-01-30,,,,,,,G1310
2008-02-02,2008-02-02,,,,,,,G1310
2008-02-06,2008-02-06,,,,,,,G1310
2008-02-09,2008-02-09,,,,,,,G1310
2008-02-13,2008-02-13,,,,,,,G1310
2008-02-16,2008-02-16,,,,,,,G1310
2008-02-20,2008-02-20,,,,,,,G1310
2008-02-23,2008-02-23,,,,,,,G1310
2008-02-27,2008-02-27,,,,,,,G1310
2008-03-02,2008-03-02,,,,,,,G1310
2008-03-06,2008-03-06,,,,,,,G1310
2008-03-09,2008-03-09,,,,,,,G1310
2008-03-13,2008-03-13,,,,,,,G1310
2008-03-16,2008-03-16,,,,,,,G1310
2008-03-20,2008-03-20,,,,,,,G1310
2008-03-23,2008-03-23,,,,,,,G1310
2008-03-27,2008-03-27,,,,,,,G1310
2008-03-30,2008-03-30,,,,,,,G1310
2008-04-03,2008-04-03,,,,,,,G1310
2008-04-06,2008-04-06,,,,,,,G1310
2008-04-10,2008-04-10,,,,,,,G1310
2008-04-13,2008-04-13,,,,,,,G1310
2008-04-17,2008-04-17,,,,,,,G1310
2008-04-20,2008-04-20,,,,,,,G1310
2008-04-24,2008-04-24,,,,,,,G1310
2008-04-27,2008-04-27,,,,,,,G1310
2008-05-01,2008-05-01,,,,,,,G1310
2008-05-04,2008-05-04,,,,,,,G1310
2008-05-08,2008-05-08,,,,,,,G1310
2008-05-11,2008-05-11,,,,,,,G1310
2008-05-15,2008-05-15,,,,,,,G1310
2008-05-18,2008-05-18,,,,,,,G1310
2008-05-22,2008-05-22,,,,,,,G1310
2008-05-25,2008-05-25,,,,,,,G1310
2008-05-29,2008-05-29,,,,,,,G1310
2008-06-01,2008-06-01,,,,,,,G1310
2008-06-05,2008-06-05,,,,,,,G1310
2008-06-08,2008-06-08,,,,,,,G1310
2008-06-12,2008-06-12,,,,,,,G1310
2008-06-15,2008-06-15,,,,,,,G1310
2008-06-19,2008-06-19,,,,,,,G1310
2008-06-22,2008-06-22,,,,,,,G1310
2008-06-26,2008-06-26,,,,,,,G1310
2008-06-29,2008-06-29,,,,,,,G1310
2008-07-03,2008-07-03,,,,,,,G1310
2008-07-06,2008-07-06,,,,,,,G1310
2008-07-10,2008-07-10,,,,,,,G1310
2008-07-13,2008-07-13,,,,,,,G1310
2008-07-17,2008-07-17,,,,,,,G1310
2008-07-20,2008-07-20,,,,,,,G1310
2008-07-24,2008-07-24,,,,,,,G1310
2008-07-27,2008-07-27,,,,,,,G1310
2008-07-31,2008-07-31,,,,,,,G1310
2008-08-03,2008-08-03,,,,,,,G1310
2008-08-07,2008-08-07,,,,,,,G1310
2008-08-10,2008-08-10,,,,,,,G1310
2008-08-14,2008-08-14,,,,,,,G1310
2008-08-17,2008-08-17,,,,,,,G1310
2008-08-21,2008-08-21,,,,,,,G1310
2008-08-24,2008-08-24,,,,,,,G1310
2008-08-28,2008-08-28,,,,,,,G1310
2008-08-31,2008-08-31,,,,,,,G1310
2008-09-04,2008-09-04,,,,,,,G1310
2008-09-07,2008-09-07,,,,,,,G1310
2008-09-11,2008-09-11,,,,,,,G1310
2008-09-14,2008-09-14,,,,,,,G1310
2008-09-18,2008-09-18,,,,,,,G1310
2008-09-21,2008-09-21,,,,,,,G1310
2008-09-25,2008-09-25,,,,,,,G1310
2008-09-28,2008-09-28,,,,,,,G1310
2008-10-02,2008-10-02,,,,,,,G1310
2008-10-05,2008-10-05,,,,,,,G1310
2008-10-09,2008-10-09,,,,,,,G1310
2008-10-12,2008-10-12,,,,,,,G1310
2008-10-16,2008-10-16,,,,,,,G1310
2008-10-19,2008-10-19,,,,,,,G1310
2008-10-23,2008-10-23,,,,,,,G1310
2008-10-26,2008-10-26,,,,,,,G1310
2008-10-30,2008-10-30,,,,,,,G1310
2008-11-02,2008-11-02,,,,,,,G1310
2008-11-06,2008-11-06,,,,,,,G1310
2008-11-09,2008-11-09,,,,,,,G1310
2008-11-13,2008-11-13,,,,,,,G1310
2008-11-16,2008-11-16,,,,,,,G1310
2008-11-20,2008-11-20,,,,,,,G1310
2008-11-23,2008-11-23,,,,,,,G1310
2008-11-27,2008-11-27,,,,,,,G1310
2008-11-30,2008-11-30,,,,,,,G1310
2008-12-04,2008-12-04,,,,,,,G1310
2008-12-07,2008-12-07,,,,,,,G1310
2008-12-11,2008-12-11,,,,,,,G1310
2008-12-14,2008-12-14,,,,,,,G1310
2008-12-18,2008-12-18,,,,,,,G1310
2008-12-21,2008-12-21,,,,,,,G1310
2008-12-25,2008-12-25,,,,,,,G1310
2008-12-28,2008-12-28,,,,,,,G1310
2009-01-02,2009-01-02,,,,,,,G1310
2009-01-05,2009-01-05,,,,,,,G1310
2009-01-09,2009-01-09,,,,,,,G1310
2009-01-12,2009-01-12,,,,,,,G1310
2009-01-16,2009-01-16,,,,,,,G1310
2009-01-19,2009-01-19,,,,,,,G1310
2009-01-23,2009-01-23,,,,,,,G1310
2009-01-26,2009-01-26,,,,,,,G1310
2009-01-30,2009-01-30,,,,,,,G1310
2009-02-02,2009-02-02,,,,,,,G1310
2009-02-06,2009-02-06,,,,,,,G1310
2009-02-09,2009-02-09,,,,,,,G1310
2009-02-13,2009-02-13,,,,,,,G1310
2009-02-16,2009-02-16,,,,,,,G1310
2009-02-20,2009-02-20,,,,,,,G1310
2009-02-23,2009-02-23,,,,,,,G1310
2009-02-27,2009-02-27,,,,,,,G1310
2009-03-02,2009-03-02,,,,,,,G1310
2009-03-06,2009-03-06,,,,,,,G1310
2009-03-09,2009-03-09,,,,,,,G1310
2009-03-13,2009-03-13,,,,,,,G1310
2009-03-16,2009-03-16,,,,,,,G1310
2009-03-20,2009-03-20,,,,,,,G1310
2009-03-23,2009-03-23,,,,,,,G1310
2009-03-27,2009-03-27,,,,,,,G1310
2009-03-30,2009-03-30,,,,,,,G1310
2009-04-03,2009-04-03,,,,,,,G1310
2009-04-06,2009-04-06,,,,,,,G1310
2009-04-10,2009-04-10,,,,,,,G1310
2009-04-13,2009-04-13,,,,,,,G1310
2009-04-17,2009-04-17,,,,,,,G1310
2009-04-20,2009-04-20,,,,,,,G1310
2009-04-24,2009-04-24,,,,,,,G1310
2009-04-27,2009-04-27,,,,,,,G1310
2009-05-01,2009-05-01,,,,,,,G1310
2009-05-04,2009-05-04,,,,,,,G1310
2009-05-08,2009-05-08,,,,,,,G1310
2009-05-11,2009-05-11,,,,,,,G1310
2009-05-15,2009-05-15,,,,,,,G1310
2009-05-18,2009-05-18,,,,,,,G1310
2009-05-22,2009-05-22,,,,,,,G1310
2009-05-25,2009-05-25,,,,,,,G1310
2009-05-29,2009-05-29,,,,,,,G1310
2009-06-01,2009-06-01,,,,,,,G1310
2009-06-05,2009-06-05,,,,,,,G1310
2009-06-08,2009-06-08,,,,,,,G1310
2009-06-12,2009-06-12,,,,,,,G1310
2009-06-15,2009-06-15,,,,,,,G1310
2009-06-19,2009-06-19,,,,,,,G1310
2009-06-22,2009-06-22,,,,,,,G1310
2009-06-26,2009-06-26,,,,,,,G1310
2009-06-29,2009-06-29,,,,,,,G1310
2009-07-03,2009-07-03,,,,,,,G1310
2009-07-06,2009-07-06,,,,,,,G1310
2009-07-10,2009-07-10,,,,,,,G1310
2009-07-13,2009-07-13,,,,,,,G1310
2009-07-17,2009-07-17,,,,,,,G1310
2009-07-20,2009-07-20,,,,,,,G1310
2009-07-24,2009-07-24,,,,,,,G1310
2009-07-27,2009-07-27,,,,,,,G1310
2009-07-31,2009-07-31,,,,,,,G1310
2009-08-03,2009-08-03,,,,,,,G1310
2009-08-07,2009-08-07,,,,,,,G1310
2009-08-10,2009-08-10,,,,,,,G1310
2009-08-14,2009-08-14,,,,,,,G1310
2009-08-17,2009-08-17,,,,,,,G1310
2009-08-21,2009-08-21,,,,,,,G1310
2009-08-24,2009-08-24,,,,,,,G1310
2009-08-28,2009-08-28,,,,,,,G1310
2009-08-31,2009-08-31,,,,,,,G1310
2009-09-04,2009-09-04,,,,,,,G1310
2009-09-07,2009-09-07,,,,,,,G1310
2009-09-11,2009-09-11,,,,,,,G1310
2009-09-14,2009-09-14,,,,,,,G1310
2009-09-18,2009-09-18,,,,,,,G1310
2009-09-21,2009-09-21,,,,,,,G1310
2009-09-25,2009-09-25,,,,,,,G1310
2009-09-28,2009-09-28,,,,,,,G1310
2009-10-02,2009-10-02,,,,,,,G1310
2009-10-05,2009-10-05,,,,,,,G1310
2009-10-09,2009-10-09,,,,,,,G1310
2009-10-12,2009-10-12,,,,,,,G1310
2009-10-16,2009-10-16,,,,,,,G1310
2009-10-19,2009-10-19,,,,,,,G1310
2009-10-23,2009-10-23,,,,,,,G1310
2009-10-26,2009-10-26,,,,,,,G1310
2009-10-30,2009-10-30,,,,,,,G1310
2009-11-02,2009-11-02,,,,,,,G1310
2009-11-06,2009-11-06,,,,,,,G1310
2009-11-09,2009-11-09,,,,,,,G1310
2009-11-13,2009-11-13,,,,,,,G1310
2009-11-16,2009-11-16,,,,,,,G1310
2009-11-20,2009-11-20,,,,,,,G1310
2009-11-23,2009-11-23,,,,,,,G1310
2009-11-27,2009-11-27,,,,,,,G1310
2009-11-30,2009-11-30,,,,,,,G1310
2009-12-04,2009-12-04,,,,,,,G1310
2009-12-07,2009-12-07,,,,,,,G1310
2009-12-11,2009-12-11,,,,,,,G1310
2009-12-14,2009-12-14,,,,,,,G1310
2009-12-18,2009-12-18,,,,,,,G1310
2009-12-21,2009-12-21,,,,,,,G1310
2009-12-25,2009-12-25,,,,,,,G1310
2009-12-28,2009-12-28,,,,,,,G1310
2010-01-02,2010-01-02,,,,,,,G1310
2010-01-05,2010-01-05,,,,,,,G1310
2010-01-09,2010-01-09,,,,,,,G1310
2010-01-12,2010-01-12,,,,,,,G1310
2010-01-16,2010-01-16,,,,,,,G1310
2010-01-19,2010-01-19,,,,,,,G1310
2010-01-23,2010-01-23,,,,,,,G1310
2010-01-26,2010-01-26,,,,,,,G1310
2010-01-30,2010-01-30,,,,,,,G1310
2010-02-02,2010-02-02,,,,,,,G1310
2010-02-06,2010-02-06,,,,,,,G1310
2010-02-09,2010-02-09,,,,,,,G1310
2010-02-13,2010-02-13,,,,,,,G1310
2010-02-16,2010-02-16,,,,,,,G1310
2010-02-20,2010-02-20,,,,,,,G1310
2010-02-23,2010-02-23,,,,,,,G1310
2010-02-27,2010-02-27,,,,,,,G1310
2010-03-02,2010-03-02,,,,,,,G1310
2010-03-06,2010-03-06,,,,,,,G1310
2010-03-09,2010-03-09,,,,,,,G1310
2010-03-13,2010-03-13,,,,,,,G1310
2010-03-16,2010-03-16,,,,,,,G1310
2010-03-20,2010-03-20,,,,,,,G1310
2010-03-23,2010-03-23,,,,,,,G1310
2010-03-27,2010-03-27,,,,,,,G1310
2010-03-30,2010-03-30,,,,,,,G1310
2010-04-03,2010-04-03,,,,,,,G1310
2010-04-06,2010-04-06,,,,,,,G1310
2010-04-10,2010-04-10,,,,,,,G1310
2010-04-13,2010-04-13,,,,,,,G1310
2010-04-17,2010-04-17,,,,,,,G1310
2010-04-20,2010-04-20,,,,,,,G1310
2010-04-24,2010-04-24,,,,,,,G1310
2010-04-27,2010-04-27,,,,,,,G1310
2010-05-01,2010-05-01,,,,,,,G1310
2010-05-04,2010-05-04,,,,,,,G1310
2010-05-08,2010-05-08,,,,,,,G1310
2010-05-11,2010-05-11,,,,,,,G1310
2010-05-15,2010-05-15,,,,,,,G1310
2010-05-18,2010-05-18,,,,,,,G1310
2010-05-22,2010-05-22,,,,,,,G1310
2010-05-25,2010-05-25,,,,,,,G1310
2010-05-29,2010-05-29,,,,,,,G1310
2010-06-01,2010-06-01,,,,,,,G1310
2010-06-05,2010-06-05,,,,,,,G1310
2010-06-08,2010-06-08,,,,,,,G1310
2010-06-12,2010-06-12,,,,,,,G1310
2010-06-15,2010-06-15,,,,,,,G1310
2010-06-19,2010-06-19,,,,,,,G1310
2010-06-22,2010-06-22,,,,,,,G1310
2010-06-26,2010-06-26,,,,,,,G1310
2010-06-29,2010-06-29,,,,,,,G1310
2010-07-03,2010-07-03,,,,,,,G1310
2010-07-06,2010-07-06,,,,,,,G1310
2010-07-10,2010-07-10,,,,,,,G1310
2010-07-13,2010-07-13,,,,,,,G1310
2010-07-17,2010-07-17,,,,,,,G1310
2010-07-20,2010-07-20,,,,,,,G1310
2010-07-24,2010-07-24,,,,,,,G1310
2010-07-27,2010-07-27,,,,,,,G1310
2010-07-31,2010-07-31,,,,,,,G1310
2010-08-03,2010-08-03,,,,,,,G1310
2010-08-07,2010-08-07,,,,,,,G1310
2010-08-10,2010-08-10,,,,,,,G1310
2010-08-14,2010-08-14,,,,,,,G1310
2010-08-17,2010-08-17,,,,,,,G1310
2010-08-21,2010-08-21,,,,,,,G1310
2010-08-24,2010-08-24,,,,,,,G1310
2010-08-28,2010-08-28,,,,,,,G1310
2010-08-31,2010-08-31,,,,,,,G1310
2010-09-04,2010-09-04,,,,,,,G1310
2010-09-07,2010-09-07,,,,,,,G1310
2010-09-11,2010-09-11,,,,,,,G1310
2010-09-14,2010-09-14,,,,,,,G1310
2010-09-18,2010-09-18,,,,,,,G1310
2010-09-21,2010-09-21,,,,,,,G1310
2010-09-25,2010-09-25,,,,,,,G1310
2010-09-28,2010-09-28,,,,,,,G1310
2010-10-02,2010-10-02,,,,,,,G1310
2010-10-05,2010-10-05,,,,,,,G1310
2010-10-09,2010-10-09,,,,,,,G1310
2010-10-12,2010-10-12,,,,,,,G1310
2010-10-16,2010-10-16,,,,,,,G1310
2010-10-19,2010-10-19,,,,,,,G1310
2010-10-23,2010-10-23,,,,,,,G1310
2010-10-26,2010-10-26,,,,,,,G1310
2010-10-30,2010-10-30,,,,,,,G1310
2010-11-02,2010-11-02,,,,,,,G1310
2010-11-06,2010-11-06,,,,,,,G1310
2010-11-09,2010-11-09,,,,,,,G1310
2010-11-13,2010-11-13,,,,,,,G1310
2010-11-16,2010-11-16,,,,,,,G1310
2010-11-20,2010-11-20,,,,,,,G1310
2010-11-23,2010-11-23,,,,,,,G1310
2010-11-27,2010-11-27,,,,,,,G1310
2010-11-30,2010-11-30,,,,,,,G1310
2010-12-04,2010-12-04,,,,,,,G1310
2010-12-07,2010-12-07,,,,,,,G1310
2010-12-11,2010-12-11,,,,,,,G1310
2010-12-14,2010-12-14,,,,,,,G1310
2010-12-18,2010-12-18,,,,,,,G1310
2010-12-21,2010-12-21,,,,,,,G1310
2010-12-25,2010-12-25,,,,,,,G1310
2010-12-28,2010-12-28,,,,,,,G1310
2011-01-02,2011-01-02,,,,,,,G1310
2011-01-05,2011-01-05,,,,,,,G1310
2011-01-09,2011-01-09,,,,,,,G1310
2011-01-12,2011-01-12,,,,,,,G1310
2011-01-16,2011-01-16,,,,,,,G1310
2011-01-19,2011-01-19,,,,,,,G1310
2011-01-23,2011-01-23,,,,,,,G1310
2011-01-26,2011-01-26,,,,,,,G1310
2011-01-30,2011-01-30,,,,,,,G1310
2011-02-02,2011-02-02,,,,,,,G1310
2011-02-06,2011-02-06,,,,,,,G1310
2011-02-09,2011-02-09,,,,,,,G1310
2011-02-13,2011-02-13,,,,,,,G1310
2011-02-16,2011-02-16,,,,,,,G1310
2011-02-20,2011-02-20,,,,,,,G1310
2011-02-23,2011-02-23,,,,,,,G1310
2011-02-27,2011-02-27,,,,,,,G1310
2011-03-02,2011-03-02,,,,,,,G1310
2011-03-06,2011-03-06,,,,,,,G1310
2011-03-09,2011-03-09,,,,,,,G1310
2011-03-13,2011-03-13,,,,,,,G1310
2011-03-16,2011-03-16,,,,,,,G1310
2011-03-20,2011-03-20,,,,,,,G1310
2011-03-23,2011-03-23,,,,,,,G1310
2011-03-27,2011-03-27,,,,,,,G1310
2011-03-30,2011-03-30,,,,,,,G1310
2011-04-03,2011-04-03,,,,,,,G1310
2011-04-06,2011-04-06,,,,,,,G1310
2011-04-10,2011-04-10,,,,,,,G1310
2011-04-13,2011-04-13,,,,,,,G1310
2011-04-17,2011-04-17,,,,,,,G1310
2011-04-20,2011-04-20,,,,,,,G1310
2011-04-24,2011-04-24,,,,,,,G1310
2011-04-27,2011-04-27,,,,,,,G1310
2011-05-01,2011-05-01,,,,,,,G1310
2011-05-04,2011-05-04,,,,,,,G1310
2011-05-08,2011-05-08,,,,,,,G1310
2011-05-11,2011-05-11,,,,,,,G1310
2011-05-15,2011-05-15,,,,,,,G1310
2011-05-18,2011-05-18,,,,,,,G1310
2011-05-22,2011-05-22,,,,,,,G1310
2011-05-25,2011-05-25,,,,,,,G1310
2011-05-29,2011-05-29,,,,,,,G1310
2011-06-01,2011-06-01,,,,,,,G1310
2011-06-05,2011-06-05,,,,,,,G1310
2011-06-08,2011-06-08,,,,,,,G1310
2011-06-12,2011-06-12,,,,,,,G1310
2011-06-15,2011-06-15,,,,,,,G1310
2011-06-19,2011-06-19,,,,,,,G1310
2011-06-22,2011-06-22,,,,,,,G1310
2011-06-26,2011-06-26,,,,,,,G1310
2011-06-29,2011-06-29,,,,,,,G1310
2011-07-03,2011-07-03,,,,,,,G1310
2011-07-06,2011-07-06,,,,,,,G1310
2011-07-10,2011-07-10,,,,,,,G1310
2011-07-13,2011-07-13,,,,,,,G1310
2011-07-17,2011-07-17,,,,,,,G1310
2011-07-20,2011-07-20,,,,,,,G1310
2011-07-24,2011-07-24,,,,,,,G1310
2011-07-27,2011-07-27,,,,,,,G1310
2011-07-31,2011-07-31,,,,,,,G1310
2011-08-03,2011-08-03,,,,,,,G1310
2011-08-07,2011-08-07,,,,,,,G1310
2011-08-10,2011-08-10,,,,,,,G1310
2011-08-14,2011-08-14,,,,,,,G1310
2011-08-17,2011-08-17,,,,,,,G1310
2011-08-21,2011-08-21,,,,,,,G1310
2011-08-24,2011-08-24,,,,,,,G1310
2011-08-28,2011-08-28,,,,,,,G1310
2011-08-31,2011-08-31,,,,,,,G1310
2011-09-04,2011-09-04,,,,,,,G1310
2011-09-07,2011-09-07,,,,,,,G1310
2011-09-11,2011-09-11,,,,,,,G1310
2011-09-14,2011-09-14,,,,,,,G1310
2011-09-18,2011-09-18,,,,,,,G1310
2011-09-21,2011-09-21,,,,,,,G1310
2011-09-25,2011-09-25,,,,,,,G1310
2011-09-28,2011-09-28,,,,,,,G1310
2011-10-02,2011-10-02,,,,,,,G1310
2011-10-05,2011-10-05,,,,,,,G1310
2011-10-09,2011-10-09,,,,,,,G1310
2011-10-12,2011-10-12,,,,,,,G1310
2011-10-16,2011-10-16,,,,,,,G1310
2011-10-19,2011-10-19,,,,,,,G1310
2011-10-23,2011-10-23,,,,,,,G1310
2011-10-26,2011-10-26,,,,,,,G1310
2011-10-30,2011-10-30,,,,,,,G1310
2011-11-02,2011-11-02,,,,,,,G1310
2011-11-06,2011-11-06,,,,,,,G1310
2011-11-09,2011-11-09,,,,,,,G1310
2011-11-13,2011-11-13,,,,,,,G1310
2011-11-16,2011-11-16,,,,,,,G1310
2011-11-20,2011-11-20,,,,,,,G1310
2011-11-23,2011-11-23,,,,,,,G1310
2011-11-27,2011-11-27,,,,,,,G1310
2011-11-30,2011-11-30,,,,,,,G1310
2011-12-04,2011-12-04,,,,,,,G1310
2011-12-07,2011-12-07,,,,,,,G1310
2011-12-11,2011-12-11,,,,,,,G1310
2011-12-14,2011-12-14,,,,,,,G1310
2011-12-18,2011-12-18,,,,,,,G1310
2011-12-21,2011-12-21,,,,,,,G1310
2011-12-25,2011-12-25,,,,,,,G1310
2011-12-28,2011-12-28,,,,,,,G1310
2012-01-02,2012-01-02,,,,,,,G1310
2012-01-05,2012-01-05,,,,,,,G1310
2012-01-09,2012-01-09,,,,,,,G1310
2012-01-12,2012-01-12,,,,,,,G1310
2012-01-16,2012-01-16,,,,,,,G1310
2012-01-19,2012-01-19,,,,,,,G1310
2012-01-23,2012-01-23,,,,,,,G1310
2012-01-26,2012-01-26,,,,,,,G1310
2012-01-30,2012-01-30,,,,,,,G1310
2012-02-02,2012-02-02,,,,,,,G1310
2012-02-06,2012-02-06,,,,,,,G1310
2012-02-09,2012-02-09,,,,,,,G1310
2012-02-13,2012-02-13,,,,,,,G1310
2012-02-16,2012-02-16,,,,,,,G1310
2012-02-20,2012-02-20,,,,,,,G1310
2012-02-23,2012-02-23,,,,,,,G1310
2012-02-27,2012-02-27,,,,,,,G1310
2012-03-02,2012-03-02,,,,,,,G1310
2012-03-06,2012-03-06,,,,,,,G1310
2012-03-09,2012-03-09,,,,,,,G1310
2012-03-13,2012-03-13,,,,,,,G1310
2012-03-16,2012-03-16,,,,,,,G1310
2012-03-20,2012-03-20,,,,,,,G1310
2012-03-23,2012-03-23,,,,,,,G1310
2012-03-27,2012-03-27,,,,,,,G1310
2012-03-30,2012-03-30,,,,,,,G1310
2012-04-03,2012-04-03,,,,,,,G1310
2012-04-06,2012-04-06,,,,,,,G1310
2012-04-10,2012-04-10,,,,,,,G1310
2012-04-13,2012-04-13,,,,,,,G1310
2012-04-17,2012-04-17,,,,,,,G1310
2012-04-20,2012-04-20,,,,,,,G1310
2012-04-24,2012-04-24,,,,,,,G1310
2012-04-27,2012-04-27,,,,,,,G1310
2012-05-01,2012-05-01,,,,,,,G1310
2012-05-04,2012-05-04,,,,,,,G1310
2012-05-08,2012-05-08,,,,,,,G1310
2012-05-11,2012-05-11,,,,,,,G1310
2012-05-15,2012-05-15,,,,,,,G1310
2012-05-18,2012-05-18,,,,,,,G1310
2012-05-22,2012-05-22,,,,,,,G1310
2012-05-25,2012-05-25,,,,,,,G1310
2012-05-29,2012-05-29,,,,,,,G1310
2012-06-01,2012-06-01,,,,,,,G1310
2012-06-05,2012-06-05,,,,,,,G1310
2012-06-08,2012-06-08,,,,,,,G1310
2012-06-12,2012-06-12,,,,,,,G1310
2012-06-15,2012-06-15,,,,,,,G1310
2012-06-19,2012-06-19,,,,,,,G1310
2012-06-22,2012-06-22,,,,,,,G1310
2012-06-26,2012-06-26,,,,,,,G1310
2012-06-29,2012-06-29,,,,,,,G1310
2012-07-03,2012-07-03,,,,,,,G1310
2012-07-06,2012-07-06,,,,,,,G1310
2012-07-10,2012-07-10,,,,,,,G1310
2012-07-13,2012-07-13,,,,,,,G1310
2012-07-17,2012-07-17,,,,,,,G1310
2012-07-20,2012-07-20,,,,,,,G1310
2012-07-24,2012-07-24,,,,,,,G1310
2012-07-27,2012-07-27,,,,,,,G1310
2012-07-31,2012-07-31,,,,,,,G1310
2012-08-03,2012-08-03,,,,,,,G1310
2012-08-07,2012-08-07,,,,,,,G1310
2012-08-10,2012-08-10,,,,,,,G1310
2012-08-14,2012-08-14,,,,,,,G1310
2012-08-17,2012-08-17,,,,,,,G1310
2012-08-21,2012-08-21,,,,,,,G1310
2012-08-24,2012-08-24,,,,,,,G1310
2012-08-28,2012-08-28,,,,,,,G1310
2012-08-31,2012-08-31,,,,,,,G1310
2012-09-04,2012-09-04,,,,,,,G1310
2012-09-07,2012-09-07,,,,,,,G1310
2012-09-11,2012-09-11,,,,,,,G1310
2012-09-14,2012-09-14,,,,,,,G1310
2012-09-18,2012-09-18,,,,,,,G1310
2012-09-21,2012-09-21,,,,,,,G1310
2012-09-25,2012-09-25,,,,,,,G1310
2012-09-28,2012-09-28,,,,,,,G1310
2012-10-02,2012-10-02,,,,,,,G1310
2012-10-05,2012-10-05,,,,,,,G1310
2012-10-09,2012-10-09,,,,,,,G1310
2012-10-12,2012-10-12,,,,,,,G1310
2012-10-16,2012-10-16,,,,,,,G1310
2012-10-19,2012-10-19,,,,,,,G1310
2012-10-23,2012-10-23,,,,,,,G1310
2012-10-26,2012-10-26,,,,,,,G1310
2012-10-30,2012-10-30,,,,,,,G1310
2012-11-02,2012-11-02,,,,,,,G1310
2012-11-06,2012-11-06,,,,,,,G1310
2012-11-09,2012-11-09,,,,,,,G1310
2012-11-13,2012-11-13,,,,,,,G1310
2012-11-16,2012-11-16,,,,,,,G1310
2012-11-20,2012-11-20,,,,,,,G1310
2012-11-23,2012-11-23,,,,,,,G1310
2012-11-27,2012-11-27,,,,,,,G1310
2012-11-30,2012-11-30,,,,,,,G1310
2012-12-04,2012-12-04,,,,,,,G1310
2012-12-07,2012-12-07,,,,,,,G1310
2012-12-11,2012-12-11,,,,,,,G1310
2012-12-14,2012-12-14,,,,,,,G1310
2012-12-18,2012-12-18,,,,,,,G1310
2012-12-21,2012-12-21,,,,,,,G1310
2012-12-25,2012-12-25,,,,,,,G1310
2012-12-28,2012-12-28,,,,,,,G1310
2013-01-02,2013-01-02,,,,,,,G1310
2013-01-05,2013-01-05,,,,,,,G1310
2013-01-09,2013-01-09,,,,,,,G1310
2013-01-12,2013-01-12,,,,,,,G1310
2013-01-16,2013-01-16,,,,,,,G1310
2013-01-19,2013-01-19,,,,,,,G1310
2013-01-23,2013-01-23,,,,,,,G1310
2013-01-26,2013-01-26,,,,,,,G1310
2013-01-30,2013-01-30,,,,,,,G1310
2013-02-02,2013-02-02,,,,,,,G1310
2013-02-06,2013-02-06,,,,,,,G1310
2013-02-09,2013-02-09,,,,,,,G1310
2013-02-13,2013-02-13,,,,,,,G1310
2013-02-16,2013-02-16,,,,,,,G1310
2013-02-20,2013-02-20,,,,,,,G1310
2013-02-23,2013-02-23,,,,,,,G1310
2013-02-27,2013-02-27,,,,,,,G1310
2013-03-02,2013-03-02,,,,,,,G1310
2013-03-06,2013-03-06,,,,,,,G1310
2013-03-09,2013-03-09,,,,,,,G1310
2013-03-13,2013-03-13,,,,,,,G1310
2013-03-16,2013-03-16,,,,,,,G1310
2013-03-20,2013-03-20,,,,,,,G1310
2013-03-23,2013-03-23,,,,,,,G1310
2013-03-27,2013-03-27,,,,,,,G1310
2013-03-30,2013-03-30,,,,,,,G1310
2013-04-03,2013-04-03,,,,,,,G1310
2013-04-06,2013-04-06,,,,,,,G1310
2013-04-10,2013-04-10,,,,,,,G1310
2013-04-13,2013-04-13,,,,,,,G1310
2013-04-17,2013-04-17,,,,,,,G1310
2013-04-20,2013-04-20,,,,,,,G1310
2013-04-24,2013-04-24,,,,,,,G1310
2013-04-27,2013-04-27,,,,,,,G1310
2013-05-01,2013-05-01,,,,,,,G1310
2013-05-04,2013-05-04,,,,,,,G1310
2013-05-08,2013-05-08,,,,,,,G1310
2013-05-11,2013-05-11,,,,,,,G1310
2013-05-15,2013-05-15,,,,,,,G1310
2013-05-18,2013-05-18,,,,,,,G1310
2013-05-22,2013-05-22,,,,,,,G1310
2013-05-25,2013-05-25,,,,,,,G1310
2013-05-29,2013-05-29,,,,,,,G1310
2013-06-01,2013-06-01,,,,,,,G1310
2013-06-05,2013-06-05,,,,,,,G1310
2013-06-08,2013-06-08,,,,,,,G1310
2013-06-12,2013-06-12,,,,,,,G1310
2013-06-15,2013-06-15,,,,,,,G1310
2013-06-19,2013-06-19,,,,,,,G1310
2013-06-22,2013-06-22,,,,,,,G1310
2013-06-26,2013-06-26,,,,,,,G1310
2013-06-29,2013-06-29,,,,,,,G1310
2013-07-03,2013-07-03,,,,,,,G1310
2013-07-06,2013-07-06,,,,,,,G1310
2013-07-10,2013-07-10,,,,,,,G1310
2013-07-13,2013-07-13,,,,,,,G1310
2013-07-17,2013-07-17,,,,,,,G1310
2013-07-20,2013-07-20,,,,,,,G1310
2013-07-24,2013-07-24,,,,,,,G1310
2013-07-27,2013-07-27,,,,,,,G1310
2013-07-31,2013-07-31,,,,,,,G1310
2013-08-03,2013-08-03,,,,,,,G1310
2013-08-07,2013-08-07,,,,,,,G1310
2013-08-10,2013-08-10,,,,,,,G1310
2013-08-14,2013-08-14,,,,,,,G1310
2013-08-17,2013-08-17,,,,,,,G1310
2013-08-21,2013-08-21,,,,,,,G1310
2013-08-24,2013-08-24,,,,,,,G1310
2013-08-28,2013-08-28,,,,,,,G1310
2013-08-31,2013-08-31,,,,,,,G1310
2013-09-04,2013-09-04,,,,,,,G1310
2013-09-07,2013-09-07,,,,,,,G1310
2013-09-11,2013-09-11,,,,,,,G1310
2013-09-14,2013-09-14,,,,,,,G1310
2013-09-18,2013-09-18,,,,,,,G1310
2013-09-21,2013-09-21,,,,,,,G1310
2013-09-25,2013-09-25,,,,,,,G1310
2013-09-28,2013-09-28,,,,,,,G1310
2013-10-02,2013-10-02,,,,,,,G1310
2013-10-05,2013-10-05,,,,,,,G1310
2013-10-09,2013-10-09,,,,,,,G1310
2013-10-12,2013-10-12,,,,,,,G1310
2013-10-16,2013-10-16,,,,,,,G1310
2013-10-19,2013-10-19,,,,,,,G1310
2013-10-23,2013-10-23,,,,,,,G1310
2013-10-26,2013-10-26,,,,,,,G1310
2013-10-30,2013-10-30,,,,,,,G1310
2013-11-02,2013-11-02,,,,,,,G1310
2013-11-06,2013-11-06,,,,,,,G1310
2013-11-09,2013-11-09,,,,,,,G1310
2013-11-13,2013-11-13,,,,,,,G1310
2013-11-16,2013-11-16,,,,,,,G1310
2013-11-20,2013-11-20,,,,,,,G1310
2013-11-23,2013-11-23,,,,,,,G1310
2013-11-27,2013-11-27,,,,,,,G1310
2013-11-30,2013-11-30,,,,,,,G1310
2013-12-04,2013-12-04,,,,,,,G1310
2013-12-07,2013-12-07,,,,,,,G1310
2013-12-11,2013-12-11,,,,,,,G1310
2013-12-14,2013-12-14,,,,,,,G1310
2013-12-18,2013-12-18,,,,,,,G1310
2013-12-21,2013-12-21,,,,,,,G1310
2013-12-25,2013-12-25,,,,,,,G1310
2013-12-28,2013-12-28,,,,,,,G1310
2014-01-02,2014-01-02,,,,,,,G1310
2014-01-05,2014-01-05,,,,,,,G1310
2014-01-09,2014-01-09,,,,,,,G1310
2014-01-12,2014-01-12,,,,,,,G1310
2014-01-16,2014-01-16,,,,,,,G1310
2014-01-19,2014-01-19,,,,,,,G1310
2014-01-23,2014-01-23,,,,,,,G1310
2014-01-26,2014-01-26,,,,,,,G1310
2014-01-30,2014-01-30,,,,,,,G1310
2014-02-02,2014-02-02,,,,,,,G1310
2014-02-06,2014-02-06,,,,,,,G1310
2014-02-09,2014-02-09,,,,,,,G1310
2014-02-13,2014-02-13,,,,,,,G1310
2014-02-16,2014-02-16,,,,,,,G1310
2014-02-20,2014-02-20,,,,,,,G1310
2014-02-23,2014-02-23,,,,,,,G1310
2014-02-27,2014-02-27,,,,,,,G1310
2014-03-02,2014-03-02,,,,,,,G1310
2014-03-06,2014-03-06,,,,,,,G1310
2014-03-09,2014-03-09,,,,,,,G1310
2014-03-13,2014-03-13,,,,,,,G1310
2014-03-16,2014-03-16,,,,,,,G1310
2014-03-20,2014-03-20,,,,,,,G1310
2014-03-23,2014-03-23,,,,,,,G1310
2014-03-27,2014-03-27,,,,,,,G1310
2014-03-30,2014-03-30,,,,,,,G1310
2014-04-03,2014-04-03,,,,,,,G1310
2014-04-06,2014-04-06,,,,,,,G1310
2014-04-10,2014-04-10,,,,,,,G1310
2014-04-13,2014-04-13,,,,,,,G1310
2014-04-17,2014-04-17,,,,,,,G1310
2014-04-20,2014-04-20,,,,,,,G1310
2014-04-24,2014-04-24,,,,,,,G1310
2014-04-27,2014-04-27,,,,,,,G1310
2014-05-01,2014-05-01,,,,,,,G1310
2014-05-04,2014-05-04,,,,,,,G1310
2014-05-08,2014-05-08,,,,,,,G1310
2014-05-11,2014-05-11,,,,,,,G1310
2014-05-15,2014-05-15,,,,,,,G1310
2014-05-18,2014-05-18,,,,,,,G1310
2014-05-22,2014-05-22,,,,,,,G1310
2014-05-25,2014-05-25,,,,,,,G1310
2014-05-29,2014-05-29,,,,,,,G1310
2014-06-01,2014-06-01,,,,,,,G1310
2014-06-05,2014-06-05,,,,,,,G1310
2014-06-08,2014-06-08,,,,,,,G1310
2014-06-12,2014-06-12,,,,,,,G1310
2014-06-15,2014-06-15,,,,,,,G1310
2014-06-19,2014-06-19,,,,,,,G1310
2014-06-22,2014-06-22,,,,,,,G1310
2014-06-26,2014-06-26,,,,,,,G1310
2014-06-29,2014-06-29,,,,,,,G1310
2014-07-03,2014-07-03,,,,,,,G1310
2014-07-06,2014-07-06,,,,,,,G1310
2014-07-10,2014-07-10,,,,,,,G1310
2014-07-13,2014-07-13,,,,,,,G1310
2014-07-17,2014-07-17,,,,,,,G1310
2014-07-20,2014-07-20,,,,,,,G1310
2014-07-24,2014-07-24,,,,,,,G1310
2014-07-27,2014-07-27,,,,,,,G1310
2014-07-31,2014-07-31,,,,,,,G1310
2014-08-03,2014-08-03,,,,,,,G1310
2014-08-07,2014-08-07,,,,,,,G1310
2014-08-10,2014-08-10,,,,,,,G1310
2014-08-14,2014-08-14,,,,,,,G1310
2014-08-17,2014-08-17,,,,,,,G1310
2014-08-21,2014-08-21,,,,,,,G1310
2014-08-24,2014-08-24,,,,,,,G1310
2014-08-28,2014-08-28,,,,,,,G1310
2014-08-31,2014-08-31,,,,,,,G1310
2014-09-04,2014-09-04,,,,,,,G1310
2014-09-07,2014-09-07,,,,,,,G1310
2014-09-11,2014-09-11,,,,,,,G1310
2014-09-14,2014-09-14,,,,,,,G1310
2014-09-18,2014-09-18,,,,,,,G1310
2014-09-21,2014-09-21,,,,,,,G1310
2014-09-25,2014-09-25,,,,,,,G1310
2014-09-28,2014-09-28,,,,,,,G1310
2014-10-02,2014-10-02,,,,,,,G1310
2014-10-05,2014-10-05,,,,,,,G1310
2014-10-09,2014-10-09,,,,,,,G1310
2014-10-12,2014-10-12,,,,,,,G1310
2014-10-16,2014-10-16,,,,,,,G1310
2014-10-19,2014-10-19,,,,,,,G1310
2014-10-23,2014-10-23,,,,,,,G1310
2014-10-26,2014-10-26,,,,,,,G1310
2014-10-30,2014-10-30,,,,,,,G1310
2014-11-02,2014-11-02,,,,,,,G1310
2014-11-06,2014-11-06,,,,,,,G1310
2014-11-09,2014-11-09,,,,,,,G1310
2014-11-13,2014-11-13,,,,,,,G1310
2014-11-16,2014-11-16,,,,,,,G1310
2014-11-20,2014-11-20,,,,,,,G1310
2014-11-23,2014-11-23,,,,,,,G1310
2014-11-27,2014-11-27,,,,,,,G1310
2014-11-30,2014-11-30,,,,,,,G1310
2014-12-04,2014-12-04,,,,,,,G1310
2014-12-07,2014-12-07,,,,,,,G1310
2014-12-11,2014-12-11,,,,,,,G1310
2014-12-14,2014-12-14,,,,,,,G1310
2014-12-18,2014-12-18,,,,,,,G1310
2014-12-21,2014-12-21,,,,,,,G1310
2014-12-25,2014-12-25,,,,,,,G1310
2014-12-28,2014-12-28,,,,,,,G1310
2015-01-02,2015-01-02,,,,,,,G1310
2015-01-05,2015-01-05,,,,,,,G1310
2015-01-09,2015-01-09,,,,,,,G1310
2015-01-12,2015-01-12,,,,,,,G1310
2015-01-16,2015-01-16,,,,,,,G1310
2015-01-19,2015-01-19,,,,,,,G1310
2015-01-23,2015-01-23,,,,,,,G1310
2015-01-26,2015-01-26,,,,,,,G1310
2015-01-30,2015-01-30,,,,,,,G1310
2015-02-02,2015-02-02,,,,,,,G1310
2015-02-06,2015-02-06,,,,,,,G1310
2015-02-09,2015-02-09,,,,,,,G1310
2015-02-13,2015-02-13,,,,,,,G1310
2015-02-16,2015-02-16,,,,,,,G1310
2015-02-20,2015-02-20,,,,,,,G1310
2015-02-23,2015-02-23,,,,,,,G1310
2015-02-27,2015-02-27,,,,,,,G1310
2015-03-02,2015-03-02,,,,,,,G1310
2015-03-06,2015-03-06,,,,,,,G1310
2015-03-09,2015-03-09,,,,,,,G1310
2015-03-13,2015-03-13,,,,,,,G1310
2015-03-16,2015-03-16,,,,,,,G1310
2015-03-20,2015-03-20,,,,,,,G1310
2015-03-23,2015-03-23,,,,,,,G1310
2015-03-27,2015-03-27,,,,,,,G1310
2015-03-30,2015-03-30,,,,,,,G1310
2015-04-03,2015-04-03,,,,,,,G1310
2015-04-06,2015-04-06,,,,,,,G1310
2015-04-10,2015-04-10,,,,,,,G1310
2015-04-13,2015-04-13,,,,,,,G1310
2015-04-17,2015-04-17,,,,,,,G1310
2015-04-20,2015-04-20,,,,,,,G1310
2015-04-24,2015-04-24,,,,,,,G1310
2015-04-27,2015-04-27,,,,,,,G1310
2015-05-01,2015-05-01,,,,,,,G1310
2015-05-04,2015-05-04,,,,,,,G1310
2015-05-08,2015-05-08,,,,,,,G1310
2015-05-11,2015-05-11,,,,,,,G1310
2015-05-15,2015-05-15,,,,,,,G1310
2015-05-18,2015-05-18,,,,,,,G1310
2015-05-22,2015-05-22,,,,,,,G1310
2015-05-25,2015-05-25,,,,,,,G1310
2015-05-29,2015-05-29,,,,,,,G1310
2015-06-01,2015-06-01,,,,,,,G1310
2015-06-05,2015-06-05,,,,,,,G1310
2015-06-08,2015-06-08,,,,,,,G1310
2015-06-12,2015-06-12,,,,,,,G1310
2015-06-15,2015-06-15,,,,,,,G1310
2015-06-19,2015-06-19,,,,,,,G1310
2015-06-22,2015-06-22,,,,,,,G1310
2015-06-26,2015-06-26,,,,,,,G1310
2015-06-29,2015-06-29,,,,,,,G1310
2015-07-03,2015-07-03,,,,,,,G1310
2015-07-06,2015-07-06,,,,,,,G1310
2015-07-10,2015-07-10,,,,,,,G1310
2015-07-13,2015-07-13,,,,,,,G1310
2015-07-17,2015-07-17,,,,,,,G1310
2015-07-20,2015-07-20,,,,,,,G1310
2015-07-24,2015-07-24,,,,,,,G1310
2015-07-27,2015-07-27,,,,,,,G1310
2015-07-31,2015-07-31,,,,,,,G1310
2015-08-03,2015-08-03,,,,,,,G1310
2015-08-07,2015-08-07,,,,,,,G1310
2015-08-10,2015-08-10,,,,,,,G1310
2015-08-14,2015-08-14,,,,,,,G1310
2015-08-17,2015-08-17,,,,,,,G1310
2015-08-21,2015-08-21,,,,,,,G1310
2015-08-24,2015-08-24,,,,,,,G1310
2015-08-28,2015-08-28,,,,,,,G1310
2015-08-31,2015-08-31,,,,,,,G1310
2015-09-04,2015-09-04,,,,,,,G1310
2015-09-07,2015-09-07,,,,,,,G1310
2015-09-11,2015-09-11,,,,,,,G1310
2015-09-14,2015-09-14,,,,,,,G1310
2015-09-18,2015-09-18,,,,,,,G1310
2015-09-21,2015-09-21,,,,,,,G1310
2015-09-25,2015-09-25,,,,,,,G1310
2015-09-28,2015-09-28,,,,,,,G1310
2015-10-02,2015-10-02,,,,,,,G1310
2015-10-05,2015-10-05,,,,,,,G1310
2015-10-09,2015-10-09,,,,,,,G1310
2015-10-12,2015-10-12,,,,,,,G1310
2015-10-16,2015-10-16,,,,,,,G1310
2015-10-19,2015-10-19,,,,,,,G1310
2015-10-23,2015-10-23,,,,,,,G1310
2015-10-26,2015-10-26,,,,,,,G1310
2015-10-30,2015-10-30,,,,,,,G1310
2015-11-02,2015-11-02,,,,,,,G1310
2015-11-06,2015-11-06,,,,,,,G1310
2015-11-09,2015-11-09,,,,,,,G1310
2015-11-13,2015-11-13,,,,,,,G1310
2015-11-16,2015-11-16,,,,,,,G1310
2015-11-20,2015-11-20,,,,,,,G1310
2015-11-23,2015-11-23,,,,,,,G1310
2015-11-27,2015-11-27,,,,,,,G1310
2015-11-30,2015-11-30,,,,,,,G1310
2015-12-04,2015-12-04,,,,,,,G1310
2015-12-07,2015-12-07,,,,,,,G1310
2015-12-11,2015-12-11,,,,,,,G1310
2015-12-14,2015-12-14,,,,,,,G1310
2015-12-18,2015-12-18,,,,,,,G1310
2015-12-21,2015-12-21,,,,,,,G1310
2015-12-25,2015-12-25,,,,,,,G1310
2015-12-28,2015-12-28,,,,,,,G1310
2016-01-02,2016-01-02,,,,,,,G1310
2016-01-05,2016-01-05,,,,,,,G1310
2016-01-09,2016-01-09,,,,,,,G1310
2016-01-12,2016-01-12,,,,,,,G1310
2016-01-16,2016-01-16,,,,,,,G1310
2016-01-19,2016-01-19,,,,,,,G1310
2016-01-23,2016-01-23,,,,,,,G1310
2016-01-26,2016-01-26,,,,,,,G1310
2016-01-30,2016-01-30,,,,,,,G1310
2016-02-02,2016-02-02,,,,,,,G1310
2016-02-06,2016-02-06,,,,,,,G1310
2016-02-09,2016-02-09,,,,,,,G1310
2016-02-13,2016-02-13,,,,,,,G1310
2016-02-16,2016-02-16,,,,,,,G1310
2016-02-20,2016-02-20,,,,,,,G1310
2016-02-23,2016-02-23,,,,,,,G1310
2016-02-27,2016-02-27,,,,,,,G1310
2016-03-02,2016-03-02,,,,,,,G1310
2016-03-06,2016-03-06,,,,,,,G1310
2016-03-09,2016-03-09,,,,,,,G1310
2016-03-13,2016-03-13,,,,,,,G1310
2016-03-16,2016-03-16,,,,,,,G1310
2016-03-20,2016-03-20,,,,,,,G1310
2016-03-23,2016-03-23,,,,,,,G1310
2016-03-27,2016-03-27,,,,,,,G1310
2016-03-30,2016-03-30,,,,,,,G1310
2016-04-03,2016-04-03,,,,,,,G1310
2016-04-06,2016-04-06,,,,,,,G1310
2016-04-10,2016-04-10,,,,,,,G1310
2016-04-13,2016-04-13,,,,,,,G1310
2016-04-17,2016-04-17,,,,,,,G1310
2016-04-20,2016-04-20,,,,,,,G1310
2016-04-24,2016-04-24,,,,,,,G1310
2016-04-27,2016-04-27,,,,,,,G1310
2016-05-01,2016-05-01,,,,,,,G1310
2016-05-04,2016-05-04,,,,,,,G1310
2016-05-08,2016-05-08,,,,,,,G1310
2016-05-11,2016-05-11,,,,,,,G1310
2016-05-15,2016-05-15,,,,,,,G1310
2016-05-18,2016-05-18,,,,,,,G1310
2016-05-22,2016-05-22,,,,,,,G1310
2016-05-25,2016-05-25,,,,,,,G1310
2016-05-29,2016-05-29,,,,,,,G1310
2016-06-01,2016-06-01,,,,,,,G1310
2016-06-05,2016-06-05,,,,,,,G1310
2016-06-08,2016-06-08,,,,,,,G1310
2016-06-12,2016-06-12,,,,,,,G1310
2016-06-15,2016-06-15,,,,,,,G1310
2016-06-19,2016-06-19,,,,,,,G1310
2016-06-22,2016-06-22,,,,,,,G1310
2016-06-26,2016-06-26,,,,,,,G1310
2016-06-29,2016-06-29,,,,,,,G1310
2016-07-03,2016-07-03,,,,,,,G1310
2016-07-06,2016-07-06,,,,,,,G1310
2016-07-10,2016-07-10,,,,,,,G1310
2016-07-13,2016-07-13,,,,,,,G1310
2016-07-17,2016-07-17,,,,,,,G1310
2016-07-20,2016-07-20,,,,,,,G1310
2016-07-24,2016-07-24,,,,,,,G1310
2016-07-27,2016-07-27,,,,,,,G1310
2016-07-31,2016-07-31,,,,,,,G1310
2016-08-03,2016-08-03,,,,,,,G1310
2016-08-07,2016-08-07,,,,,,,G1310
2016-08-10,2016-08-10,,,,,,,G1310
2016-08-14,2016-08-14,,,,,,,G1310
2016-08-17,2016-08-17,,,,,,,G1310
2016-08-21,2016-08-21,,,,,,,G1310
2016-08-24,2016-08-24,,,,,,,G1310
2016-08-28,2016-08-28,,,,,,,G1310
2016-08-31,2016-08-31,,,,,,,G1310
2016-09-04,2016-09-04,,,,,,,G1310
2016-09-07,2016-09-07,,,,,,,G1310
2016-09-11,2016-09-11,,,,,,,G1310
2016-09-14,2016-09-14,,,,,,,G1310
2016-09-18,2016-09-18,,,,,,,G1310
2016-09-21,2016-09-21,,,,,,,G1310
2016-09-25,2016-09-25,,,,,,,G1310
2016-09-28,2016-09-28,,,,,,,G1310
2016-10-02,2016-10-02,,,,,,,G1310
2016-10-05,2016-10-05,,,,,,,G1310
2016-10-09,2016-10-09,,,,,,,G1310
2016-10-12,2016-10-12,,,,,,,G1310
2016-10-16,2016-10-16,,,,,,,G1310
2016-10-19,2016-10-19,,,,,,,G1310
2016-10-23,2016-10-23,,,,,,,G1310
2016-10-26,2016-10-26,,,,,,,G1310
2016-10-30,2016-10-30,,,,,,,G1310
2016-11-02,2016-11-02,,,,,,,G1310
2016-11-06,2016-11-06,,,,,,,G1310
2016-11-09,2016-11-09,,,,,,,G1310
2016-11-13,2016-11-13,,,,,,,G1310
2016-11-16,2016-11-16,,,,,,,G1310
2016-11-20,2016-11-20,,,,,,,G1310
2016-11-23,2016-11-23,,,,,,,G1310
2016-11-27,2016-11-27,,,,,,,G1310
2016-11-30,2016-11-30,,,,,,,G1310
2016-12-04,2016-12-04,,,,,,,G1310
2016-12-07,2016-12-07,,,,,,,G1310
2016-12-11,2016-12-11,,,,,,,G1310
2016-12-14,2016-12-14,,,,,,,G1310
2016-12-18,2016-12-18,,,,,,,G1310
2016-12-21,2016-12-21,,,,,,,G1310
2016-12-25,2016-12-25,,,,,,,G1310
2016-12-28,2016-12-28,,,,,,,G1310
2017-01-02,2017-01-02,,,,,,,G1310
2017-01-05,2017-01-05,,,,,,,G1310
2017-01-09,2017-01-09,,,,,,,G1310
2017-01-12,2017-01-12,,,,,,,G1310
2017-01-16,2017-01-16,,,,,,,G1310
2017-01-19,2017-01-19,,,,,,,G1310
2017-01-23,2017-01-23,,,,,,,G1310
2017-01-26,2017-01-26,,,,,,,G1310
2017-01-30,2017-01-30,,,,,,,G1310
2017-02-02,2017-02-02,,,,,,,G1310
2017-02-06,2017-02-06,,,,,,,G1310
2017-02-09,2017-02-09,,,,,,,G1310
2017-02-13,2017-02-13,,,,,,,G1310
2017-02-16,2017-02-16,,,,,,,G1310
2017-02-20,2017-02-20,,,,,,,G1310
2017-02-23,2017-02-23,,,,,,,G1310
2017-02-27,2017-02-27,,,,,,,G1310
2017-03-02,2017-03-02,,,,,,,G1310
2017-03-06,2017-03-06,,,,,,,G1310
2017-03-09,2017-03-09,,,,,,,G1310
2017-03-13,2017-03-13,,,,,,,G1310
2017-03-16,2017-03-16,,,,,,,G1310
2017-03-20,2017-03-20,,,,,,,G1310
2017-03-23,2017-03-23,,,,,,,G1310
2017-03-27,2017-03-27,,,,,,,G1310
2017-03-30,2017-03-30,,,,,,,G1310
2017-04-03,2017-04-03,,,,,,,G1310
2017-04-06,2017-04-06,,,,,,,G1310
2017-04-10,2017-04-10,,,,,,,G1310
2017-04-13,2017-04-13,,,,,,,G1310
2017-04-17,2017-04-17,,,,,,,G1310
2017-04-20,2017-04-20,,,,,,,G1310
2017-04-24,2017-04-24,,,,,,,G1310
2017-04-27,2017-04-27,,,,,,,G1310
2017-05-01,2017-05-01,,,,,,,G1310
2017-05-04,2017-05-04,,,,,,,G1310
2017-05-08,2017-05-08,,,,,,,G1310
2017-05-11,2017-05-11,,,,,,,G1310
2017-05-15,2017-05-15,,,,,,,G1310
2017-05-18,2017-05-18,,,,,,,G1310
2017-05-22,2017-05-22,,,,,,,G1310
2017-05-25,2017-05-25,,,,,,,G1310
2017-05-29,2017-05-29,,,,,,,G1310
2017-06-01,2017-06-01,,,,,,,G1310
2017-06-05,2017-06-05,,,,,,,G1310
2017-06-08,2017-06-08,,,,,,,G1310
2017-06-12,2017-06-12,,,,,,,G1310
2017-06-15,2017-06-15,,,,,,,G1310
2017-06-19,2017-06-19,,,,,,,G1310
2017-06-22,2017-06-22,,,,,,,G1310
2017-06-26,2017-06-26,,,,,,,G1310
2017-06-29,2017-06-29,,,,,,,G1310
2017-07-03,2017-07-03,,,,,,,G1310
2017-07-06,2017-07-06,,,,,,,G1310
2017-07-10,2017-07-10,,,,,,,G1310
2017-07-13,2017-07-13,,,,,,,G1310
2017-07-17,2017-07-17,,,,,,,G1310
2017-07-20,2017-07-20,,,,,,,G1310
2017-07-24,2017-07-24,,,,,,,G1310
2017-07-27,2017-07-27,,,,,,,G1310
2017-07-31,2017-07-31,,,,,,,G1310
2017-08-03,2017-08-03,,,,,,,G1310
2017-08-07,2017-08-07,,,,,,,G1310
2017-08-10,2017-08-10,,,,,,,G1310
2017-08-14,2017-08-14,,,,,,,G1310
2017-08-17,2017-08-17,,,,,,,G1310
2017-08-21,2017-08-21,,,,,,,G1310
2017-08-24,2017-08-24,,,,,,,G1310
2017-08-28,2017-08-28,,,,,,,G1310
2017-08-31,2017-08-31,,,,,,,G1310
2017-09-04,2017-09-04,,,,,,,G1310
2017-09-07,2017-09-07,,,,,,,G1310
2017-09-11,2017-09-11,,,,,,,G1310
2017-09-14,2017-09-14,,,,,,,G1310
2017-09-18,2017-09-18,,,,,,,G1310
2017-09-21,2017-09-21,,,,,,,G1310
2017-09-25,2017-09-25,,,,,,,G1310
2017-09-28,2017-09-28,,,,,,,G1310
2017-10-02,2017-10-02,,,,,,,G1310
2017-10-05,2017-10-05,,,,,,,G1310
2017-10-09,2017-10-09,,,,,,,G1310
2017-10-12,2017-10-12,,,,,,,G1310
2017-10-16,2017-10-16,,,,,,,G1310
2017-10-19,2017-10-19,,,,,,,G1310
2017-10-23,2017-10-23,,,,,,,G1310
2017-10-26,2017-10-26,,,,,,,G1310
2017-10-30,2017-10-30,,,,,,,G1310
2017-11-02,2017-11-02,,,,,,,G1310
2017-11-06,2017-11-06,,,,,,,G1310
2017-11-09,2017-11-09,,,,,,,G1310
2017-11-13,2017-11-13,,,,,,,G1310
2017-11-16,2017-11-16,,,,,,,G1310
2017-11-20,2017-11-20,,,,,,,G1310
2017-11-23,2017-11-23,,,,,,,G1310
2017-11-27,2017-11-27,,,,,,,G1310
2017-11-30,2017-11-30,,,,,,,G1310
2017-12-04,2017-12-04,,,,,,,G1310
2017-12-07,2017-12-07,,,,,,,G1310
2017-12-11,2017-12-11,,,,,,,G1310
2017-12-14,2017-12-14,,,,,,,G1310
2017-12-18,2017-12-18,,,,,,,G1310
2017-12-21,2017-12-21,,,,,,,G1310
2017-12-25,2017-12-25,,,,,,,G1310
2017-12-28,2017-12-28,,,,,,,G1310
2018-01-01,2018-01-01,,,,,,,G1310
2018-01-04,2018-01-04,,,,,,,G1310
2018-01-08,2018-01-08,,,,,,,G1310
2018-01-11,2018-01-11,,,,,,,G1310
2018-01-15,2018-01-15,,,,,,,G1310
2018-01-18,2018-01-18,,,,,,,G1310
2018-01-22,2018-01-22,,,,,,,G1310
2018-01-25,2018-01-25,,,,,,,G1310
2018-01-29,2018-01-29,,,,,,,G1310
2018-02-01,2018-02-01,,,,,,,G1310
2018-02-05,2018-02-05,,,,,,,G1310
2018-02-08,2018-02-08,,,,,,,G1310
2018-02-12,2018-02-12,,,,,,,G1310
2018-02-15,2018-02-15,,,,,,,G1310
2018-02-19,2018-02-19,,,,,,,G1310
2018-02-22,2018-02-22,,,,,,,G1310
2018-02-26,2018-02-26,,,,,,,G1310
2018-03-01,2018-03-01,,,,,,,G1310
2018-03-05,2018-03-05,,,,,,,G1310
2018-03-08,2018-03-08,,,,,,,G1310
2018-03-12,2018-03-12,,,,,,,G1310
2018-03-15,2018-03-15,,,,,,,G1310
2018-03-19,2018-03-19,,,,,,,G1310
2018-03-22,2018-03-22,,,,,,,G1310
2018-03-26,2018-03-26,,,,,,,G1310
2018-03-29,2018-03-29,,,,,,,G1310
2018-04-02,2018-04-02,,,,,,,G1310
2018-04-05,2018-04-05,,,,,,,G1310
2018-04-09,2018-04-09,,,,,,,G1310
2018-04-12,2018-04-12,,,,,,,G1310
2018-04-16,2018-04-16,,,,,,,G1310
2018-04-19,2018-04-19,,,,,,,G1310
2018-04-23,2018-04-23,,,,,,,G1310
2018-04-26,2018-04-26,,,,,,,G1310
2018-04-30,2018-04-30,,,,,,,G1310
2018-05-03,2018-05-03,,,,,,,G1310
2018-05-07,2018-05-07,,,,,,,G1310
2018-05-10,2018-05-10,,,,,,,G1310
2018-05-14,2018-05-14,,,,,,,G1310
2018-05-17,2018-05-17,,,,,,,G1310
2018-05-21,2018-05-21,,,,,,,G1310
2018-05-24,2018-05-24,,,,,,,G1310
2018-05-28,2018-05-28,,,,,,,G1310
2018-05-31,2018-05-31,,,,,,,G1310
2018-06-04,2018-06-04,,,,,,,G1310
2018-06-07,2018-06-07,,,,,,,G1310
2018-06-11,2018-06-11,,,,,,,G1310
2018-06-14,2018-06-14,,,,,,,G1310
2018-06-18,2018-06-18,,,,,,,G1310
2018-06-21,2018-06-21,,,,,,,G1310
2018-06-25,2018-06-25,,,,,,,G1310
2018-06-28,2018-06-28,,,,,,,G1310
2018-07-01,2018-07-01,,,,,,,G1310
2018-07-02,2018-07-02,,,,,,,G1310
2018-07-03,2018-07-03,,,,,,,G1310
2018-07-04,2018-07-04,,,,,,,G1310
2018-07-05,2018-07-05,,,,,,,G1310
2018-07-06,2018-07-06,,,,,,,G1310
2018-07-07,2018-07-07,,,,,,,G1310
2018-07-08,2018-07-08,,,,,,,G1310
2018-07-09,2018-07-09,,,,,,,G1310
2018-07-10,2018-07-10,,,,,,,G1310
2018-07-11,2018-07-11,,,,,,,G1310
2018-07-12,2018-07-12,,,,,,,G1310
2018-07-13,2018-07-13,,,,,,,G1310
2018-07-14,2018-07-14,,,,,,,G1310
2018-07-15,2018-07-15,,,,,,,G1310
2018-07-16,2018-07-16,,,,,,,G1310
2018-07-17,2018-07-17,,,,,,,G1310
2018-07-18,2018-07-18,,,,,,,G1310
2018-07-19,2018-07-19,,,,,,,G1310
2018-07-20,2018-07-20,,,,,,,G1310
2018-07-21,2018-07-21,,,,,,,G1310
2018-07-22,2018-07-22,,,,,,,G1310
2018-07-23,2018-07-23,,,,,,,G1310
2018-07-24,2018-07-24,,,,,,,G1310
2018-07-25,2018-07-25,,,,,,,G1310
2018-07-26,2018-07-26,,,,,,,G1310
2018-07-27,2018-07-27,,,,,,,G1310
2018-07-28,2018-07-28,,,,,,,G1310
2018-07-29,2018-07-29,,,,,,,G1310
2018-07-30,2018-07-30,,,,,,,G1310
2018-07-31,2018-07-31,,,,,,,G1310
2018-08-01,2018-08-01,,,,,,,G1310
2018-08-02,2018-08-02,,,,,,,G1310
2018-08-03,2018-08-03,,,,,,,G1310
2018-08-04,2018-08-04,,,,,,,G1310
2018-08-05,2018-08-05,,,,,,,G1310
2018-08-06,2018-08-06,,,,,,,G1310
2018-08-07,2018-08-07,,,,,,,G1310
2018-08-08,2018-08-08,,,,,,,G1310
2018-08-09,2018-08-09,,,,,,,G1310
2018-08-10,2018-08-10,,,,,,,G1310
2018-08-11,2018-08-11,,,,,,,G1310
2018-08-12,2018-08-12,,,,,,,G1310
2018-08-13,2018-08-13,,,,,,,G1310
2018-08-14,2018-08-14,,,,,,,G1310
2018-08-15,2018-08-15,,,,,,,G1310
2018-08-16,2018-08-16,,,,,,,G1310
2018-08-17,2018-08-17,,,,,,,G1310
2018-08-18,2018-08-18,,,,,,,G1310
2018-08-19,2018-08-19,,,,,,,G1310
2018-08-20,2018-08-20,,,,,,,G1310
2018-08-21,2018-08-21,,,,,,,G1310
2018-08-22,2018-08-22,,,,,,,G1310
2018-08-23,2018-08-23,,,,,,,G1310
2018-08-24,2018-08-24,,,,,,,G1310
2018-08-25,2018-08-25,,,,,,,G1310
2018-08-26,2018-08-26,,,,,,,G1310
2018-08-27,2018-08-27,,,,,,,G1310
2018-08-28,2018-08-28,,,,,,,G1310
2018-08-29,2018-08-29,,,,,,,G1310
2018-08-30,2018-08-30,,,,,,,G1310
2018-08-31,2018-08-31,,,,,,,G1310
2018-09-01,2018-09-01,,,,,,,G1310
2018-09-02,2018-09-02,,,,,,,G1310
2018-09-03,2018-09-03,,,,,,,G1310
2018-09-04,2018-09-04,,,,,,,G1310
2018-09-05,2018-09-05,,,,,,,G1310
2018-09-06,2018-09-06,,,,,,,G1310
2018-09-07,2018-09-07,,,,,,,G1310
2018-09-08,2018-09-08,,,,,,,G1310
2018-09-09,2018-09-09,,,,,,,G1310
2018-09-10,2018-09-10,,,,,,,G1310
2018-09-11,2018-09-11,,,,,,,G1310
2018-09-12,2018-09-12,,,,,,,G1310
2018-09-13,2018-09-13,,,,,,,G1310
2018-09-14,2018-09-14,,,,,,,G1310
2018-09-15,2018-09-15,,,,,,,G1310
2018-09-16,2018-09-16,,,,,,,G1310
2018-09-17,2018-09-17,,,,,,,G1310
2018-09-18,2018-09-18,,,,,,,G1310
2018-09-19,2018-09-19,,,,,,,G1310
2018-09-20,2018-09-20,,,,,,,G1310
2018-09-21,2018-09-21,,,,,,,G1310
2018-09-22,2018-09-22,,,,,,,G1310
2018-09-23,2018-09-23,,,,,,,G1310
2018-09-24,2018-09-24,,,,,,,G1310
2018-09-25,2018-09-25,,,,,,,G1310
2018-09-26,2018-09-26,,,,,,,G1310
2018-09-27,2018-09-27,,,,,,,G1310
2018-09-28,2018-09-28,,,,,,,G1310
2018-09-29,2018-09-29,,,,,,,G1310
2018-09-30,2018-09-30,,,,,,,G1310
2018-10-01,2018-10-01,,,,,,,G1310
2018-10-02,2018-10-02,,,,,,,G1310
2018-10-03,2018-10-03,,,,,,,G1310
2018-10-04,2018-10-04,,,,,,,G1310
2018-10-05,2018-10-05,,,,,,,G1310
2018-10-06,2018-10-06,,,,,,,G1310
2018-10-07,2018-10-07,,,,,,,G1310
2018-10-08,2018-10-08,,,,,,,G1310
2018-10-09,2018-10-09,,,,,,,G1310
2018-10-10,2018-10-10,,,,,,,G1310
2018-10-11,2018-10-11,,,,,,,G1310
2018-10-12,2018-10-12,,,,,,,G1310
2018-10-13,2018-10-13,,,,,,,G1310
2018-10-14,2018-10-14,,,,,,,G1310
2018-10-15,2018-10-15,,,,,,,G1310
2018-10-16,2018-10-16,,,,,,,G1310
2018-10-17,2018-10-17,,,,,,,G1310
2018-10-18,2018-10-18,,,,,,,G1310
2018-10-19,2018-10-19,,,,,,,G1310
2018-10-20,2018-10-20,,,,,,,G1310
2018-10-21,2018-10-21,,,,,,,G1310
2018-10-22,2018-10-22,,,,,,,G1310
2018-10-23,2018-10-23,,,,,,,G1310
2018-10-24,2018-10-24,,,,,,,G1310
2018-10-25,2018-10-25,,,,,,,G1310
2018-10-26,2018-10-26,,,,,,,G1310
2018-10-27,2018-10-27,,,,,,,G1310
2018-10-28,2018-10-28,,,,,,,G1310
2018-10-29,2018-10-29,,,,,,,G1310
2018-10-30,2018-10-30,,,,,,,G1310
2018-10-31,2018-10-31,,,,,,,G1310
2018-11-01,2018-11-01,,,,,,,G1310
2018-11-02,2018-11-02,,,,,,,G1310
2018-11-03,2018-11-03,,,,,,,G1310
2018-11-04,2018-11-04,,,,,,,G1310
2018-11-05,2018-11-05,,,,,,,G1310
2018-11-06,2018-11-06,,,,,,,G1310
2018-11-07,2018-11-07,,,,,,,G1310
2018-11-08,2018-11-08,,,,,,,G1310
2018-11-09,2018-11-09,,,,,,,G1310
2018-11-10,2018-11-10,,,,,,,G1310
2018-11-11,2018-11-11,,,,,,,G1310
2018-11-12,2018-11-12,,,,,,,G1310
2018-11-13,2018-11-13,,,,,,,G1310
2018-11-14,2018-11-14,,,,,,,G1310
2018-11-15,2018-11-15,,,,,,,G1310
2018-11-16,2018-11-16,,,,,,,G1310
2018-11-17,2018-11-17,,,,,,,G1310
2018-11-18,2018-11-18,,,,,,,G1310
2018-11-19,2018-11-19,,,,,,,G1310
2018-11-20,2018-11-20,,,,,,,G1310
2018-11-21,2018-11-21,,,,,,,G1310
2018-11-22,2018-11-22,,,,,,,G1310
2018-11-23,2018-11-23,,,,,,,G1310
2018-11-24,2018-11-24,,,,,,,G1310
2018-11-25,2018-11-25,,,,,,,G1310
2018-11-26,2018-11-26,,,,,,,G1310
2018-11-27,2018-11-27,,,,,,,G1310
2018-11-28,2018-11-28,,,,,,,G1310
2018-11-29,2018-11-29,,,,,,,G1310
2018-11-30,2018-11-30,,,,,,,G1310
2018-12-01,2018-12-01,,,,,,,G1310
2018-12-02,2018-12-02,,,,,,,G1310
2018-12-03,2018-12-03,,,,,,,G1310
2018-12-04,2018-12-04,,,,,,,G1310
2018-12-05,2018-12-05,,,,,,,G1310
2018-12-06,2018-12-06,,,,,,,G1310
2018-12-07,2018-12-07,,,,,,,G1310
2018-12-08,2018-12-08,,,,,,,G1310
2018-12-09,2018-12-09,,,,,,,G1310
2018-12-10,2018-12-10,,,,,,,G1310
2018-12-11,2018-12-11,,,,,,,G1310
2018-12-12,2018-12-12,,,,,,,G1310
2018-12-13,2018-12-13,,,,,,,G1310
2018-12-14,2018-12-14,,,,,,,G1310
2018-12-15,2018-12-15,,,,,,,G1310
2018-12-16,2018-12-16,,,,,,,G1310
2018-12-17,2018-12-17,,,,,,,G1310
2018-12-18,2018-12-18,,,,,,,G1310
2018-12-19,2018-12-19,,,,,,,G1310
2018-12-20,2018-12-20,,,,,,,G1310
2018-12-21,2018-12-21,,,,,,,G1310
2018-12-22,2018-12-22,,,,,,,G1310
2018-12-23,2018-12-23,,,,,,,G1310
2018-12-24,2018-12-24,,,,,,,G1310
2018-12-25,2018-12-25,,,,,,,G1310
2018-12-26,2018-12-26,,,,,,,G1310
2018-12-27,2018-12-27,,,,,,,G1310
2018-12-28,2018-12-28,,,,,,,G1310
2018-12-29,2018-12-29,,,,,,,G1310
2018-12-30,2018-12-30,,,,,,,G1310
2018-12-31,2018-12-31,,,,,,,G1310
2019-01-01,2019-01-01,,,,,,,G1310
2019-01-02,2019-01-02,,,,,,,G1310
2019-01-03,2019-01-03,,,,,,,G1310
2019-01-04,2019-01-04,,,,,,,G1310
2019-01-05,2019-01-05,,,,,,,G1310
2019-01-06,2019-01-06,,,,,,,G1310
2019-01-07,2019-01-07,,,,,,,G1310
2019-01-08,2019-01-08,,,,,,,G1310
2019-01-09,2019-01-09,,,,,,,G1310
2019-01-10,2019-01-10,,,,,,,G1310
2019-01-11,2019-01-11,,,,,,,G1310
2019-01-12,2019-01-12,,,,,,,G1310
2019-01-13,2019-01-13,,,,,,,G1310
2019-01-14,2019-01-14,,,,,,,G1310
2019-01-15,2019-01-15,,,,,,,G1310
2019-01-16,2019-01-16,,,,,,,G1310
2019-01-17,2019-01-17,,,,,,,G1310
2019-01-18,2019-01-18,,,,,,,G1310
2019-01-19,2019-01-19,,,,,,,G1310
2019-01-20,2019-01-20,,,,,,,G1310
2019-01-21,2019-01-21,,,,,,,G1310
2019-01-22,2019-01-22,,,,,,,G1310
2019-01-23,2019-01-23,,,,,,,G1310
2019-01-24,2019-01-24,,,,,,,G1310
2019-01-25,2019-01-25,,,,,,,G1310
2019-01-26,2019-01-26,,,,,,,G1310
2019-01-27,2019-01-27,,,,,,,G1310
2019-01-28,2019-01-28,,,,,,,G1310
2019-01-29,2019-01-29,,,,,,,G1310
2019-01-30,2019-01-30,,,,,,,G1310
2019-01-31,2019-01-31,,,,,,,G1310
2019-02-01,2019-02-01,,,,,,,G1310
2019-02-02,2019-02-02,,,,,,,G1310
2019-02-03,2019-02-03,,,,,,,G1310
2019-02-04,2019-02-04,,,,,,,G1310
2019-02-05,2019-02-05,,,,,,,G1310
2019-02-06,2019-02-06,,,,,,,G1310
2019-02-07,2019-02-07,,,,,,,G1310
2019-02-08,2019-02-08,,,,,,,G1310
2019-02-09,2019-02-09,,,,,,,G1310
2019-02-10,2019-02-10,,,,,,,G1310
2019-02-11,2019-02-11,,,,,,,G1310
2019-02-12,2019-02-12,,,,,,,G1310
2019-02-13,2019-02-13,,,,,,,G1310
2019-02-14,2019-02-14,,,,,,,G1310
2019-02-15,2019-02-15,,,,,,,G1310
2019-02-16,2019-02-16,,,,,,,G1310
2019-02-17,2019-02-17,,,,,,,G1310
2019-02-18,2019-02-18,,,,,,,G1310
2019-02-19,2019-02-19,,,,,,,G1310
2019-02-20,2019-02-20,,,,,,,G1310
2019-02-21,2019-02-21,,,,,,,G1310
2019-02-22,2019-02-22,,,,,,,G1310
2019-02-23,2019-02-23,,,,,,,G1310
2019-02-24,2019-02-24,,,,,,,G1310
2019-02-25,2019-02-25,,,,,,,G1310
2019-02-26,2019-02-26,,,,,,,G1310
2019-02-27,2019-02-27,,,,,,,G1310
2019-02-28,2019-02-28,,,,,,,G1310
2019-03-01,2019-03-01,,,,,,,G1310
2019-03-02,2019-03-02,,,,,,,G1310
2019-03-03,2019-03-03,,,,,,,G1310
2019-03-04,2019-03-04,,,,,,,G1310
2019-03-05,2019-03-05,,,,,,,G1310
2019-03-06,2019-03-06,,,,,,,G1310
2019-03-07,2019-03-07,,,,,,,G1310
2019-03-08,2019-03-08,,,,,,,G1310
2019-03-09,2019-03-09,,,,,,,G1310
2019-03-10,2019-03-10,,,,,,,G1310
2019-03-11,2019-03-11,,,,,,,G1310
2019-03-12,2019-03-12,,,,,,,G1310
2019-03-13,2019-03-13,,,,,,,G1310
2019-03-14,2019-03-14,,,,,,,G1310
2019-03-15,2019-03-15,,,,,,,G1310
2019-03-16,2019-03-16,,,,,,,G1310
2019-03-17,2019-03-17,,,,,,,G1310
2019-03-18,2019-03-18,,,,,,,G1310
2019-03-19,2019-03-19,,,,,,,G1310
2019-03-20,2019-03-20,,,,,,,G1310
2019-03-21,2019-03-21,,,,,,,G1310
2019-03-22,2019-03-22,,,,,,,G1310
2019-03-23,2019-03-23,,,,,,,G1310
2019-03-24,2019-03-24,,,,,,,G1310
2019-03-25,2019-03-25,,,,,,,G1310
2019-03-26,2019-03-26,,,,,,,G1310
2019-03-27,2019-03-27,,,,,,,G1310
2019-03-28,2019-03-28,,,,,,,G1310
2019-03-29,2019-03-29,,,,,,,G1310
2019-03-30,2019-03-30,,,,,,,G1310
2019-03-31,2019-03-31,,,,,,,G1310
2019-04-01,2019-04-01,,,,,,,G1310
2019-04-02,2019-04-02,,,,,,,G1310
2019-04-03,2019-04-03,,,,,,,G1310
2019-04-04,2019-04-04,,,,,,,G1310
2019-04-05,2019-04-05,,,,,,,G1310
2019-04-06,2019-04-06,,,,,,,G1310
2019-04-07,2019-04-07,,,,,,,G1310
2019-04-08,2019-04-08,,,,,,,G1310
2019-04-09,2019-04-09,,,,,,,G1310
2019-04-10,2019-04-10,,,,,,,G1310
2019-04-11,2019-04-11,,,,,,,G1310
2019-04-12,2019-04-12,,,,,,,G1310
2019-04-13,2019-04-13,,,,,,,G1310
2019-04-14,2019-04-14,,,,,,,G1310
2019-04-15,2019-04-15,,,,,,,G1310
2019-04-16,2019-04-16,,,,,,,G1310
2019-04-17,2019-04-17,,,,,,,G1310
2019-04-18,2019-04-18,,,,,,,G1310
2019-04-19,2019-04-19,,,,,,,G1310
2019-04-20,2019-04-20,,,,,,,G1310
2019-04-21,2019-04-21,,,,,,,G1310
2019-04-22,2019-04-22,,,,,,,G1310
2019-04-23,2019-04-23,,,,,,,G1310
2019-04-24,2019-04-24,,,,,,,G1310
2019-04-25,2019-04-25,,,,,,,G1310
2019-04-26,2019-04-26,,,,,,,G1310
2019-04-27,2019-04-27,,,,,,,G1310
2019-04-28,2019-04-28,,,,,,,G1310
2019-04-29,2019-04-29,,,,,,,G1310
2019-04-30,2019-04-30,,,,,,,G1310
2019-05-01,2019-05-01,,,,,,,G1310
2019-05-02,2019-05-02,,,,,,,G1310
2019-05-03,2019-05-03,,,,,,,G1310
2019-05-04,2019-05-04,,,,,,,G1310
2019-05-05,2019-05-05,,,,,,,G1310
2019-05-06,2019-05-06,,,,,,,G1310
2019-05-07,2019-05-07,,,,,,,G1310
2019-05-08,2019-05-08,,,,,,,G1310
2019-05-09,2019-05-09,,,,,,,G1310
2019-05-10,2019-05-10,,,,,,,G1310
2019-05-11,2019-05-11,,,,,,,G1310
2019-05-12,2019-05-12,,,,,,,G1310
2019-05-13,2019-05-13,,,,,,,G1310
2019-05-14,2019-05-14,,,,,,,G1310
2019-05-15,2019-05-15,,,,,,,G1310
2019-05-16,2019-05-16,,,,,,,G1310
2019-05-17,2019-05-17,,,,,,,G1310
2019-05-18,2019-05-18,,,,,,,G1310
2019-05-19,2019-05-19,,,,,,,G1310
2019-05-20,2019-05-20,,,,,,,G1310
2019-05-21,2019-05-21,,,,,,,G1310
2019-05-22,2019-05-22,,,,,,,G1310
2019-05-23,2019-05-23,,,,,,,G1310
2019-05-24,2019-05-24,,,,,,,G1310
2019-05-25,2019-05-25,,,,,,,G1310
2019-05-26,2019-05-26,,,,,,,G1310
2019-05-27,2019-05-27,,,,,,,G1310
2019-05-28,2019-05-28,,,,,,,G1310
2019-05-29,2019-05-29,,,,,,,G1310
2019-05-30,2019-05-30,,,,,,,G1310
2019-05-31,2019-05-31,,,,,,,G1310
2019-06-01,2019-06-01,,,,,,,G1310
2019-06-02,2019-06-02,,,,,,,G1310
2019-06-03,2019-06-03,,,,,,,G1310
2019-06-04,2019-06-04,,,,,,,G1310
2019-06-05,2019-06-05,,,,,,,G1310
2019-06-06,2019-06-06,,,,,,,G1310
2019-06-07,2019-06-07,,,,,,,G1310
2019-06-08,2019-06-08,,,,,,,G1310
2019-06-09,2019-06-09,,,,,,,G1310
2019-06-10,2019-06-10,,,,,,,G1310
2019-06-11,2019-06-11,,,,,,,G1310
2019-06-12,2019-06-12,,,,,,,G1310
2019-06-13,2019-06-13,,,,,,,G1310
2019-06-14,2019-06-14,,,,,,,G1310
2019-06-15,2019-06-15,,,,,,,G1310
2019-06-16,2019-06-16,,,,,,,G1310
2019-06-17,2019-06-17,,,,,,,G1310
2019-06-18,2019-06-18,,,,,,,G1310
2019-06-19,2019-06-19,,,,,,,G1310
2019-06-20,2019-06-20,,,,,,,G1310
2019-06-21,2019-06-21,,,,,,,G1310
2019-06-22,2019-06-22,,,,,,,G1310
2019-06-23,2019-06-23,,,,,,,G1310
2019-06-24,2019-06-24,,,,,,,G1310
2019-06-25,2019-06-25,,,,,,,G1310
2019-06-26,2019-06-26,,,,,,,G1310
2019-06-27,2019-06-27,,,,,,,G1310
2019-06-28,2019-06-28,,,,,,,G1310
2019-06-29,2019-06-29,,,,,,,G1310
2019-06-30,2019-06-30,,,,,,,G1310
2019-07-01,2019-07-01,,,,,,,G1310
2019-07-02,2019-07-02,,,,,,,G1310
2019-07-03,2019-07-03,,,,,,,G1310
2019-07-04,2019-07-04,,,,,,,G1310
2019-07-05,2019-07-05,,,,,,,G1310
2019-07-06,2019-07-06,,,,,,,G1310
2019-07-07,2019-07-07,,,,,,,G1310
2019-07-08,2019-07-08,,,,,,,G1310
2019-07-09,2019-07-09,,,,,,,G1310
2019-07-10,2019-07-10,,,,,,,G1310
2019-07-11,2019-07-11,,,,,,,G1310
2019-07-12,2019-07-12,,,,,,,G1310
2019-07-13,2019-07-13,,,,,,,G1310
2019-07-14,2019-07-14,,,,,,,G1310
2019-07-15,2019-07-15,,,,,,,G1310
2019-07-16,2019-07-16,,,,,,,G1310
2019-07-17,2019-07-17,,,,,,,G1310
2019-07-18,2019-07-18,,,,,,,G1310
2019-07-19,2019-07-19,,,,,,,G1310
2019-07-20,2019-07-20,,,,,,,G1310
2019-07-21,2019-07-21,,,,,,,G1310
2019-07-22,2019-07-22,,,,,,,G1310
2019-07-23,2019-07-23,,,,,,,G1310
2019-07-24,2019-07-24,,,,,,,G1310
2019-07-25,2019-07-25,,,,,,,G1310
2019-07-26,2019-07-26,,,,,,,G1310
2019-07-27,2019-07-27,,,,,,,G1310
2019-07-28,2019-07-28,,,,,,,G1310
2019-07-29,2019-07-29,,,,,,,G1310
2019-07-30,2019-07-30,,,,,,,G1310
2019-07-31,2019-07-31,,,,,,,G1310
2019-08-01,2019-08-01,,,,,,,G1310
2019-08-02,2019-08-02,,,,,,,G1310
2019-08-03,2019-08-03,,,,,,,G1310
2019-08-04,2019-08-04,,,,,,,G1310
2019-08-05,2019-08-05,,,,,,,G1310
2019-08-06,2019-08-06,,,,,,,G1310
2019-08-07,2019-08-07,,,,,,,G1310
2019-08-08,2019-08-08,,,,,,,G1310
2019-08-09,2019-08-09,,,,,,,G1310
2019-08-10,2019-08-10,,,,,,,G1310
2019-08-11,2019-08-11,,,,,,,G1310
2019-08-12,2019-08-12,,,,,,,G1310
2019-08-13,2019-08-13,,,,,,,G1310
2019-08-14,2019-08-14,,,,,,,G1310
2019-08-15,2019-08-15,,,,,,,G1310
2019-08-16,2019-08-16,,,,,,,G1310
2019-08-17,2019-08-17,,,,,,,G1310
2019-08-18,2019-08-18,,,,,,,G1310
2019-08-19,2019-08-19,,,,,,,G1310
2019-08-20,2019-08-20,,,,,,,G1310
2019-08-21,2019-08-21,,,,,,,G1310
2019-08-22,2019-08-22,,,,,,,G1310
2019-08-23,2019-08-23,,,,,,,G1310
2019-08-24,2019-08-24,,,,,,,G1310
2019-08-25,2019-08-25,,,,,,,G1310
2019-08-26,2019-08-26,,,,,,,G1310
2019-08-27,2019-08-27,,,,,,,G1310
2019-08-28,2019-08-28,,,,,,,G1310
2019-08-29,2019-08-29,,,,,,,G1310
2019-08-30,2019-08-30,,,,,,,G1310
2019-08-31,2019-08-31,,,,,,,G1310
