[
    {
        "rows": [
            [
                {
                    "name": "type"
                },
                false
            ],
            [
                {
                    "name": "station"
                },
                {
                    "name": "maxRiverDischarge"
                }
            ],
            [
                {
                    "name": "description"
                },
                false
            ]
        ],
        "style": "default",
        "label": ""
    }
]