[
    {
        "rows": [
            [
                {
                    "name": "name"
                },
                {
                    "name": "status"
                }
            ],
            [
                {
                    "name": "sector"
                },
                {
                    "name": "households"
                }
            ],
            [
                {
                    "name": "dateStart"
                },
                {
                    "name": "dateEnd"
                }
            ],
            [
                {
                    "name": "description"
                }
            ]
        ],
        "style": "default",
        "label": ""
    }
]