[
    {
        "rows": [
            [
                {
                    "name": "name"
                },
                false
            ],
            [
                {
                    "name": "branch"
                },
                {
                    "name": "type"
                }
            ],
            [
                {
                    "name": "description"
                }
            ],
            [
                {
                    "name": "nrStaff"
                },
                {
                    "name": "nrVolunteers"
                }
            ],
            [
                {
                    "name": "users"
                }
            ]
        ],
        "dynamicLogicVisible": null,
        "style": "default",
        "tabBreak": false,
        "hidden": false,
        "noteText": null,
        "customLabel": "Overview Center"
    }
]