[
    {
        "rows": [
            [
                {
                    "name": "name"
                },
                {
                    "name": "itemCode"
                },
                {
                    "name": "category"
                }
            ],
            [
                {
                    "name": "description"
                }
            ],
            [
                {
                    "name": "unitPrice"
                },
                {
                    "name": "unitOfMeasure"
                },
                false
            ]
        ],
        "style": "default",
        "label": "Overview"
    }
]