[
    {
        "rows": [
            [
                {
                    "name": "name"
                },
                {
                    "name": "region"
                }
            ]
        ],
        "dynamicLogicVisible": null,
        "style": "default",
        "dynamicLogicStyled": null,
        "tabBreak": false,
        "hidden": false,
        "noteText": null,
        "customLabel": "Branch Overview"
    },
    {
        "rows": [
            [
                {
                    "name": "address"
                },
                {
                    "name": "branchPhoneNumber"
                }
            ],
            [
                {
                    "name": "addressMap"
                }
            ]
        ],
        "dynamicLogicVisible": null,
        "style": "default",
        "tabBreak": false,
        "tabLabel": null,
        "hidden": false,
        "noteText": null,
        "noteStyle": "info",
        "customLabel": "Branch Location"
    },
    {
        "rows": [
            [
                {
                    "name": "totalNumberOfStaff"
                },
                {
                    "name": "numberOfVolunteers"
                }
            ]
        ],
        "dynamicLogicVisible": null,
        "style": "default",
        "tabBreak": false,
        "tabLabel": null,
        "hidden": false,
        "noteText": null,
        "noteStyle": "info",
        "customLabel": "Human Resources"
    }
]