[
    {
        "rows": [
            [
                {
                    "name": "name"
                },
                {
                    "name": "status"
                },
                {
                    "name": "reasonForCancellation"
                }
            ],
            [
                {
                    "name": "sector"
                },
                {
                    "name": "typeOfActivity"
                },
                {
                    "name": "nrHouseholdsAssisted"
                },
                {
                    "name": "itemsdistributed"
                }
            ],
            [
                {
                    "name": "program"
                },
                {
                    "name": "chargementDuRapportDactivit"
                }
            ]
        ],
        "dynamicLogicVisible": null,
        "style": "info",
        "dynamicLogicStyled": null,
        "tabBreak": false,
        "hidden": false,
        "noteText": null,
        "customLabel": "Détails de l'activité"
    },
    {
        "rows": [
            [
                {
                    "name": "activityStartDate"
                },
                {
                    "name": "activityEndDate"
                }
            ]
        ],
        "dynamicLogicVisible": null,
        "style": "default",
        "dynamicLogicStyled": null,
        "tabBreak": false,
        "hidden": false,
        "noteText": null,
        "noteStyle": "info",
        "customLabel": "Chronologie"
    },
    {
        "rows": [
            [
                {
                    "name": "regions"
                },
                {
                    "name": "cercles"
                },
                {
                    "name": "communes"
                }
            ]
        ],
        "dynamicLogicVisible": null,
        "style": "default",
        "dynamicLogicStyled": null,
        "tabBreak": false,
        "hidden": false,
        "noteText": null,
        "noteStyle": "info",
        "customLabel": "Location"
    },
    {
        "rows": [
            [
                {
                    "name": "numberOfStaffInvolved"
                },
                {
                    "name": "numberOfVolunteersInvolved"
                }
            ]
        ],
        "dynamicLogicVisible": null,
        "style": "warning",
        "dynamicLogicStyled": null,
        "tabBreak": false,
        "tabLabel": null,
        "hidden": false,
        "noteText": null,
        "noteStyle": "info",
        "customLabel": "Ressources humaines"
    },
    {
        "rows": [
            [
                {
                    "name": "flood"
                }
            ],
            [
                {
                    "name": "drought"
                }
            ],
            [
                {
                    "name": "epidemics"
                }
            ]
        ],
        "dynamicLogicVisible": null,
        "style": "success",
        "dynamicLogicStyled": null,
        "tabBreak": false,
        "hidden": false,
        "noteText": null,
        "noteStyle": "info",
        "customLabel": "Informations sur les réponses"
    }
]