{
    "entity": true,
    "layouts": true,
    "tab": true,
    "acl": true,
    "aclPortal": true,
    "aclPortalLevelList": [
        "all",
        "account",
        "contact",
        "own",
        "no"
    ],
    "customizable": true,
    "importable": true,
    "notifications": true,
    "stream": false,
    "disabled": false,
    "type": "BasePlus",
    "module": "IBFDashboard",
    "object": true,
    "isCustom": true,
    "statusField": null,
    "kanbanStatusIgnoreList": null,
    "stars": false,
    "duplicateCheckFieldList": []
}