[
    {
        "rows": [
            [
                {
                    "name": "name"
                }
            ],
            [
                {
                    "name": "subBasin"
                },
                {
                    "name": "communes"
                },
                {
                    "name": "creationDate"
                }
            ],
            [
                {
                    "name": "description"
                }
            ],
            [
                {
                    "name": "latitude"
                },
                {
                    "name": "longitude"
                },
                {
                    "name": "altitude"
                },
                {
                    "name": "areaOfWatershed"
                }
            ],
            [
                {
                    "name": "twoyearReturnPeriod"
                },
                {
                    "name": "fiveyearReturnPeriod"
                },
                {
                    "name": "tenyearReturnPeriod"
                },
                {
                    "name": "twentyyearReturnPeriod"
                }
            ]
        ],
        "style": "default",
        "label": "Overview"
    }
]