"1"	"KE0030110051"	"KEGVS11"	"q75"	61.36	1	1	0	1	0	1	0
"1"	"KE0030110051"	"KEGVS11"	"q80"	81.414955	1	1	0	1	0	1	0
"1"	"KE0030110051"	"KEGVS10"	"q95"	6.782711	1	1	0	1	0	1	0
"1"	"KE0030110052"	"KEGVS11"	"q75"	61.36	1	1	0	1	0	1	0
"1"	"KE0030110052"	"KEGVS11"	"q80"	81.414955	1	1	0	1	0	1	0
"1"	"KE0030110052"	"KEGVS10"	"q95"	6.782711	1	1	0	1	0	1	0
"1"	"KE0030110053"	"KEGVS11"	"q75"	61.36	1	1	0	1	0	1	0
"1"	"KE0030110053"	"KEGVS11"	"q80"	81.414955	1	1	0	1	0	1	0
"1"	"KE0030110053"	"KEGVS10"	"q95"	6.782711	1	1	0	1	0	1	0
"1"	"KE0030110054"	"KEGVS11"	"q75"	61.36	1	1	0	1	0	1	0
"1"	"KE0030110054"	"KEGVS11"	"q80"	81.414955	1	1	0	1	0	1	0
"1"	"KE0030110054"	"KEGVS10"	"q95"	6.782711	1	1	0	1	0	1	0
"1"	"KE0030110055"	"KEGVS11"	"q75"	61.36	1	1	0	1	0	1	0
"1"	"KE0030110055"	"KEGVS11"	"q80"	81.414955	1	1	0	1	0	1	0
"1"	"KE0030110055"	"KEGVS10"	"q95"	6.782711	1	1	0	1	0	1	0
"1"	"KE0030110056"	"KEGVS11"	"q75"	61.36	1	1	0	1	0	1	0
"1"	"KE0030110056"	"KEGVS11"	"q80"	81.414955	1	1	0	1	0	1	0
"1"	"KE0030110056"	"KEGVS10"	"q95"	6.782711	1	1	0	1	0	1	0
"1"	"KE0030110057"	"KEGVS11"	"q75"	61.36	1	1	0	1	0	1	0
"1"	"KE0030110057"	"KEGVS11"	"q80"	81.414955	1	1	0	1	0	1	0
"1"	"KE0030110057"	"KEGVS10"	"q95"	6.782711	1	1	0	1	0	1	0
"1"	"KE0030130063"	"KEGVS11"	"q75"	61.36	5	3	2	12	9	0.6	0.75
"1"	"KE0030130063"	"KEGVS11"	"q80"	81.414955	5	3	2	14	11	0.6	0.79
"1"	"KE0030130063"	"KEGVS10"	"q95"	6.782711	5	5	0	14	10	1	0.71
"1"	"KE0030130064"	"KEGVS11"	"q75"	61.36	5	3	2	12	9	0.6	0.75
"1"	"KE0030130064"	"KEGVS11"	"q80"	81.414955	5	3	2	14	11	0.6	0.79
"1"	"KE0030130064"	"KEGVS10"	"q95"	6.782711	5	5	0	14	10	1	0.71
"1"	"KE0030130065"	"KEGVS11"	"q75"	61.36	5	3	2	12	9	0.6	0.75
"1"	"KE0030130065"	"KEGVS11"	"q80"	81.414955	5	3	2	14	11	0.6	0.79
"1"	"KE0030130065"	"KEGVS10"	"q95"	6.782711	5	5	0	14	10	1	0.71
"1"	"KE0030130066"	"KEGVS11"	"q75"	61.36	5	3	2	12	9	0.6	0.75
"1"	"KE0030130066"	"KEGVS11"	"q80"	81.414955	5	3	2	14	11	0.6	0.79
"1"	"KE0030130066"	"KEGVS10"	"q95"	6.782711	5	5	0	14	10	1	0.71
"1"	"KE0030150071"	"KEGVS11"	"q75"	61.36	5	4	1	12	8	0.8	0.67
"1"	"KE0030150071"	"KEGVS11"	"q80"	81.414955	5	4	1	14	10	0.8	0.71
"1"	"KE0030150071"	"KEGVS10"	"q95"	6.782711	5	5	0	14	9	1	0.64
"1"	"KE0030150072"	"KEGVS11"	"q75"	61.36	5	4	1	12	8	0.8	0.67
"1"	"KE0030150072"	"KEGVS11"	"q80"	81.414955	5	4	1	14	10	0.8	0.71
"1"	"KE0030150072"	"KEGVS10"	"q95"	6.782711	5	5	0	14	9	1	0.64
"1"	"KE0030150073"	"KEGVS11"	"q75"	61.36	5	4	1	12	8	0.8	0.67
"1"	"KE0030150073"	"KEGVS11"	"q80"	81.414955	5	4	1	14	10	0.8	0.71
"1"	"KE0030150073"	"KEGVS10"	"q95"	6.782711	5	5	0	14	9	1	0.64
"1"	"KE0030150074"	"KEGVS11"	"q75"	61.36	5	4	1	12	8	0.8	0.67
"1"	"KE0030150074"	"KEGVS11"	"q80"	81.414955	5	4	1	14	10	0.8	0.71
"1"	"KE0030150074"	"KEGVS10"	"q95"	6.782711	5	5	0	14	9	1	0.64
"1"	"KE0030160075"	"KEGVS11"	"q95"	317.885	2	1	1	1	0	0.5	0
"1"	"KE0030160076"	"KEGVS11"	"q95"	317.885	2	1	1	1	0	0.5	0
"1"	"KE0030160077"	"KEGVS11"	"q95"	317.885	2	1	1	1	0	0.5	0
"1"	"KE0030160078"	"KEGVS11"	"q95"	317.885	2	1	1	1	0	0.5	0
"1"	"KE0030160079"	"KEGVS11"	"q95"	317.885	2	1	1	1	0	0.5	0
"1"	"KE0030170080"	"KEGVS11"	"q75"	61.36	14	9	5	13	8	0.64	0.62
"1"	"KE0030170080"	"KEGVS11"	"q80"	81.414955	14	8	6	15	11	0.57	0.73
"1"	"KE0030170080"	"KEGVS11"	"q95"	317.885	14	6	8	3	0	0.43	0
"1"	"KE0030170080"	"KEGVS10"	"q95"	6.782711	14	9	5	15	10	0.64	0.67
"1"	"KE0030170081"	"KEGVS11"	"q75"	61.36	14	9	5	13	8	0.64	0.62
"1"	"KE0030170081"	"KEGVS11"	"q80"	81.414955	14	8	6	15	11	0.57	0.73
"1"	"KE0030170081"	"KEGVS11"	"q95"	317.885	14	6	8	3	0	0.43	0
"1"	"KE0030170081"	"KEGVS10"	"q95"	6.782711	14	9	5	15	10	0.64	0.67
"1"	"KE0030170082"	"KEGVS11"	"q75"	61.36	14	9	5	13	8	0.64	0.62
"1"	"KE0030170082"	"KEGVS11"	"q80"	81.414955	14	8	6	15	11	0.57	0.73
"1"	"KE0030170082"	"KEGVS11"	"q95"	317.885	14	6	8	3	0	0.43	0
"1"	"KE0030170082"	"KEGVS10"	"q95"	6.782711	14	9	5	15	10	0.64	0.67
"1"	"KE0030170083"	"KEGVS11"	"q75"	61.36	14	9	5	13	8	0.64	0.62
"1"	"KE0030170083"	"KEGVS11"	"q80"	81.414955	14	8	6	15	11	0.57	0.73
"1"	"KE0030170083"	"KEGVS11"	"q95"	317.885	14	6	8	3	0	0.43	0
"1"	"KE0030170083"	"KEGVS10"	"q95"	6.782711	14	9	5	15	10	0.64	0.67
"1"	"KE0030170084"	"KEGVS11"	"q75"	61.36	14	9	5	13	8	0.64	0.62
"1"	"KE0030170084"	"KEGVS11"	"q80"	81.414955	14	8	6	15	11	0.57	0.73
"1"	"KE0030170084"	"KEGVS11"	"q95"	317.885	14	6	8	3	0	0.43	0
"1"	"KE0030170084"	"KEGVS10"	"q95"	6.782711	14	9	5	15	10	0.64	0.67
"1"	"KE0030170085"	"KEGVS11"	"q75"	61.36	14	9	5	13	8	0.64	0.62
"1"	"KE0030170085"	"KEGVS11"	"q80"	81.414955	14	8	6	15	11	0.57	0.73
"1"	"KE0030170085"	"KEGVS11"	"q95"	317.885	14	6	8	3	0	0.43	0
"1"	"KE0030170085"	"KEGVS10"	"q95"	6.782711	14	9	5	15	10	0.64	0.67
"1"	"KE0040180086"	"G5305"	"q75"	201.09286	9	7	2	15	9	0.78	0.6
"1"	"KE0040180086"	"G5305"	"q80"	232.416164	9	7	2	14	8	0.78	0.57
"1"	"KE0040180086"	"G5305"	"q95"	517.518236	9	4	5	6	3	0.44	0.5
"1"	"KE0040180086"	"G5326"	"q75"	193.49469	9	7	2	15	9	0.78	0.6
"1"	"KE0040180086"	"G5326"	"q80"	226.2463	9	7	2	16	10	0.78	0.62
"1"	"KE0040180086"	"G5326"	"q95"	535.3537	9	4	5	8	5	0.44	0.62
"1"	"KE0040180086"	"G5210"	"q50"	149.61296	9	8	1	8	1	0.89	0.12
"1"	"KE0040180086"	"G5210"	"q75"	214.3213	9	7	2	12	6	0.78	0.5
"1"	"KE0040180086"	"G5210"	"q80"	247.832824	9	7	2	13	7	0.78	0.54
"1"	"KE0040180086"	"G5210"	"q95"	551.941635999999	9	3	6	2	0	0.33	0
"1"	"KE0040180086"	"KEGVS12"	"q50"	151.1375	9	8	1	11	4	0.89	0.36
"1"	"KE0040180086"	"KEGVS12"	"q75"	217.50508	9	8	1	14	7	0.89	0.5
"1"	"KE0040180086"	"KEGVS12"	"q80"	247.91096	9	7	2	13	7	0.78	0.54
"1"	"KE0040180086"	"KEGVS12"	"q95"	565.62244	9	3	6	2	0	0.33	0
"1"	"KE0040180087"	"G5305"	"q75"	201.09286	9	7	2	15	9	0.78	0.6
"1"	"KE0040180087"	"G5305"	"q80"	232.416164	9	7	2	14	8	0.78	0.57
"1"	"KE0040180087"	"G5305"	"q95"	517.518236	9	4	5	6	3	0.44	0.5
"1"	"KE0040180087"	"G5326"	"q75"	193.49469	9	7	2	15	9	0.78	0.6
"1"	"KE0040180087"	"G5326"	"q80"	226.2463	9	7	2	16	10	0.78	0.62
"1"	"KE0040180087"	"G5326"	"q95"	535.3537	9	4	5	8	5	0.44	0.62
"1"	"KE0040180087"	"G5210"	"q50"	149.61296	9	8	1	8	1	0.89	0.12
"1"	"KE0040180087"	"G5210"	"q75"	214.3213	9	7	2	12	6	0.78	0.5
"1"	"KE0040180087"	"G5210"	"q80"	247.832824	9	7	2	13	7	0.78	0.54
"1"	"KE0040180087"	"G5210"	"q95"	551.941635999999	9	3	6	2	0	0.33	0
"1"	"KE0040180087"	"KEGVS12"	"q50"	151.1375	9	8	1	11	4	0.89	0.36
"1"	"KE0040180087"	"KEGVS12"	"q75"	217.50508	9	8	1	14	7	0.89	0.5
"1"	"KE0040180087"	"KEGVS12"	"q80"	247.91096	9	7	2	13	7	0.78	0.54
"1"	"KE0040180087"	"KEGVS12"	"q95"	565.62244	9	3	6	2	0	0.33	0
"1"	"KE0040180088"	"G5305"	"q75"	201.09286	9	7	2	15	9	0.78	0.6
"1"	"KE0040180088"	"G5305"	"q80"	232.416164	9	7	2	14	8	0.78	0.57
"1"	"KE0040180088"	"G5305"	"q95"	517.518236	9	4	5	6	3	0.44	0.5
"1"	"KE0040180088"	"G5326"	"q75"	193.49469	9	7	2	15	9	0.78	0.6
"1"	"KE0040180088"	"G5326"	"q80"	226.2463	9	7	2	16	10	0.78	0.62
"1"	"KE0040180088"	"G5326"	"q95"	535.3537	9	4	5	8	5	0.44	0.62
"1"	"KE0040180088"	"G5210"	"q50"	149.61296	9	8	1	8	1	0.89	0.12
"1"	"KE0040180088"	"G5210"	"q75"	214.3213	9	7	2	12	6	0.78	0.5
"1"	"KE0040180088"	"G5210"	"q80"	247.832824	9	7	2	13	7	0.78	0.54
"1"	"KE0040180088"	"G5210"	"q95"	551.941635999999	9	3	6	2	0	0.33	0
"1"	"KE0040180088"	"KEGVS12"	"q50"	151.1375	9	8	1	11	4	0.89	0.36
"1"	"KE0040180088"	"KEGVS12"	"q75"	217.50508	9	8	1	14	7	0.89	0.5
"1"	"KE0040180088"	"KEGVS12"	"q80"	247.91096	9	7	2	13	7	0.78	0.54
"1"	"KE0040180088"	"KEGVS12"	"q95"	565.62244	9	3	6	2	0	0.33	0
"1"	"KE0040180089"	"G5305"	"q75"	201.09286	9	7	2	15	9	0.78	0.6
"1"	"KE0040180089"	"G5305"	"q80"	232.416164	9	7	2	14	8	0.78	0.57
"1"	"KE0040180089"	"G5305"	"q95"	517.518236	9	4	5	6	3	0.44	0.5
"1"	"KE0040180089"	"G5326"	"q75"	193.49469	9	7	2	15	9	0.78	0.6
"1"	"KE0040180089"	"G5326"	"q80"	226.2463	9	7	2	16	10	0.78	0.62
"1"	"KE0040180089"	"G5326"	"q95"	535.3537	9	4	5	8	5	0.44	0.62
"1"	"KE0040180089"	"G5210"	"q50"	149.61296	9	8	1	8	1	0.89	0.12
"1"	"KE0040180089"	"G5210"	"q75"	214.3213	9	7	2	12	6	0.78	0.5
"1"	"KE0040180089"	"G5210"	"q80"	247.832824	9	7	2	13	7	0.78	0.54
"1"	"KE0040180089"	"G5210"	"q95"	551.941635999999	9	3	6	2	0	0.33	0
"1"	"KE0040180089"	"KEGVS12"	"q50"	151.1375	9	8	1	11	4	0.89	0.36
"1"	"KE0040180089"	"KEGVS12"	"q75"	217.50508	9	8	1	14	7	0.89	0.5
"1"	"KE0040180089"	"KEGVS12"	"q80"	247.91096	9	7	2	13	7	0.78	0.54
"1"	"KE0040180089"	"KEGVS12"	"q95"	565.62244	9	3	6	2	0	0.33	0
"1"	"KE0040180090"	"G5305"	"q75"	201.09286	9	7	2	15	9	0.78	0.6
"1"	"KE0040180090"	"G5305"	"q80"	232.416164	9	7	2	14	8	0.78	0.57
"1"	"KE0040180090"	"G5305"	"q95"	517.518236	9	4	5	6	3	0.44	0.5
"1"	"KE0040180090"	"G5326"	"q75"	193.49469	9	7	2	15	9	0.78	0.6
"1"	"KE0040180090"	"G5326"	"q80"	226.2463	9	7	2	16	10	0.78	0.62
"1"	"KE0040180090"	"G5326"	"q95"	535.3537	9	4	5	8	5	0.44	0.62
"1"	"KE0040180090"	"G5210"	"q50"	149.61296	9	8	1	8	1	0.89	0.12
"1"	"KE0040180090"	"G5210"	"q75"	214.3213	9	7	2	12	6	0.78	0.5
"1"	"KE0040180090"	"G5210"	"q80"	247.832824	9	7	2	13	7	0.78	0.54
"1"	"KE0040180090"	"G5210"	"q95"	551.941635999999	9	3	6	2	0	0.33	0
"1"	"KE0040180090"	"KEGVS12"	"q50"	151.1375	9	8	1	11	4	0.89	0.36
"1"	"KE0040180090"	"KEGVS12"	"q75"	217.50508	9	8	1	14	7	0.89	0.5
"1"	"KE0040180090"	"KEGVS12"	"q80"	247.91096	9	7	2	13	7	0.78	0.54
"1"	"KE0040180090"	"KEGVS12"	"q95"	565.62244	9	3	6	2	0	0.33	0
"1"	"KE0040180091"	"G5305"	"q75"	201.09286	9	7	2	15	9	0.78	0.6
"1"	"KE0040180091"	"G5305"	"q80"	232.416164	9	7	2	14	8	0.78	0.57
"1"	"KE0040180091"	"G5305"	"q95"	517.518236	9	4	5	6	3	0.44	0.5
"1"	"KE0040180091"	"G5326"	"q75"	193.49469	9	7	2	15	9	0.78	0.6
"1"	"KE0040180091"	"G5326"	"q80"	226.2463	9	7	2	16	10	0.78	0.62
"1"	"KE0040180091"	"G5326"	"q95"	535.3537	9	4	5	8	5	0.44	0.62
"1"	"KE0040180091"	"G5210"	"q50"	149.61296	9	8	1	8	1	0.89	0.12
"1"	"KE0040180091"	"G5210"	"q75"	214.3213	9	7	2	12	6	0.78	0.5
"1"	"KE0040180091"	"G5210"	"q80"	247.832824	9	7	2	13	7	0.78	0.54
"1"	"KE0040180091"	"G5210"	"q95"	551.941635999999	9	3	6	2	0	0.33	0
"1"	"KE0040180091"	"KEGVS12"	"q50"	151.1375	9	8	1	11	4	0.89	0.36
"1"	"KE0040180091"	"KEGVS12"	"q75"	217.50508	9	8	1	14	7	0.89	0.5
"1"	"KE0040180091"	"KEGVS12"	"q80"	247.91096	9	7	2	13	7	0.78	0.54
"1"	"KE0040180091"	"KEGVS12"	"q95"	565.62244	9	3	6	2	0	0.33	0
"1"	"KE0040190092"	"G5305"	"q95"	517.518236	3	1	2	6	5	0.33	0.83
"1"	"KE0040190092"	"G5326"	"q95"	535.3537	3	1	2	8	7	0.33	0.88
"1"	"KE0040190092"	"G5210"	"q95"	551.941635999999	3	1	2	2	1	0.33	0.5
"1"	"KE0040190092"	"KEGVS12"	"q95"	565.62244	3	1	2	2	1	0.33	0.5
"1"	"KE0040190093"	"G5305"	"q95"	517.518236	3	1	2	6	5	0.33	0.83
"1"	"KE0040190093"	"G5326"	"q95"	535.3537	3	1	2	8	7	0.33	0.88
"1"	"KE0040190093"	"G5210"	"q95"	551.941635999999	3	1	2	2	1	0.33	0.5
"1"	"KE0040190093"	"KEGVS12"	"q95"	565.62244	3	1	2	2	1	0.33	0.5
"1"	"KE0040190094"	"G5305"	"q95"	517.518236	3	1	2	6	5	0.33	0.83
"1"	"KE0040190094"	"G5326"	"q95"	535.3537	3	1	2	8	7	0.33	0.88
"1"	"KE0040190094"	"G5210"	"q95"	551.941635999999	3	1	2	2	1	0.33	0.5
"1"	"KE0040190094"	"KEGVS12"	"q95"	565.62244	3	1	2	2	1	0.33	0.5
"1"	"KE0040190095"	"G5305"	"q95"	517.518236	3	1	2	6	5	0.33	0.83
"1"	"KE0040190095"	"G5326"	"q95"	535.3537	3	1	2	8	7	0.33	0.88
"1"	"KE0040190095"	"G5210"	"q95"	551.941635999999	3	1	2	2	1	0.33	0.5
"1"	"KE0040190095"	"KEGVS12"	"q95"	565.62244	3	1	2	2	1	0.33	0.5
"1"	"KE0040200096"	"G5305"	"q95"	517.518236	6	1	5	4	3	0.17	0.75
"1"	"KE0040200096"	"G5326"	"q95"	535.3537	6	1	5	4	3	0.17	0.75
"1"	"KE0040200096"	"G5210"	"q75"	214.3213	6	4	2	5	2	0.67	0.4
"1"	"KE0040200096"	"G5210"	"q80"	247.832824	6	3	3	6	4	0.5	0.67
"1"	"KE0040200096"	"KEGVS12"	"q75"	217.50508	6	4	2	7	4	0.67	0.57
"1"	"KE0040200096"	"KEGVS12"	"q80"	247.91096	6	4	2	6	3	0.67	0.5
"1"	"KE0040200097"	"G5305"	"q95"	517.518236	6	1	5	4	3	0.17	0.75
"1"	"KE0040200097"	"G5326"	"q95"	535.3537	6	1	5	4	3	0.17	0.75
"1"	"KE0040200097"	"G5210"	"q75"	214.3213	6	4	2	5	2	0.67	0.4
"1"	"KE0040200097"	"G5210"	"q80"	247.832824	6	3	3	6	4	0.5	0.67
"1"	"KE0040200097"	"KEGVS12"	"q75"	217.50508	6	4	2	7	4	0.67	0.57
"1"	"KE0040200097"	"KEGVS12"	"q80"	247.91096	6	4	2	6	3	0.67	0.5
"1"	"KE0040200098"	"G5305"	"q95"	517.518236	6	1	5	4	3	0.17	0.75
"1"	"KE0040200098"	"G5326"	"q95"	535.3537	6	1	5	4	3	0.17	0.75
"1"	"KE0040200098"	"G5210"	"q75"	214.3213	6	4	2	5	2	0.67	0.4
"1"	"KE0040200098"	"G5210"	"q80"	247.832824	6	3	3	6	4	0.5	0.67
"1"	"KE0040200098"	"KEGVS12"	"q75"	217.50508	6	4	2	7	4	0.67	0.57
"1"	"KE0040200098"	"KEGVS12"	"q80"	247.91096	6	4	2	6	3	0.67	0.5
"1"	"KE0040200099"	"G5305"	"q95"	517.518236	6	1	5	4	3	0.17	0.75
"1"	"KE0040200099"	"G5326"	"q95"	535.3537	6	1	5	4	3	0.17	0.75
"1"	"KE0040200099"	"G5210"	"q75"	214.3213	6	4	2	5	2	0.67	0.4
"1"	"KE0040200099"	"G5210"	"q80"	247.832824	6	3	3	6	4	0.5	0.67
"1"	"KE0040200099"	"KEGVS12"	"q75"	217.50508	6	4	2	7	4	0.67	0.57
"1"	"KE0040200099"	"KEGVS12"	"q80"	247.91096	6	4	2	6	3	0.67	0.5
"1"	"KE0040200100"	"G5305"	"q95"	517.518236	6	1	5	4	3	0.17	0.75
"1"	"KE0040200100"	"G5326"	"q95"	535.3537	6	1	5	4	3	0.17	0.75
"1"	"KE0040200100"	"G5210"	"q75"	214.3213	6	4	2	5	2	0.67	0.4
"1"	"KE0040200100"	"G5210"	"q80"	247.832824	6	3	3	6	4	0.5	0.67
"1"	"KE0040200100"	"KEGVS12"	"q75"	217.50508	6	4	2	7	4	0.67	0.57
"1"	"KE0040200100"	"KEGVS12"	"q80"	247.91096	6	4	2	6	3	0.67	0.5
"1"	"KE0070280135"	"KEGVS13"	"q20"	0.10980406	1	1	0	1	0	1	0
"1"	"KE0070280135"	"KEGVS14"	"q20"	0.0001359641	1	1	0	1	0	1	0
"1"	"KE0070280136"	"KEGVS13"	"q20"	0.10980406	1	1	0	1	0	1	0
"1"	"KE0070280136"	"KEGVS14"	"q20"	0.0001359641	1	1	0	1	0	1	0
"1"	"KE0070280137"	"KEGVS13"	"q20"	0.10980406	1	1	0	1	0	1	0
"1"	"KE0070280137"	"KEGVS14"	"q20"	0.0001359641	1	1	0	1	0	1	0
"1"	"KE0070280138"	"KEGVS13"	"q20"	0.10980406	1	1	0	1	0	1	0
"1"	"KE0070280138"	"KEGVS14"	"q20"	0.0001359641	1	1	0	1	0	1	0
"1"	"KE0070280139"	"KEGVS13"	"q20"	0.10980406	1	1	0	1	0	1	0
"1"	"KE0070280139"	"KEGVS14"	"q20"	0.0001359641	1	1	0	1	0	1	0
"1"	"KE0070300146"	"KEGVS13"	"q75"	0.5527092	5	3	2	21	18	0.6	0.86
"1"	"KE0070300146"	"KEGVS13"	"q80"	0.71546	5	3	2	21	18	0.6	0.86
"1"	"KE0070300146"	"KEGVS13"	"q95"	4.4890056	5	1	4	12	11	0.2	0.92
"1"	"KE0070300147"	"KEGVS13"	"q75"	0.5527092	5	3	2	21	18	0.6	0.86
"1"	"KE0070300147"	"KEGVS13"	"q80"	0.71546	5	3	2	21	18	0.6	0.86
"1"	"KE0070300147"	"KEGVS13"	"q95"	4.4890056	5	1	4	12	11	0.2	0.92
"1"	"KE0070300148"	"KEGVS13"	"q75"	0.5527092	5	3	2	21	18	0.6	0.86
"1"	"KE0070300148"	"KEGVS13"	"q80"	0.71546	5	3	2	21	18	0.6	0.86
"1"	"KE0070300148"	"KEGVS13"	"q95"	4.4890056	5	1	4	12	11	0.2	0.92
"1"	"KE0070300149"	"KEGVS13"	"q75"	0.5527092	5	3	2	21	18	0.6	0.86
"1"	"KE0070300149"	"KEGVS13"	"q80"	0.71546	5	3	2	21	18	0.6	0.86
"1"	"KE0070300149"	"KEGVS13"	"q95"	4.4890056	5	1	4	12	11	0.2	0.92
"1"	"KE0070300150"	"KEGVS13"	"q75"	0.5527092	5	3	2	21	18	0.6	0.86
"1"	"KE0070300150"	"KEGVS13"	"q80"	0.71546	5	3	2	21	18	0.6	0.86
"1"	"KE0070300150"	"KEGVS13"	"q95"	4.4890056	5	1	4	12	11	0.2	0.92
"1"	"KE0070300151"	"KEGVS13"	"q75"	0.5527092	5	3	2	21	18	0.6	0.86
"1"	"KE0070300151"	"KEGVS13"	"q80"	0.71546	5	3	2	21	18	0.6	0.86
"1"	"KE0070300151"	"KEGVS13"	"q95"	4.4890056	5	1	4	12	11	0.2	0.92
"1"	"KE0070310152"	"KEGVS13"	"q75"	0.5527092	1	1	0	1	0	1	0
"1"	"KE0070310152"	"KEGVS13"	"q80"	0.71546	1	1	0	1	0	1	0
"1"	"KE0070310152"	"KEGVS13"	"q95"	4.4890056	1	1	0	1	0	1	0
"1"	"KE0070310152"	"KEGVS14"	"q75"	101.25282	1	1	0	1	0	1	0
"1"	"KE0070310152"	"KEGVS14"	"q80"	128.65742	1	1	0	1	0	1	0
"1"	"KE0070310152"	"KEGVS14"	"q95"	341.845764	1	1	0	1	0	1	0
"1"	"KE0070310152"	"G5208"	"q75"	9.356387	1	1	0	1	0	1	0
"1"	"KE0070310152"	"G5208"	"q80"	14.384909	1	1	0	1	0	1	0
"1"	"KE0070310152"	"G5208"	"q95"	71.198235	1	1	0	1	0	1	0
"1"	"KE0070310153"	"KEGVS13"	"q75"	0.5527092	1	1	0	1	0	1	0
"1"	"KE0070310153"	"KEGVS13"	"q80"	0.71546	1	1	0	1	0	1	0
"1"	"KE0070310153"	"KEGVS13"	"q95"	4.4890056	1	1	0	1	0	1	0
"1"	"KE0070310153"	"KEGVS14"	"q75"	101.25282	1	1	0	1	0	1	0
"1"	"KE0070310153"	"KEGVS14"	"q80"	128.65742	1	1	0	1	0	1	0
"1"	"KE0070310153"	"KEGVS14"	"q95"	341.845764	1	1	0	1	0	1	0
"1"	"KE0070310153"	"G5208"	"q75"	9.356387	1	1	0	1	0	1	0
"1"	"KE0070310153"	"G5208"	"q80"	14.384909	1	1	0	1	0	1	0
"1"	"KE0070310153"	"G5208"	"q95"	71.198235	1	1	0	1	0	1	0
"1"	"KE0070310154"	"KEGVS13"	"q75"	0.5527092	1	1	0	1	0	1	0
"1"	"KE0070310154"	"KEGVS13"	"q80"	0.71546	1	1	0	1	0	1	0
"1"	"KE0070310154"	"KEGVS13"	"q95"	4.4890056	1	1	0	1	0	1	0
"1"	"KE0070310154"	"KEGVS14"	"q75"	101.25282	1	1	0	1	0	1	0
"1"	"KE0070310154"	"KEGVS14"	"q80"	128.65742	1	1	0	1	0	1	0
"1"	"KE0070310154"	"KEGVS14"	"q95"	341.845764	1	1	0	1	0	1	0
"1"	"KE0070310154"	"G5208"	"q75"	9.356387	1	1	0	1	0	1	0
"1"	"KE0070310154"	"G5208"	"q80"	14.384909	1	1	0	1	0	1	0
"1"	"KE0070310154"	"G5208"	"q95"	71.198235	1	1	0	1	0	1	0
"1"	"KE0070310155"	"KEGVS13"	"q75"	0.5527092	1	1	0	1	0	1	0
"1"	"KE0070310155"	"KEGVS13"	"q80"	0.71546	1	1	0	1	0	1	0
"1"	"KE0070310155"	"KEGVS13"	"q95"	4.4890056	1	1	0	1	0	1	0
"1"	"KE0070310155"	"KEGVS14"	"q75"	101.25282	1	1	0	1	0	1	0
"1"	"KE0070310155"	"KEGVS14"	"q80"	128.65742	1	1	0	1	0	1	0
"1"	"KE0070310155"	"KEGVS14"	"q95"	341.845764	1	1	0	1	0	1	0
"1"	"KE0070310155"	"G5208"	"q75"	9.356387	1	1	0	1	0	1	0
"1"	"KE0070310155"	"G5208"	"q80"	14.384909	1	1	0	1	0	1	0
"1"	"KE0070310155"	"G5208"	"q95"	71.198235	1	1	0	1	0	1	0
"1"	"KE0070310156"	"KEGVS13"	"q75"	0.5527092	1	1	0	1	0	1	0
"1"	"KE0070310156"	"KEGVS13"	"q80"	0.71546	1	1	0	1	0	1	0
"1"	"KE0070310156"	"KEGVS13"	"q95"	4.4890056	1	1	0	1	0	1	0
"1"	"KE0070310156"	"KEGVS14"	"q75"	101.25282	1	1	0	1	0	1	0
"1"	"KE0070310156"	"KEGVS14"	"q80"	128.65742	1	1	0	1	0	1	0
"1"	"KE0070310156"	"KEGVS14"	"q95"	341.845764	1	1	0	1	0	1	0
"1"	"KE0070310156"	"G5208"	"q75"	9.356387	1	1	0	1	0	1	0
"1"	"KE0070310156"	"G5208"	"q80"	14.384909	1	1	0	1	0	1	0
"1"	"KE0070310156"	"G5208"	"q95"	71.198235	1	1	0	1	0	1	0
"1"	"KE0080330161"	"KEGVS15"	"q80"	5.4900746	12	8	4	18	14	0.67	0.78
"1"	"KE0080330161"	"KEGVS15"	"q95"	29.144743	12	8	4	12	8	0.67	0.67
"1"	"KE0080330161"	"KEGVS2"	"q75"	2.2917619	12	8	4	19	15	0.67	0.79
"1"	"KE0080330161"	"KEGVS2"	"q80"	3.305287	12	8	4	19	15	0.67	0.79
"1"	"KE0080330161"	"KEGVS2"	"q95"	17.05115	12	6	6	10	7	0.5	0.7
"1"	"KE0080330162"	"KEGVS15"	"q80"	5.4900746	12	8	4	18	14	0.67	0.78
"1"	"KE0080330162"	"KEGVS15"	"q95"	29.144743	12	8	4	12	8	0.67	0.67
"1"	"KE0080330162"	"KEGVS2"	"q75"	2.2917619	12	8	4	19	15	0.67	0.79
"1"	"KE0080330162"	"KEGVS2"	"q80"	3.305287	12	8	4	19	15	0.67	0.79
"1"	"KE0080330162"	"KEGVS2"	"q95"	17.05115	12	6	6	10	7	0.5	0.7
"1"	"KE0080330163"	"KEGVS15"	"q80"	5.4900746	12	8	4	18	14	0.67	0.78
"1"	"KE0080330163"	"KEGVS15"	"q95"	29.144743	12	8	4	12	8	0.67	0.67
"1"	"KE0080330163"	"KEGVS2"	"q75"	2.2917619	12	8	4	19	15	0.67	0.79
"1"	"KE0080330163"	"KEGVS2"	"q80"	3.305287	12	8	4	19	15	0.67	0.79
"1"	"KE0080330163"	"KEGVS2"	"q95"	17.05115	12	6	6	10	7	0.5	0.7
"1"	"KE0080330164"	"KEGVS15"	"q80"	5.4900746	12	8	4	18	14	0.67	0.78
"1"	"KE0080330164"	"KEGVS15"	"q95"	29.144743	12	8	4	12	8	0.67	0.67
"1"	"KE0080330164"	"KEGVS2"	"q75"	2.2917619	12	8	4	19	15	0.67	0.79
"1"	"KE0080330164"	"KEGVS2"	"q80"	3.305287	12	8	4	19	15	0.67	0.79
"1"	"KE0080330164"	"KEGVS2"	"q95"	17.05115	12	6	6	10	7	0.5	0.7
"1"	"KE0080330165"	"KEGVS15"	"q80"	5.4900746	12	8	4	18	14	0.67	0.78
"1"	"KE0080330165"	"KEGVS15"	"q95"	29.144743	12	8	4	12	8	0.67	0.67
"1"	"KE0080330165"	"KEGVS2"	"q75"	2.2917619	12	8	4	19	15	0.67	0.79
"1"	"KE0080330165"	"KEGVS2"	"q80"	3.305287	12	8	4	19	15	0.67	0.79
"1"	"KE0080330165"	"KEGVS2"	"q95"	17.05115	12	6	6	10	7	0.5	0.7
"1"	"KE0080330166"	"KEGVS15"	"q80"	5.4900746	12	8	4	18	14	0.67	0.78
"1"	"KE0080330166"	"KEGVS15"	"q95"	29.144743	12	8	4	12	8	0.67	0.67
"1"	"KE0080330166"	"KEGVS2"	"q75"	2.2917619	12	8	4	19	15	0.67	0.79
"1"	"KE0080330166"	"KEGVS2"	"q80"	3.305287	12	8	4	19	15	0.67	0.79
"1"	"KE0080330166"	"KEGVS2"	"q95"	17.05115	12	6	6	10	7	0.5	0.7
"1"	"KE0080330167"	"KEGVS15"	"q80"	5.4900746	12	8	4	18	14	0.67	0.78
"1"	"KE0080330167"	"KEGVS15"	"q95"	29.144743	12	8	4	12	8	0.67	0.67
"1"	"KE0080330167"	"KEGVS2"	"q75"	2.2917619	12	8	4	19	15	0.67	0.79
"1"	"KE0080330167"	"KEGVS2"	"q80"	3.305287	12	8	4	19	15	0.67	0.79
"1"	"KE0080330167"	"KEGVS2"	"q95"	17.05115	12	6	6	10	7	0.5	0.7
"1"	"KE0080340168"	"KEGVS15"	"q80"	5.4900746	2	2	0	4	2	1	0.5
"1"	"KE0080340168"	"KEGVS15"	"q95"	29.144743	2	2	0	3	1	1	0.33
"1"	"KE0080340168"	"KEGVS2"	"q75"	2.2917619	2	2	0	5	3	1	0.6
"1"	"KE0080340168"	"KEGVS2"	"q80"	3.305287	2	2	0	5	3	1	0.6
"1"	"KE0080340169"	"KEGVS15"	"q80"	5.4900746	2	2	0	4	2	1	0.5
"1"	"KE0080340169"	"KEGVS15"	"q95"	29.144743	2	2	0	3	1	1	0.33
"1"	"KE0080340169"	"KEGVS2"	"q75"	2.2917619	2	2	0	5	3	1	0.6
"1"	"KE0080340169"	"KEGVS2"	"q80"	3.305287	2	2	0	5	3	1	0.6
"1"	"KE0080340170"	"KEGVS15"	"q80"	5.4900746	2	2	0	4	2	1	0.5
"1"	"KE0080340170"	"KEGVS15"	"q95"	29.144743	2	2	0	3	1	1	0.33
"1"	"KE0080340170"	"KEGVS2"	"q75"	2.2917619	2	2	0	5	3	1	0.6
"1"	"KE0080340170"	"KEGVS2"	"q80"	3.305287	2	2	0	5	3	1	0.6
"1"	"KE0080340171"	"KEGVS15"	"q80"	5.4900746	2	2	0	4	2	1	0.5
"1"	"KE0080340171"	"KEGVS15"	"q95"	29.144743	2	2	0	3	1	1	0.33
"1"	"KE0080340171"	"KEGVS2"	"q75"	2.2917619	2	2	0	5	3	1	0.6
"1"	"KE0080340171"	"KEGVS2"	"q80"	3.305287	2	2	0	5	3	1	0.6
"1"	"KE0080360176"	"KEGVS15"	"q80"	5.4900746	2	2	0	4	2	1	0.5
"1"	"KE0080360176"	"KEGVS15"	"q95"	29.144743	2	2	0	3	1	1	0.33
"1"	"KE0080360176"	"KEGVS2"	"q75"	2.2917619	2	2	0	5	3	1	0.6
"1"	"KE0080360176"	"KEGVS2"	"q80"	3.305287	2	2	0	5	3	1	0.6
"1"	"KE0080360177"	"KEGVS15"	"q80"	5.4900746	2	2	0	4	2	1	0.5
"1"	"KE0080360177"	"KEGVS15"	"q95"	29.144743	2	2	0	3	1	1	0.33
"1"	"KE0080360177"	"KEGVS2"	"q75"	2.2917619	2	2	0	5	3	1	0.6
"1"	"KE0080360177"	"KEGVS2"	"q80"	3.305287	2	2	0	5	3	1	0.6
"1"	"KE0080360178"	"KEGVS15"	"q80"	5.4900746	2	2	0	4	2	1	0.5
"1"	"KE0080360178"	"KEGVS15"	"q95"	29.144743	2	2	0	3	1	1	0.33
"1"	"KE0080360178"	"KEGVS2"	"q75"	2.2917619	2	2	0	5	3	1	0.6
"1"	"KE0080360178"	"KEGVS2"	"q80"	3.305287	2	2	0	5	3	1	0.6
"1"	"KE0080360179"	"KEGVS15"	"q80"	5.4900746	2	2	0	4	2	1	0.5
"1"	"KE0080360179"	"KEGVS15"	"q95"	29.144743	2	2	0	3	1	1	0.33
"1"	"KE0080360179"	"KEGVS2"	"q75"	2.2917619	2	2	0	5	3	1	0.6
"1"	"KE0080360179"	"KEGVS2"	"q80"	3.305287	2	2	0	5	3	1	0.6
"1"	"KE0080360180"	"KEGVS15"	"q80"	5.4900746	2	2	0	4	2	1	0.5
"1"	"KE0080360180"	"KEGVS15"	"q95"	29.144743	2	2	0	3	1	1	0.33
"1"	"KE0080360180"	"KEGVS2"	"q75"	2.2917619	2	2	0	5	3	1	0.6
"1"	"KE0080360180"	"KEGVS2"	"q80"	3.305287	2	2	0	5	3	1	0.6
"1"	"KE0080370181"	"KEGVS15"	"q80"	5.4900746	2	2	0	14	12	1	0.86
"1"	"KE0080370181"	"KEGVS15"	"q95"	29.144743	2	2	0	8	6	1	0.75
"1"	"KE0080370181"	"KEGVS2"	"q75"	2.2917619	2	2	0	15	13	1	0.87
"1"	"KE0080370181"	"KEGVS2"	"q80"	3.305287	2	2	0	15	13	1	0.87
"1"	"KE0080370181"	"KEGVS2"	"q95"	17.05115	2	1	1	6	5	0.5	0.83
"1"	"KE0080370182"	"KEGVS15"	"q80"	5.4900746	2	2	0	14	12	1	0.86
"1"	"KE0080370182"	"KEGVS15"	"q95"	29.144743	2	2	0	8	6	1	0.75
"1"	"KE0080370182"	"KEGVS2"	"q75"	2.2917619	2	2	0	15	13	1	0.87
"1"	"KE0080370182"	"KEGVS2"	"q80"	3.305287	2	2	0	15	13	1	0.87
"1"	"KE0080370182"	"KEGVS2"	"q95"	17.05115	2	1	1	6	5	0.5	0.83
"1"	"KE0080370183"	"KEGVS15"	"q80"	5.4900746	2	2	0	14	12	1	0.86
"1"	"KE0080370183"	"KEGVS15"	"q95"	29.144743	2	2	0	8	6	1	0.75
"1"	"KE0080370183"	"KEGVS2"	"q75"	2.2917619	2	2	0	15	13	1	0.87
"1"	"KE0080370183"	"KEGVS2"	"q80"	3.305287	2	2	0	15	13	1	0.87
"1"	"KE0080370183"	"KEGVS2"	"q95"	17.05115	2	1	1	6	5	0.5	0.83
"1"	"KE0080380184"	"KEGVS15"	"q80"	5.4900746	4	4	0	18	15	1	0.83
"1"	"KE0080380184"	"KEGVS15"	"q95"	29.144743	4	3	1	12	10	0.75	0.83
"1"	"KE0080380184"	"KEGVS2"	"q75"	2.2917619	4	4	0	19	16	1	0.84
"1"	"KE0080380184"	"KEGVS2"	"q80"	3.305287	4	4	0	19	16	1	0.84
"1"	"KE0080380184"	"KEGVS2"	"q95"	17.05115	4	2	2	10	9	0.5	0.9
"1"	"KE0080380185"	"KEGVS15"	"q80"	5.4900746	4	4	0	18	15	1	0.83
"1"	"KE0080380185"	"KEGVS15"	"q95"	29.144743	4	3	1	12	10	0.75	0.83
"1"	"KE0080380185"	"KEGVS2"	"q75"	2.2917619	4	4	0	19	16	1	0.84
"1"	"KE0080380185"	"KEGVS2"	"q80"	3.305287	4	4	0	19	16	1	0.84
"1"	"KE0080380185"	"KEGVS2"	"q95"	17.05115	4	2	2	10	9	0.5	0.9
"1"	"KE0080380186"	"KEGVS15"	"q80"	5.4900746	4	4	0	18	15	1	0.83
"1"	"KE0080380186"	"KEGVS15"	"q95"	29.144743	4	3	1	12	10	0.75	0.83
"1"	"KE0080380186"	"KEGVS2"	"q75"	2.2917619	4	4	0	19	16	1	0.84
"1"	"KE0080380186"	"KEGVS2"	"q80"	3.305287	4	4	0	19	16	1	0.84
"1"	"KE0080380186"	"KEGVS2"	"q95"	17.05115	4	2	2	10	9	0.5	0.9
"1"	"KE0080380187"	"KEGVS15"	"q80"	5.4900746	4	4	0	18	15	1	0.83
"1"	"KE0080380187"	"KEGVS15"	"q95"	29.144743	4	3	1	12	10	0.75	0.83
"1"	"KE0080380187"	"KEGVS2"	"q75"	2.2917619	4	4	0	19	16	1	0.84
"1"	"KE0080380187"	"KEGVS2"	"q80"	3.305287	4	4	0	19	16	1	0.84
"1"	"KE0080380187"	"KEGVS2"	"q95"	17.05115	4	2	2	10	9	0.5	0.9
"1"	"KE0080380188"	"KEGVS15"	"q80"	5.4900746	4	4	0	18	15	1	0.83
"1"	"KE0080380188"	"KEGVS15"	"q95"	29.144743	4	3	1	12	10	0.75	0.83
"1"	"KE0080380188"	"KEGVS2"	"q75"	2.2917619	4	4	0	19	16	1	0.84
"1"	"KE0080380188"	"KEGVS2"	"q80"	3.305287	4	4	0	19	16	1	0.84
"1"	"KE0080380188"	"KEGVS2"	"q95"	17.05115	4	2	2	10	9	0.5	0.9
"1"	"KE0080380189"	"KEGVS15"	"q80"	5.4900746	4	4	0	18	15	1	0.83
"1"	"KE0080380189"	"KEGVS15"	"q95"	29.144743	4	3	1	12	10	0.75	0.83
"1"	"KE0080380189"	"KEGVS2"	"q75"	2.2917619	4	4	0	19	16	1	0.84
"1"	"KE0080380189"	"KEGVS2"	"q80"	3.305287	4	4	0	19	16	1	0.84
"1"	"KE0080380189"	"KEGVS2"	"q95"	17.05115	4	2	2	10	9	0.5	0.9
"1"	"KE0080380190"	"KEGVS15"	"q80"	5.4900746	4	4	0	18	15	1	0.83
"1"	"KE0080380190"	"KEGVS15"	"q95"	29.144743	4	3	1	12	10	0.75	0.83
"1"	"KE0080380190"	"KEGVS2"	"q75"	2.2917619	4	4	0	19	16	1	0.84
"1"	"KE0080380190"	"KEGVS2"	"q80"	3.305287	4	4	0	19	16	1	0.84
"1"	"KE0080380190"	"KEGVS2"	"q95"	17.05115	4	2	2	10	9	0.5	0.9
"1"	"KE0090390191"	"G5118"	"q50"	1.3317584	3	2	1	2	1	0.67	0.5
"1"	"KE0090390191"	"G5118"	"q75"	8.977006	3	2	1	2	1	0.67	0.5
"1"	"KE0090390191"	"G5118"	"q80"	13.114168	3	2	1	3	2	0.67	0.67
"1"	"KE0090390191"	"G5118"	"q95"	60.063694	3	2	1	1	0	0.67	0
"1"	"KE0090390191"	"KEGVS16"	"q50"	85.150764	3	3	0	2	0	1	0
"1"	"KE0090390191"	"KEGVS16"	"q75"	177.4127	3	2	1	2	1	0.67	0.5
"1"	"KE0090390191"	"KEGVS16"	"q80"	222.5526	3	2	1	2	1	0.67	0.5
"1"	"KE0090390191"	"KEGVS16"	"q95"	540.44836	3	2	1	1	0	0.67	0
"1"	"KE0090390191"	"KEGVS1"	"q95"	65.7686879999999	3	2	1	2	1	0.67	0.5
"1"	"KE0090390192"	"G5118"	"q50"	1.3317584	3	2	1	2	1	0.67	0.5
"1"	"KE0090390192"	"G5118"	"q75"	8.977006	3	2	1	2	1	0.67	0.5
"1"	"KE0090390192"	"G5118"	"q80"	13.114168	3	2	1	3	2	0.67	0.67
"1"	"KE0090390192"	"G5118"	"q95"	60.063694	3	2	1	1	0	0.67	0
"1"	"KE0090390192"	"KEGVS16"	"q50"	85.150764	3	3	0	2	0	1	0
"1"	"KE0090390192"	"KEGVS16"	"q75"	177.4127	3	2	1	2	1	0.67	0.5
"1"	"KE0090390192"	"KEGVS16"	"q80"	222.5526	3	2	1	2	1	0.67	0.5
"1"	"KE0090390192"	"KEGVS16"	"q95"	540.44836	3	2	1	1	0	0.67	0
"1"	"KE0090390192"	"KEGVS1"	"q95"	65.7686879999999	3	2	1	2	1	0.67	0.5
"1"	"KE0090390193"	"G5118"	"q50"	1.3317584	3	2	1	2	1	0.67	0.5
"1"	"KE0090390193"	"G5118"	"q75"	8.977006	3	2	1	2	1	0.67	0.5
"1"	"KE0090390193"	"G5118"	"q80"	13.114168	3	2	1	3	2	0.67	0.67
"1"	"KE0090390193"	"G5118"	"q95"	60.063694	3	2	1	1	0	0.67	0
"1"	"KE0090390193"	"KEGVS16"	"q50"	85.150764	3	3	0	2	0	1	0
"1"	"KE0090390193"	"KEGVS16"	"q75"	177.4127	3	2	1	2	1	0.67	0.5
"1"	"KE0090390193"	"KEGVS16"	"q80"	222.5526	3	2	1	2	1	0.67	0.5
"1"	"KE0090390193"	"KEGVS16"	"q95"	540.44836	3	2	1	1	0	0.67	0
"1"	"KE0090390193"	"KEGVS1"	"q95"	65.7686879999999	3	2	1	2	1	0.67	0.5
"1"	"KE0090390194"	"G5118"	"q50"	1.3317584	3	2	1	2	1	0.67	0.5
"1"	"KE0090390194"	"G5118"	"q75"	8.977006	3	2	1	2	1	0.67	0.5
"1"	"KE0090390194"	"G5118"	"q80"	13.114168	3	2	1	3	2	0.67	0.67
"1"	"KE0090390194"	"G5118"	"q95"	60.063694	3	2	1	1	0	0.67	0
"1"	"KE0090390194"	"KEGVS16"	"q50"	85.150764	3	3	0	2	0	1	0
"1"	"KE0090390194"	"KEGVS16"	"q75"	177.4127	3	2	1	2	1	0.67	0.5
"1"	"KE0090390194"	"KEGVS16"	"q80"	222.5526	3	2	1	2	1	0.67	0.5
"1"	"KE0090390194"	"KEGVS16"	"q95"	540.44836	3	2	1	1	0	0.67	0
"1"	"KE0090390194"	"KEGVS1"	"q95"	65.7686879999999	3	2	1	2	1	0.67	0.5
"1"	"KE0090390195"	"G5118"	"q50"	1.3317584	3	2	1	2	1	0.67	0.5
"1"	"KE0090390195"	"G5118"	"q75"	8.977006	3	2	1	2	1	0.67	0.5
"1"	"KE0090390195"	"G5118"	"q80"	13.114168	3	2	1	3	2	0.67	0.67
"1"	"KE0090390195"	"G5118"	"q95"	60.063694	3	2	1	1	0	0.67	0
"1"	"KE0090390195"	"KEGVS16"	"q50"	85.150764	3	3	0	2	0	1	0
"1"	"KE0090390195"	"KEGVS16"	"q75"	177.4127	3	2	1	2	1	0.67	0.5
"1"	"KE0090390195"	"KEGVS16"	"q80"	222.5526	3	2	1	2	1	0.67	0.5
"1"	"KE0090390195"	"KEGVS16"	"q95"	540.44836	3	2	1	1	0	0.67	0
"1"	"KE0090390195"	"KEGVS1"	"q95"	65.7686879999999	3	2	1	2	1	0.67	0.5
"1"	"KE0100450221"	"G5173"	"q95"	88.38189	5	2	3	3	1	0.4	0.33
"1"	"KE0100450221"	"KEGVS3"	"q75"	17.02883	5	4	1	8	4	0.8	0.5
"1"	"KE0100450221"	"KEGVS3"	"q80"	22.020576	5	4	1	7	3	0.8	0.43
"1"	"KE0100450221"	"KEGVS3"	"q95"	71.68488	5	1	4	1	0	0.2	0
"1"	"KE0100450221"	"KEGVS2"	"q95"	17.05115	5	3	2	6	3	0.6	0.5
"1"	"KE0100450222"	"G5173"	"q95"	88.38189	5	2	3	3	1	0.4	0.33
"1"	"KE0100450222"	"KEGVS3"	"q75"	17.02883	5	4	1	8	4	0.8	0.5
"1"	"KE0100450222"	"KEGVS3"	"q80"	22.020576	5	4	1	7	3	0.8	0.43
"1"	"KE0100450222"	"KEGVS3"	"q95"	71.68488	5	1	4	1	0	0.2	0
"1"	"KE0100450222"	"KEGVS2"	"q95"	17.05115	5	3	2	6	3	0.6	0.5
"1"	"KE0100450223"	"G5173"	"q95"	88.38189	5	2	3	3	1	0.4	0.33
"1"	"KE0100450223"	"KEGVS3"	"q75"	17.02883	5	4	1	8	4	0.8	0.5
"1"	"KE0100450223"	"KEGVS3"	"q80"	22.020576	5	4	1	7	3	0.8	0.43
"1"	"KE0100450223"	"KEGVS3"	"q95"	71.68488	5	1	4	1	0	0.2	0
"1"	"KE0100450223"	"KEGVS2"	"q95"	17.05115	5	3	2	6	3	0.6	0.5
"1"	"KE0100450224"	"G5173"	"q95"	88.38189	5	2	3	3	1	0.4	0.33
"1"	"KE0100450224"	"KEGVS3"	"q75"	17.02883	5	4	1	8	4	0.8	0.5
"1"	"KE0100450224"	"KEGVS3"	"q80"	22.020576	5	4	1	7	3	0.8	0.43
"1"	"KE0100450224"	"KEGVS3"	"q95"	71.68488	5	1	4	1	0	0.2	0
"1"	"KE0100450224"	"KEGVS2"	"q95"	17.05115	5	3	2	6	3	0.6	0.5
"1"	"KE0100450225"	"G5173"	"q95"	88.38189	5	2	3	3	1	0.4	0.33
"1"	"KE0100450225"	"KEGVS3"	"q75"	17.02883	5	4	1	8	4	0.8	0.5
"1"	"KE0100450225"	"KEGVS3"	"q80"	22.020576	5	4	1	7	3	0.8	0.43
"1"	"KE0100450225"	"KEGVS3"	"q95"	71.68488	5	1	4	1	0	0.2	0
"1"	"KE0100450225"	"KEGVS2"	"q95"	17.05115	5	3	2	6	3	0.6	0.5
"1"	"KE0100450226"	"G5173"	"q95"	88.38189	5	2	3	3	1	0.4	0.33
"1"	"KE0100450226"	"KEGVS3"	"q75"	17.02883	5	4	1	8	4	0.8	0.5
"1"	"KE0100450226"	"KEGVS3"	"q80"	22.020576	5	4	1	7	3	0.8	0.43
"1"	"KE0100450226"	"KEGVS3"	"q95"	71.68488	5	1	4	1	0	0.2	0
"1"	"KE0100450226"	"KEGVS2"	"q95"	17.05115	5	3	2	6	3	0.6	0.5
"1"	"KE0100450227"	"G5173"	"q95"	88.38189	5	2	3	3	1	0.4	0.33
"1"	"KE0100450227"	"KEGVS3"	"q75"	17.02883	5	4	1	8	4	0.8	0.5
"1"	"KE0100450227"	"KEGVS3"	"q80"	22.020576	5	4	1	7	3	0.8	0.43
"1"	"KE0100450227"	"KEGVS3"	"q95"	71.68488	5	1	4	1	0	0.2	0
"1"	"KE0100450227"	"KEGVS2"	"q95"	17.05115	5	3	2	6	3	0.6	0.5
"1"	"KE0100460228"	"G5173"	"q20"	0.9668737	4	4	0	3	0	1	0
"1"	"KE0100460228"	"G5173"	"q50"	3.6249752	4	4	0	6	3	1	0.5
"1"	"KE0100460228"	"G5173"	"q75"	13.283392	4	4	0	7	4	1	0.57
"1"	"KE0100460228"	"G5173"	"q80"	17.629416	4	4	0	7	4	1	0.57
"1"	"KE0100460228"	"G5173"	"q95"	88.38189	4	1	3	3	2	0.25	0.67
"1"	"KE0100460228"	"KEGVS3"	"q50"	6.2720103	4	4	0	6	3	1	0.5
"1"	"KE0100460228"	"KEGVS3"	"q75"	17.02883	4	2	2	5	3	0.5	0.6
"1"	"KE0100460228"	"KEGVS3"	"q80"	22.020576	4	2	2	5	3	0.5	0.6
"1"	"KE0100460228"	"KEGVS2"	"q20"	0.0001509053	4	4	0	3	0	1	0
"1"	"KE0100460228"	"KEGVS2"	"q50"	0.35682604	4	4	0	6	3	1	0.5
"1"	"KE0100460228"	"KEGVS2"	"q75"	2.2917619	4	4	0	7	4	1	0.57
"1"	"KE0100460228"	"KEGVS2"	"q80"	3.305287	4	4	0	7	4	1	0.57
"1"	"KE0100460228"	"KEGVS2"	"q95"	17.05115	4	1	3	5	4	0.25	0.8
"1"	"KE0100460229"	"G5173"	"q20"	0.9668737	4	4	0	3	0	1	0
"1"	"KE0100460229"	"G5173"	"q50"	3.6249752	4	4	0	6	3	1	0.5
"1"	"KE0100460229"	"G5173"	"q75"	13.283392	4	4	0	7	4	1	0.57
"1"	"KE0100460229"	"G5173"	"q80"	17.629416	4	4	0	7	4	1	0.57
"1"	"KE0100460229"	"G5173"	"q95"	88.38189	4	1	3	3	2	0.25	0.67
"1"	"KE0100460229"	"KEGVS3"	"q50"	6.2720103	4	4	0	6	3	1	0.5
"1"	"KE0100460229"	"KEGVS3"	"q75"	17.02883	4	2	2	5	3	0.5	0.6
"1"	"KE0100460229"	"KEGVS3"	"q80"	22.020576	4	2	2	5	3	0.5	0.6
"1"	"KE0100460229"	"KEGVS2"	"q20"	0.0001509053	4	4	0	3	0	1	0
"1"	"KE0100460229"	"KEGVS2"	"q50"	0.35682604	4	4	0	6	3	1	0.5
"1"	"KE0100460229"	"KEGVS2"	"q75"	2.2917619	4	4	0	7	4	1	0.57
"1"	"KE0100460229"	"KEGVS2"	"q80"	3.305287	4	4	0	7	4	1	0.57
"1"	"KE0100460229"	"KEGVS2"	"q95"	17.05115	4	1	3	5	4	0.25	0.8
"1"	"KE0100460230"	"G5173"	"q20"	0.9668737	4	4	0	3	0	1	0
"1"	"KE0100460230"	"G5173"	"q50"	3.6249752	4	4	0	6	3	1	0.5
"1"	"KE0100460230"	"G5173"	"q75"	13.283392	4	4	0	7	4	1	0.57
"1"	"KE0100460230"	"G5173"	"q80"	17.629416	4	4	0	7	4	1	0.57
"1"	"KE0100460230"	"G5173"	"q95"	88.38189	4	1	3	3	2	0.25	0.67
"1"	"KE0100460230"	"KEGVS3"	"q50"	6.2720103	4	4	0	6	3	1	0.5
"1"	"KE0100460230"	"KEGVS3"	"q75"	17.02883	4	2	2	5	3	0.5	0.6
"1"	"KE0100460230"	"KEGVS3"	"q80"	22.020576	4	2	2	5	3	0.5	0.6
"1"	"KE0100460230"	"KEGVS2"	"q20"	0.0001509053	4	4	0	3	0	1	0
"1"	"KE0100460230"	"KEGVS2"	"q50"	0.35682604	4	4	0	6	3	1	0.5
"1"	"KE0100460230"	"KEGVS2"	"q75"	2.2917619	4	4	0	7	4	1	0.57
"1"	"KE0100460230"	"KEGVS2"	"q80"	3.305287	4	4	0	7	4	1	0.57
"1"	"KE0100460230"	"KEGVS2"	"q95"	17.05115	4	1	3	5	4	0.25	0.8
"1"	"KE0100460231"	"G5173"	"q20"	0.9668737	4	4	0	3	0	1	0
"1"	"KE0100460231"	"G5173"	"q50"	3.6249752	4	4	0	6	3	1	0.5
"1"	"KE0100460231"	"G5173"	"q75"	13.283392	4	4	0	7	4	1	0.57
"1"	"KE0100460231"	"G5173"	"q80"	17.629416	4	4	0	7	4	1	0.57
"1"	"KE0100460231"	"G5173"	"q95"	88.38189	4	1	3	3	2	0.25	0.67
"1"	"KE0100460231"	"KEGVS3"	"q50"	6.2720103	4	4	0	6	3	1	0.5
"1"	"KE0100460231"	"KEGVS3"	"q75"	17.02883	4	2	2	5	3	0.5	0.6
"1"	"KE0100460231"	"KEGVS3"	"q80"	22.020576	4	2	2	5	3	0.5	0.6
"1"	"KE0100460231"	"KEGVS2"	"q20"	0.0001509053	4	4	0	3	0	1	0
"1"	"KE0100460231"	"KEGVS2"	"q50"	0.35682604	4	4	0	6	3	1	0.5
"1"	"KE0100460231"	"KEGVS2"	"q75"	2.2917619	4	4	0	7	4	1	0.57
"1"	"KE0100460231"	"KEGVS2"	"q80"	3.305287	4	4	0	7	4	1	0.57
"1"	"KE0100460231"	"KEGVS2"	"q95"	17.05115	4	1	3	5	4	0.25	0.8
"1"	"KE0100460232"	"G5173"	"q20"	0.9668737	4	4	0	3	0	1	0
"1"	"KE0100460232"	"G5173"	"q50"	3.6249752	4	4	0	6	3	1	0.5
"1"	"KE0100460232"	"G5173"	"q75"	13.283392	4	4	0	7	4	1	0.57
"1"	"KE0100460232"	"G5173"	"q80"	17.629416	4	4	0	7	4	1	0.57
"1"	"KE0100460232"	"G5173"	"q95"	88.38189	4	1	3	3	2	0.25	0.67
"1"	"KE0100460232"	"KEGVS3"	"q50"	6.2720103	4	4	0	6	3	1	0.5
"1"	"KE0100460232"	"KEGVS3"	"q75"	17.02883	4	2	2	5	3	0.5	0.6
"1"	"KE0100460232"	"KEGVS3"	"q80"	22.020576	4	2	2	5	3	0.5	0.6
"1"	"KE0100460232"	"KEGVS2"	"q20"	0.0001509053	4	4	0	3	0	1	0
"1"	"KE0100460232"	"KEGVS2"	"q50"	0.35682604	4	4	0	6	3	1	0.5
"1"	"KE0100460232"	"KEGVS2"	"q75"	2.2917619	4	4	0	7	4	1	0.57
"1"	"KE0100460232"	"KEGVS2"	"q80"	3.305287	4	4	0	7	4	1	0.57
"1"	"KE0100460232"	"KEGVS2"	"q95"	17.05115	4	1	3	5	4	0.25	0.8
"1"	"KE0100480236"	"G5173"	"q75"	13.283392	6	4	2	12	9	0.67	0.75
"1"	"KE0100480236"	"G5173"	"q80"	17.629416	6	4	2	14	11	0.67	0.79
"1"	"KE0100480236"	"G5173"	"q95"	88.38189	6	3	3	5	2	0.5	0.4
"1"	"KE0100480236"	"KEGVS3"	"q50"	6.2720103	6	4	2	7	4	0.67	0.57
"1"	"KE0100480236"	"KEGVS3"	"q75"	17.02883	6	3	3	9	7	0.5	0.78
"1"	"KE0100480236"	"KEGVS3"	"q80"	22.020576	6	3	3	8	6	0.5	0.75
"1"	"KE0100480236"	"KEGVS3"	"q95"	71.68488	6	2	4	4	2	0.33	0.5
"1"	"KE0100480236"	"KEGVS2"	"q50"	0.35682604	6	6	0	11	8	1	0.73
"1"	"KE0100480236"	"KEGVS2"	"q75"	2.2917619	6	3	3	13	11	0.5	0.85
"1"	"KE0100480236"	"KEGVS2"	"q80"	3.305287	6	2	4	12	11	0.33	0.92
"1"	"KE0100480236"	"KEGVS2"	"q95"	17.05115	6	2	4	6	5	0.33	0.83
"1"	"KE0100480237"	"G5173"	"q75"	13.283392	6	4	2	12	9	0.67	0.75
"1"	"KE0100480237"	"G5173"	"q80"	17.629416	6	4	2	14	11	0.67	0.79
"1"	"KE0100480237"	"G5173"	"q95"	88.38189	6	3	3	5	2	0.5	0.4
"1"	"KE0100480237"	"KEGVS3"	"q50"	6.2720103	6	4	2	7	4	0.67	0.57
"1"	"KE0100480237"	"KEGVS3"	"q75"	17.02883	6	3	3	9	7	0.5	0.78
"1"	"KE0100480237"	"KEGVS3"	"q80"	22.020576	6	3	3	8	6	0.5	0.75
"1"	"KE0100480237"	"KEGVS3"	"q95"	71.68488	6	2	4	4	2	0.33	0.5
"1"	"KE0100480237"	"KEGVS2"	"q50"	0.35682604	6	6	0	11	8	1	0.73
"1"	"KE0100480237"	"KEGVS2"	"q75"	2.2917619	6	3	3	13	11	0.5	0.85
"1"	"KE0100480237"	"KEGVS2"	"q80"	3.305287	6	2	4	12	11	0.33	0.92
"1"	"KE0100480237"	"KEGVS2"	"q95"	17.05115	6	2	4	6	5	0.33	0.83
"1"	"KE0100480238"	"G5173"	"q75"	13.283392	6	4	2	12	9	0.67	0.75
"1"	"KE0100480238"	"G5173"	"q80"	17.629416	6	4	2	14	11	0.67	0.79
"1"	"KE0100480238"	"G5173"	"q95"	88.38189	6	3	3	5	2	0.5	0.4
"1"	"KE0100480238"	"KEGVS3"	"q50"	6.2720103	6	4	2	7	4	0.67	0.57
"1"	"KE0100480238"	"KEGVS3"	"q75"	17.02883	6	3	3	9	7	0.5	0.78
"1"	"KE0100480238"	"KEGVS3"	"q80"	22.020576	6	3	3	8	6	0.5	0.75
"1"	"KE0100480238"	"KEGVS3"	"q95"	71.68488	6	2	4	4	2	0.33	0.5
"1"	"KE0100480238"	"KEGVS2"	"q50"	0.35682604	6	6	0	11	8	1	0.73
"1"	"KE0100480238"	"KEGVS2"	"q75"	2.2917619	6	3	3	13	11	0.5	0.85
"1"	"KE0100480238"	"KEGVS2"	"q80"	3.305287	6	2	4	12	11	0.33	0.92
"1"	"KE0100480238"	"KEGVS2"	"q95"	17.05115	6	2	4	6	5	0.33	0.83
"1"	"KE0100480239"	"G5173"	"q75"	13.283392	6	4	2	12	9	0.67	0.75
"1"	"KE0100480239"	"G5173"	"q80"	17.629416	6	4	2	14	11	0.67	0.79
"1"	"KE0100480239"	"G5173"	"q95"	88.38189	6	3	3	5	2	0.5	0.4
"1"	"KE0100480239"	"KEGVS3"	"q50"	6.2720103	6	4	2	7	4	0.67	0.57
"1"	"KE0100480239"	"KEGVS3"	"q75"	17.02883	6	3	3	9	7	0.5	0.78
"1"	"KE0100480239"	"KEGVS3"	"q80"	22.020576	6	3	3	8	6	0.5	0.75
"1"	"KE0100480239"	"KEGVS3"	"q95"	71.68488	6	2	4	4	2	0.33	0.5
"1"	"KE0100480239"	"KEGVS2"	"q50"	0.35682604	6	6	0	11	8	1	0.73
"1"	"KE0100480239"	"KEGVS2"	"q75"	2.2917619	6	3	3	13	11	0.5	0.85
"1"	"KE0100480239"	"KEGVS2"	"q80"	3.305287	6	2	4	12	11	0.33	0.92
"1"	"KE0100480239"	"KEGVS2"	"q95"	17.05115	6	2	4	6	5	0.33	0.83
"1"	"KE0100480240"	"G5173"	"q75"	13.283392	6	4	2	12	9	0.67	0.75
"1"	"KE0100480240"	"G5173"	"q80"	17.629416	6	4	2	14	11	0.67	0.79
"1"	"KE0100480240"	"G5173"	"q95"	88.38189	6	3	3	5	2	0.5	0.4
"1"	"KE0100480240"	"KEGVS3"	"q50"	6.2720103	6	4	2	7	4	0.67	0.57
"1"	"KE0100480240"	"KEGVS3"	"q75"	17.02883	6	3	3	9	7	0.5	0.78
"1"	"KE0100480240"	"KEGVS3"	"q80"	22.020576	6	3	3	8	6	0.5	0.75
"1"	"KE0100480240"	"KEGVS3"	"q95"	71.68488	6	2	4	4	2	0.33	0.5
"1"	"KE0100480240"	"KEGVS2"	"q50"	0.35682604	6	6	0	11	8	1	0.73
"1"	"KE0100480240"	"KEGVS2"	"q75"	2.2917619	6	3	3	13	11	0.5	0.85
"1"	"KE0100480240"	"KEGVS2"	"q80"	3.305287	6	2	4	12	11	0.33	0.92
"1"	"KE0100480240"	"KEGVS2"	"q95"	17.05115	6	2	4	6	5	0.33	0.83
"1"	"KE0110490241"	"KEGVS21"	"q50"	66.117905	9	9	0	23	19	1	0.83
"1"	"KE0110490241"	"KEGVS21"	"q75"	131.87871	9	8	1	21	18	0.89	0.86
"1"	"KE0110490241"	"KEGVS21"	"q80"	156.40506	9	4	5	17	15	0.44	0.88
"1"	"KE0110490241"	"KEGVS3"	"q75"	17.02883	9	9	0	19	14	1	0.74
"1"	"KE0110490241"	"KEGVS3"	"q80"	22.020576	9	8	1	18	14	0.89	0.78
"1"	"KE0110490241"	"KEGVS3"	"q95"	71.68488	9	4	5	5	4	0.44	0.8
"1"	"KE0110490241"	"G5208"	"q50"	0.00011580552	9	9	0	14	10	1	0.71
"1"	"KE0110490241"	"G5208"	"q75"	9.356387	9	8	1	17	14	0.89	0.82
"1"	"KE0110490241"	"G5208"	"q80"	14.384909	9	7	2	18	14	0.78	0.78
"1"	"KE0110490241"	"G5208"	"q95"	71.198235	9	4	5	18	16	0.44	0.89
"1"	"KE0110490241"	"KEGVS2"	"q50"	0.35682604	9	9	0	21	17	1	0.81
"1"	"KE0110490241"	"KEGVS2"	"q75"	2.2917619	9	9	0	22	18	1	0.82
"1"	"KE0110490241"	"KEGVS2"	"q80"	3.305287	9	9	0	22	18	1	0.82
"1"	"KE0110490241"	"KEGVS2"	"q95"	17.05115	9	4	5	10	8	0.44	0.8
"1"	"KE0110490242"	"KEGVS21"	"q50"	66.117905	9	9	0	23	19	1	0.83
"1"	"KE0110490242"	"KEGVS21"	"q75"	131.87871	9	8	1	21	18	0.89	0.86
"1"	"KE0110490242"	"KEGVS21"	"q80"	156.40506	9	4	5	17	15	0.44	0.88
"1"	"KE0110490242"	"KEGVS3"	"q75"	17.02883	9	9	0	19	14	1	0.74
"1"	"KE0110490242"	"KEGVS3"	"q80"	22.020576	9	8	1	18	14	0.89	0.78
"1"	"KE0110490242"	"KEGVS3"	"q95"	71.68488	9	4	5	5	4	0.44	0.8
"1"	"KE0110490242"	"G5208"	"q50"	0.00011580552	9	9	0	14	10	1	0.71
"1"	"KE0110490242"	"G5208"	"q75"	9.356387	9	8	1	17	14	0.89	0.82
"1"	"KE0110490242"	"G5208"	"q80"	14.384909	9	7	2	18	14	0.78	0.78
"1"	"KE0110490242"	"G5208"	"q95"	71.198235	9	4	5	18	16	0.44	0.89
"1"	"KE0110490242"	"KEGVS2"	"q50"	0.35682604	9	9	0	21	17	1	0.81
"1"	"KE0110490242"	"KEGVS2"	"q75"	2.2917619	9	9	0	22	18	1	0.82
"1"	"KE0110490242"	"KEGVS2"	"q80"	3.305287	9	9	0	22	18	1	0.82
"1"	"KE0110490242"	"KEGVS2"	"q95"	17.05115	9	4	5	10	8	0.44	0.8
"1"	"KE0110490243"	"KEGVS21"	"q50"	66.117905	9	9	0	23	19	1	0.83
"1"	"KE0110490243"	"KEGVS21"	"q75"	131.87871	9	8	1	21	18	0.89	0.86
"1"	"KE0110490243"	"KEGVS21"	"q80"	156.40506	9	4	5	17	15	0.44	0.88
"1"	"KE0110490243"	"KEGVS3"	"q75"	17.02883	9	9	0	19	14	1	0.74
"1"	"KE0110490243"	"KEGVS3"	"q80"	22.020576	9	8	1	18	14	0.89	0.78
"1"	"KE0110490243"	"KEGVS3"	"q95"	71.68488	9	4	5	5	4	0.44	0.8
"1"	"KE0110490243"	"G5208"	"q50"	0.00011580552	9	9	0	14	10	1	0.71
"1"	"KE0110490243"	"G5208"	"q75"	9.356387	9	8	1	17	14	0.89	0.82
"1"	"KE0110490243"	"G5208"	"q80"	14.384909	9	7	2	18	14	0.78	0.78
"1"	"KE0110490243"	"G5208"	"q95"	71.198235	9	4	5	18	16	0.44	0.89
"1"	"KE0110490243"	"KEGVS2"	"q50"	0.35682604	9	9	0	21	17	1	0.81
"1"	"KE0110490243"	"KEGVS2"	"q75"	2.2917619	9	9	0	22	18	1	0.82
"1"	"KE0110490243"	"KEGVS2"	"q80"	3.305287	9	9	0	22	18	1	0.82
"1"	"KE0110490243"	"KEGVS2"	"q95"	17.05115	9	4	5	10	8	0.44	0.8
"1"	"KE0110490244"	"KEGVS21"	"q50"	66.117905	9	9	0	23	19	1	0.83
"1"	"KE0110490244"	"KEGVS21"	"q75"	131.87871	9	8	1	21	18	0.89	0.86
"1"	"KE0110490244"	"KEGVS21"	"q80"	156.40506	9	4	5	17	15	0.44	0.88
"1"	"KE0110490244"	"KEGVS3"	"q75"	17.02883	9	9	0	19	14	1	0.74
"1"	"KE0110490244"	"KEGVS3"	"q80"	22.020576	9	8	1	18	14	0.89	0.78
"1"	"KE0110490244"	"KEGVS3"	"q95"	71.68488	9	4	5	5	4	0.44	0.8
"1"	"KE0110490244"	"G5208"	"q50"	0.00011580552	9	9	0	14	10	1	0.71
"1"	"KE0110490244"	"G5208"	"q75"	9.356387	9	8	1	17	14	0.89	0.82
"1"	"KE0110490244"	"G5208"	"q80"	14.384909	9	7	2	18	14	0.78	0.78
"1"	"KE0110490244"	"G5208"	"q95"	71.198235	9	4	5	18	16	0.44	0.89
"1"	"KE0110490244"	"KEGVS2"	"q50"	0.35682604	9	9	0	21	17	1	0.81
"1"	"KE0110490244"	"KEGVS2"	"q75"	2.2917619	9	9	0	22	18	1	0.82
"1"	"KE0110490244"	"KEGVS2"	"q80"	3.305287	9	9	0	22	18	1	0.82
"1"	"KE0110490244"	"KEGVS2"	"q95"	17.05115	9	4	5	10	8	0.44	0.8
"1"	"KE0110490245"	"KEGVS21"	"q50"	66.117905	9	9	0	23	19	1	0.83
"1"	"KE0110490245"	"KEGVS21"	"q75"	131.87871	9	8	1	21	18	0.89	0.86
"1"	"KE0110490245"	"KEGVS21"	"q80"	156.40506	9	4	5	17	15	0.44	0.88
"1"	"KE0110490245"	"KEGVS3"	"q75"	17.02883	9	9	0	19	14	1	0.74
"1"	"KE0110490245"	"KEGVS3"	"q80"	22.020576	9	8	1	18	14	0.89	0.78
"1"	"KE0110490245"	"KEGVS3"	"q95"	71.68488	9	4	5	5	4	0.44	0.8
"1"	"KE0110490245"	"G5208"	"q50"	0.00011580552	9	9	0	14	10	1	0.71
"1"	"KE0110490245"	"G5208"	"q75"	9.356387	9	8	1	17	14	0.89	0.82
"1"	"KE0110490245"	"G5208"	"q80"	14.384909	9	7	2	18	14	0.78	0.78
"1"	"KE0110490245"	"G5208"	"q95"	71.198235	9	4	5	18	16	0.44	0.89
"1"	"KE0110490245"	"KEGVS2"	"q50"	0.35682604	9	9	0	21	17	1	0.81
"1"	"KE0110490245"	"KEGVS2"	"q75"	2.2917619	9	9	0	22	18	1	0.82
"1"	"KE0110490245"	"KEGVS2"	"q80"	3.305287	9	9	0	22	18	1	0.82
"1"	"KE0110490245"	"KEGVS2"	"q95"	17.05115	9	4	5	10	8	0.44	0.8
"1"	"KE0110490246"	"KEGVS21"	"q50"	66.117905	9	9	0	23	19	1	0.83
"1"	"KE0110490246"	"KEGVS21"	"q75"	131.87871	9	8	1	21	18	0.89	0.86
"1"	"KE0110490246"	"KEGVS21"	"q80"	156.40506	9	4	5	17	15	0.44	0.88
"1"	"KE0110490246"	"KEGVS3"	"q75"	17.02883	9	9	0	19	14	1	0.74
"1"	"KE0110490246"	"KEGVS3"	"q80"	22.020576	9	8	1	18	14	0.89	0.78
"1"	"KE0110490246"	"KEGVS3"	"q95"	71.68488	9	4	5	5	4	0.44	0.8
"1"	"KE0110490246"	"G5208"	"q50"	0.00011580552	9	9	0	14	10	1	0.71
"1"	"KE0110490246"	"G5208"	"q75"	9.356387	9	8	1	17	14	0.89	0.82
"1"	"KE0110490246"	"G5208"	"q80"	14.384909	9	7	2	18	14	0.78	0.78
"1"	"KE0110490246"	"G5208"	"q95"	71.198235	9	4	5	18	16	0.44	0.89
"1"	"KE0110490246"	"KEGVS2"	"q50"	0.35682604	9	9	0	21	17	1	0.81
"1"	"KE0110490246"	"KEGVS2"	"q75"	2.2917619	9	9	0	22	18	1	0.82
"1"	"KE0110490246"	"KEGVS2"	"q80"	3.305287	9	9	0	22	18	1	0.82
"1"	"KE0110490246"	"KEGVS2"	"q95"	17.05115	9	4	5	10	8	0.44	0.8
"1"	"KE0110490247"	"KEGVS21"	"q50"	66.117905	9	9	0	23	19	1	0.83
"1"	"KE0110490247"	"KEGVS21"	"q75"	131.87871	9	8	1	21	18	0.89	0.86
"1"	"KE0110490247"	"KEGVS21"	"q80"	156.40506	9	4	5	17	15	0.44	0.88
"1"	"KE0110490247"	"KEGVS3"	"q75"	17.02883	9	9	0	19	14	1	0.74
"1"	"KE0110490247"	"KEGVS3"	"q80"	22.020576	9	8	1	18	14	0.89	0.78
"1"	"KE0110490247"	"KEGVS3"	"q95"	71.68488	9	4	5	5	4	0.44	0.8
"1"	"KE0110490247"	"G5208"	"q50"	0.00011580552	9	9	0	14	10	1	0.71
"1"	"KE0110490247"	"G5208"	"q75"	9.356387	9	8	1	17	14	0.89	0.82
"1"	"KE0110490247"	"G5208"	"q80"	14.384909	9	7	2	18	14	0.78	0.78
"1"	"KE0110490247"	"G5208"	"q95"	71.198235	9	4	5	18	16	0.44	0.89
"1"	"KE0110490247"	"KEGVS2"	"q50"	0.35682604	9	9	0	21	17	1	0.81
"1"	"KE0110490247"	"KEGVS2"	"q75"	2.2917619	9	9	0	22	18	1	0.82
"1"	"KE0110490247"	"KEGVS2"	"q80"	3.305287	9	9	0	22	18	1	0.82
"1"	"KE0110490247"	"KEGVS2"	"q95"	17.05115	9	4	5	10	8	0.44	0.8
"1"	"KE0110500248"	"KEGVS21"	"q50"	66.117905	6	6	0	18	14	1	0.78
"1"	"KE0110500248"	"KEGVS21"	"q75"	131.87871	6	5	1	17	14	0.83	0.82
"1"	"KE0110500248"	"KEGVS21"	"q80"	156.40506	6	3	3	14	12	0.5	0.86
"1"	"KE0110500248"	"KEGVS3"	"q75"	17.02883	6	6	0	16	12	1	0.75
"1"	"KE0110500248"	"KEGVS3"	"q80"	22.020576	6	5	1	15	12	0.83	0.8
"1"	"KE0110500248"	"KEGVS3"	"q95"	71.68488	6	4	2	5	3	0.67	0.6
"1"	"KE0110500248"	"G5208"	"q50"	0.00011580552	6	6	0	11	7	1	0.64
"1"	"KE0110500248"	"G5208"	"q75"	9.356387	6	6	0	13	9	1	0.69
"1"	"KE0110500248"	"G5208"	"q80"	14.384909	6	4	2	14	11	0.67	0.79
"1"	"KE0110500248"	"G5208"	"q95"	71.198235	6	3	3	14	12	0.5	0.86
"1"	"KE0110500248"	"KEGVS2"	"q50"	0.35682604	6	6	0	17	13	1	0.76
"1"	"KE0110500248"	"KEGVS2"	"q75"	2.2917619	6	6	0	18	14	1	0.78
"1"	"KE0110500248"	"KEGVS2"	"q80"	3.305287	6	5	1	18	15	0.83	0.83
"1"	"KE0110500248"	"KEGVS2"	"q95"	17.05115	6	3	3	6	4	0.5	0.67
"1"	"KE0110500249"	"KEGVS21"	"q50"	66.117905	6	6	0	18	14	1	0.78
"1"	"KE0110500249"	"KEGVS21"	"q75"	131.87871	6	5	1	17	14	0.83	0.82
"1"	"KE0110500249"	"KEGVS21"	"q80"	156.40506	6	3	3	14	12	0.5	0.86
"1"	"KE0110500249"	"KEGVS3"	"q75"	17.02883	6	6	0	16	12	1	0.75
"1"	"KE0110500249"	"KEGVS3"	"q80"	22.020576	6	5	1	15	12	0.83	0.8
"1"	"KE0110500249"	"KEGVS3"	"q95"	71.68488	6	4	2	5	3	0.67	0.6
"1"	"KE0110500249"	"G5208"	"q50"	0.00011580552	6	6	0	11	7	1	0.64
"1"	"KE0110500249"	"G5208"	"q75"	9.356387	6	6	0	13	9	1	0.69
"1"	"KE0110500249"	"G5208"	"q80"	14.384909	6	4	2	14	11	0.67	0.79
"1"	"KE0110500249"	"G5208"	"q95"	71.198235	6	3	3	14	12	0.5	0.86
"1"	"KE0110500249"	"KEGVS2"	"q50"	0.35682604	6	6	0	17	13	1	0.76
"1"	"KE0110500249"	"KEGVS2"	"q75"	2.2917619	6	6	0	18	14	1	0.78
"1"	"KE0110500249"	"KEGVS2"	"q80"	3.305287	6	5	1	18	15	0.83	0.83
"1"	"KE0110500249"	"KEGVS2"	"q95"	17.05115	6	3	3	6	4	0.5	0.67
"1"	"KE0110500250"	"KEGVS21"	"q50"	66.117905	6	6	0	18	14	1	0.78
"1"	"KE0110500250"	"KEGVS21"	"q75"	131.87871	6	5	1	17	14	0.83	0.82
"1"	"KE0110500250"	"KEGVS21"	"q80"	156.40506	6	3	3	14	12	0.5	0.86
"1"	"KE0110500250"	"KEGVS3"	"q75"	17.02883	6	6	0	16	12	1	0.75
"1"	"KE0110500250"	"KEGVS3"	"q80"	22.020576	6	5	1	15	12	0.83	0.8
"1"	"KE0110500250"	"KEGVS3"	"q95"	71.68488	6	4	2	5	3	0.67	0.6
"1"	"KE0110500250"	"G5208"	"q50"	0.00011580552	6	6	0	11	7	1	0.64
"1"	"KE0110500250"	"G5208"	"q75"	9.356387	6	6	0	13	9	1	0.69
"1"	"KE0110500250"	"G5208"	"q80"	14.384909	6	4	2	14	11	0.67	0.79
"1"	"KE0110500250"	"G5208"	"q95"	71.198235	6	3	3	14	12	0.5	0.86
"1"	"KE0110500250"	"KEGVS2"	"q50"	0.35682604	6	6	0	17	13	1	0.76
"1"	"KE0110500250"	"KEGVS2"	"q75"	2.2917619	6	6	0	18	14	1	0.78
"1"	"KE0110500250"	"KEGVS2"	"q80"	3.305287	6	5	1	18	15	0.83	0.83
"1"	"KE0110500250"	"KEGVS2"	"q95"	17.05115	6	3	3	6	4	0.5	0.67
"1"	"KE0140650323"	"G5299"	"q5"	10.886908	3	3	0	1	0	1	0
"1"	"KE0140650323"	"G5299"	"q10"	13.337937	3	3	0	1	0	1	0
"1"	"KE0140650323"	"G5299"	"q20"	18.024998	3	3	0	1	0	1	0
"1"	"KE0140650323"	"G5299"	"q50"	34.29773	3	3	0	1	0	1	0
"1"	"KE0140650323"	"G5299"	"q75"	66.33358	3	2	1	1	0	0.67	0
"1"	"KE0140650323"	"G5299"	"q80"	76.826096	3	2	1	1	0	0.67	0
"1"	"KE0140650323"	"G5299"	"q95"	169.19077	3	2	1	1	0	0.67	0
"1"	"KE0140650324"	"G5299"	"q5"	10.886908	3	3	0	1	0	1	0
"1"	"KE0140650324"	"G5299"	"q10"	13.337937	3	3	0	1	0	1	0
"1"	"KE0140650324"	"G5299"	"q20"	18.024998	3	3	0	1	0	1	0
"1"	"KE0140650324"	"G5299"	"q50"	34.29773	3	3	0	1	0	1	0
"1"	"KE0140650324"	"G5299"	"q75"	66.33358	3	2	1	1	0	0.67	0
"1"	"KE0140650324"	"G5299"	"q80"	76.826096	3	2	1	1	0	0.67	0
"1"	"KE0140650324"	"G5299"	"q95"	169.19077	3	2	1	1	0	0.67	0
"1"	"KE0140650325"	"G5299"	"q5"	10.886908	3	3	0	1	0	1	0
"1"	"KE0140650325"	"G5299"	"q10"	13.337937	3	3	0	1	0	1	0
"1"	"KE0140650325"	"G5299"	"q20"	18.024998	3	3	0	1	0	1	0
"1"	"KE0140650325"	"G5299"	"q50"	34.29773	3	3	0	1	0	1	0
"1"	"KE0140650325"	"G5299"	"q75"	66.33358	3	2	1	1	0	0.67	0
"1"	"KE0140650325"	"G5299"	"q80"	76.826096	3	2	1	1	0	0.67	0
"1"	"KE0140650325"	"G5299"	"q95"	169.19077	3	2	1	1	0	0.67	0
"1"	"KE0140650326"	"G5299"	"q5"	10.886908	3	3	0	1	0	1	0
"1"	"KE0140650326"	"G5299"	"q10"	13.337937	3	3	0	1	0	1	0
"1"	"KE0140650326"	"G5299"	"q20"	18.024998	3	3	0	1	0	1	0
"1"	"KE0140650326"	"G5299"	"q50"	34.29773	3	3	0	1	0	1	0
"1"	"KE0140650326"	"G5299"	"q75"	66.33358	3	2	1	1	0	0.67	0
"1"	"KE0140650326"	"G5299"	"q80"	76.826096	3	2	1	1	0	0.67	0
"1"	"KE0140650326"	"G5299"	"q95"	169.19077	3	2	1	1	0	0.67	0
"1"	"KE0140650327"	"G5299"	"q5"	10.886908	3	3	0	1	0	1	0
"1"	"KE0140650327"	"G5299"	"q10"	13.337937	3	3	0	1	0	1	0
"1"	"KE0140650327"	"G5299"	"q20"	18.024998	3	3	0	1	0	1	0
"1"	"KE0140650327"	"G5299"	"q50"	34.29773	3	3	0	1	0	1	0
"1"	"KE0140650327"	"G5299"	"q75"	66.33358	3	2	1	1	0	0.67	0
"1"	"KE0140650327"	"G5299"	"q80"	76.826096	3	2	1	1	0	0.67	0
"1"	"KE0140650327"	"G5299"	"q95"	169.19077	3	2	1	1	0	0.67	0
"1"	"KE0150710350"	"KEGVS23"	"q95"	50.864777	4	3	1	3	1	0.75	0.33
"1"	"KE0150710350"	"KEGVS9"	"q95"	26.7433036	4	1	3	3	2	0.25	0.67
"1"	"KE0150710351"	"KEGVS23"	"q95"	50.864777	4	3	1	3	1	0.75	0.33
"1"	"KE0150710351"	"KEGVS9"	"q95"	26.7433036	4	1	3	3	2	0.25	0.67
"1"	"KE0150710352"	"KEGVS23"	"q95"	50.864777	4	3	1	3	1	0.75	0.33
"1"	"KE0150710352"	"KEGVS9"	"q95"	26.7433036	4	1	3	3	2	0.25	0.67
"1"	"KE0150710353"	"KEGVS23"	"q95"	50.864777	4	3	1	3	1	0.75	0.33
"1"	"KE0150710353"	"KEGVS9"	"q95"	26.7433036	4	1	3	3	2	0.25	0.67
"1"	"KE0150740365"	"G5118"	"q75"	8.977006	2	2	0	14	12	1	0.86
"1"	"KE0150740365"	"G5118"	"q80"	13.114168	2	2	0	16	14	1	0.88
"1"	"KE0150740365"	"KEGVS23"	"q75"	7.6724086	2	2	0	16	14	1	0.88
"1"	"KE0150740365"	"KEGVS23"	"q80"	10.701686	2	2	0	18	16	1	0.89
"1"	"KE0150740365"	"KEGVS9"	"q75"	5.126629	2	2	0	16	14	1	0.88
"1"	"KE0150740365"	"KEGVS9"	"q80"	6.093592	2	2	0	16	14	1	0.88
"1"	"KE0150740366"	"G5118"	"q75"	8.977006	2	2	0	14	12	1	0.86
"1"	"KE0150740366"	"G5118"	"q80"	13.114168	2	2	0	16	14	1	0.88
"1"	"KE0150740366"	"KEGVS23"	"q75"	7.6724086	2	2	0	16	14	1	0.88
"1"	"KE0150740366"	"KEGVS23"	"q80"	10.701686	2	2	0	18	16	1	0.89
"1"	"KE0150740366"	"KEGVS9"	"q75"	5.126629	2	2	0	16	14	1	0.88
"1"	"KE0150740366"	"KEGVS9"	"q80"	6.093592	2	2	0	16	14	1	0.88
"1"	"KE0150740367"	"G5118"	"q75"	8.977006	2	2	0	14	12	1	0.86
"1"	"KE0150740367"	"G5118"	"q80"	13.114168	2	2	0	16	14	1	0.88
"1"	"KE0150740367"	"KEGVS23"	"q75"	7.6724086	2	2	0	16	14	1	0.88
"1"	"KE0150740367"	"KEGVS23"	"q80"	10.701686	2	2	0	18	16	1	0.89
"1"	"KE0150740367"	"KEGVS9"	"q75"	5.126629	2	2	0	16	14	1	0.88
"1"	"KE0150740367"	"KEGVS9"	"q80"	6.093592	2	2	0	16	14	1	0.88
"1"	"KE0150740368"	"G5118"	"q75"	8.977006	2	2	0	14	12	1	0.86
"1"	"KE0150740368"	"G5118"	"q80"	13.114168	2	2	0	16	14	1	0.88
"1"	"KE0150740368"	"KEGVS23"	"q75"	7.6724086	2	2	0	16	14	1	0.88
"1"	"KE0150740368"	"KEGVS23"	"q80"	10.701686	2	2	0	18	16	1	0.89
"1"	"KE0150740368"	"KEGVS9"	"q75"	5.126629	2	2	0	16	14	1	0.88
"1"	"KE0150740368"	"KEGVS9"	"q80"	6.093592	2	2	0	16	14	1	0.88
"1"	"KE0150740369"	"G5118"	"q75"	8.977006	2	2	0	14	12	1	0.86
"1"	"KE0150740369"	"G5118"	"q80"	13.114168	2	2	0	16	14	1	0.88
"1"	"KE0150740369"	"KEGVS23"	"q75"	7.6724086	2	2	0	16	14	1	0.88
"1"	"KE0150740369"	"KEGVS23"	"q80"	10.701686	2	2	0	18	16	1	0.89
"1"	"KE0150740369"	"KEGVS9"	"q75"	5.126629	2	2	0	16	14	1	0.88
"1"	"KE0150740369"	"KEGVS9"	"q80"	6.093592	2	2	0	16	14	1	0.88
"1"	"KE0150740370"	"G5118"	"q75"	8.977006	2	2	0	14	12	1	0.86
"1"	"KE0150740370"	"G5118"	"q80"	13.114168	2	2	0	16	14	1	0.88
"1"	"KE0150740370"	"KEGVS23"	"q75"	7.6724086	2	2	0	16	14	1	0.88
"1"	"KE0150740370"	"KEGVS23"	"q80"	10.701686	2	2	0	18	16	1	0.89
"1"	"KE0150740370"	"KEGVS9"	"q75"	5.126629	2	2	0	16	14	1	0.88
"1"	"KE0150740370"	"KEGVS9"	"q80"	6.093592	2	2	0	16	14	1	0.88
"1"	"KE0160780385"	"G5142"	"q75"	7.938511	2	2	0	1	0	1	0
"1"	"KE0160780385"	"G5142"	"q80"	10.177249	2	2	0	1	0	1	0
"1"	"KE0160780385"	"G5142"	"q95"	34.633698	2	2	0	1	0	1	0
"1"	"KE0160780386"	"G5142"	"q75"	7.938511	2	2	0	1	0	1	0
"1"	"KE0160780386"	"G5142"	"q80"	10.177249	2	2	0	1	0	1	0
"1"	"KE0160780386"	"G5142"	"q95"	34.633698	2	2	0	1	0	1	0
"1"	"KE0160780387"	"G5142"	"q75"	7.938511	2	2	0	1	0	1	0
"1"	"KE0160780387"	"G5142"	"q80"	10.177249	2	2	0	1	0	1	0
"1"	"KE0160780387"	"G5142"	"q95"	34.633698	2	2	0	1	0	1	0
"1"	"KE0160780388"	"G5142"	"q75"	7.938511	2	2	0	1	0	1	0
"1"	"KE0160780388"	"G5142"	"q80"	10.177249	2	2	0	1	0	1	0
"1"	"KE0160780388"	"G5142"	"q95"	34.633698	2	2	0	1	0	1	0
"1"	"KE0160780389"	"G5142"	"q75"	7.938511	2	2	0	1	0	1	0
"1"	"KE0160780389"	"G5142"	"q80"	10.177249	2	2	0	1	0	1	0
"1"	"KE0160780389"	"G5142"	"q95"	34.633698	2	2	0	1	0	1	0
"1"	"KE0160800394"	"G5142"	"q5"	9.54175e-05	14	14	0	1	-1	1	-1
"1"	"KE0160800394"	"G5142"	"q10"	0.09923897	14	14	0	1	-1	1	-1
"1"	"KE0160800394"	"G5142"	"q20"	0.6240984	14	14	0	3	-1	1	-0.33
"1"	"KE0160800394"	"G5142"	"q50"	2.903564	14	13	1	6	1	0.93	0.17
"1"	"KE0160800394"	"G5142"	"q75"	7.938511	14	13	1	10	4	0.93	0.4
"1"	"KE0160800394"	"G5142"	"q80"	10.177249	14	13	1	9	3	0.93	0.33
"1"	"KE0160800394"	"G5142"	"q95"	34.633698	14	9	5	3	0	0.64	0
"1"	"KE0160800395"	"G5142"	"q5"	9.54175e-05	14	14	0	1	-1	1	-1
"1"	"KE0160800395"	"G5142"	"q10"	0.09923897	14	14	0	1	-1	1	-1
"1"	"KE0160800395"	"G5142"	"q20"	0.6240984	14	14	0	3	-1	1	-0.33
"1"	"KE0160800395"	"G5142"	"q50"	2.903564	14	13	1	6	1	0.93	0.17
"1"	"KE0160800395"	"G5142"	"q75"	7.938511	14	13	1	10	4	0.93	0.4
"1"	"KE0160800395"	"G5142"	"q80"	10.177249	14	13	1	9	3	0.93	0.33
"1"	"KE0160800395"	"G5142"	"q95"	34.633698	14	9	5	3	0	0.64	0
"1"	"KE0160800396"	"G5142"	"q5"	9.54175e-05	14	14	0	1	-1	1	-1
"1"	"KE0160800396"	"G5142"	"q10"	0.09923897	14	14	0	1	-1	1	-1
"1"	"KE0160800396"	"G5142"	"q20"	0.6240984	14	14	0	3	-1	1	-0.33
"1"	"KE0160800396"	"G5142"	"q50"	2.903564	14	13	1	6	1	0.93	0.17
"1"	"KE0160800396"	"G5142"	"q75"	7.938511	14	13	1	10	4	0.93	0.4
"1"	"KE0160800396"	"G5142"	"q80"	10.177249	14	13	1	9	3	0.93	0.33
"1"	"KE0160800396"	"G5142"	"q95"	34.633698	14	9	5	3	0	0.64	0
"1"	"KE0160800397"	"G5142"	"q5"	9.54175e-05	14	14	0	1	-1	1	-1
"1"	"KE0160800397"	"G5142"	"q10"	0.09923897	14	14	0	1	-1	1	-1
"1"	"KE0160800397"	"G5142"	"q20"	0.6240984	14	14	0	3	-1	1	-0.33
"1"	"KE0160800397"	"G5142"	"q50"	2.903564	14	13	1	6	1	0.93	0.17
"1"	"KE0160800397"	"G5142"	"q75"	7.938511	14	13	1	10	4	0.93	0.4
"1"	"KE0160800397"	"G5142"	"q80"	10.177249	14	13	1	9	3	0.93	0.33
"1"	"KE0160800397"	"G5142"	"q95"	34.633698	14	9	5	3	0	0.64	0
"1"	"KE0170830411"	"KEGVS23"	"q75"	7.6724086	1	1	0	1	0	1	0
"1"	"KE0170830411"	"KEGVS23"	"q80"	10.701686	1	1	0	1	0	1	0
"1"	"KE0170830412"	"KEGVS23"	"q75"	7.6724086	1	1	0	1	0	1	0
"1"	"KE0170830412"	"KEGVS23"	"q80"	10.701686	1	1	0	1	0	1	0
"1"	"KE0170830413"	"KEGVS23"	"q75"	7.6724086	1	1	0	1	0	1	0
"1"	"KE0170830413"	"KEGVS23"	"q80"	10.701686	1	1	0	1	0	1	0
"1"	"KE0170830414"	"KEGVS23"	"q75"	7.6724086	1	1	0	1	0	1	0
"1"	"KE0170830414"	"KEGVS23"	"q80"	10.701686	1	1	0	1	0	1	0
"1"	"KE0170830415"	"KEGVS23"	"q75"	7.6724086	1	1	0	1	0	1	0
"1"	"KE0170830415"	"KEGVS23"	"q80"	10.701686	1	1	0	1	0	1	0
"1"	"KE0170830416"	"KEGVS23"	"q75"	7.6724086	1	1	0	1	0	1	0
"1"	"KE0170830416"	"KEGVS23"	"q80"	10.701686	1	1	0	1	0	1	0
"1"	"KE0170860424"	"KEGVS23"	"q75"	7.6724086	6	6	0	6	3	1	0.5
"1"	"KE0170860424"	"KEGVS23"	"q80"	10.701686	6	6	0	7	4	1	0.57
"1"	"KE0170860424"	"KEGVS23"	"q95"	50.864777	6	4	2	2	0	0.67	0
"1"	"KE0170860425"	"KEGVS23"	"q75"	7.6724086	6	6	0	6	3	1	0.5
"1"	"KE0170860425"	"KEGVS23"	"q80"	10.701686	6	6	0	7	4	1	0.57
"1"	"KE0170860425"	"KEGVS23"	"q95"	50.864777	6	4	2	2	0	0.67	0
"1"	"KE0170860426"	"KEGVS23"	"q75"	7.6724086	6	6	0	6	3	1	0.5
"1"	"KE0170860426"	"KEGVS23"	"q80"	10.701686	6	6	0	7	4	1	0.57
"1"	"KE0170860426"	"KEGVS23"	"q95"	50.864777	6	4	2	2	0	0.67	0
"1"	"KE0170860427"	"KEGVS23"	"q75"	7.6724086	6	6	0	6	3	1	0.5
"1"	"KE0170860427"	"KEGVS23"	"q80"	10.701686	6	6	0	7	4	1	0.57
"1"	"KE0170860427"	"KEGVS23"	"q95"	50.864777	6	4	2	2	0	0.67	0
"1"	"KE0170860428"	"KEGVS23"	"q75"	7.6724086	6	6	0	6	3	1	0.5
"1"	"KE0170860428"	"KEGVS23"	"q80"	10.701686	6	6	0	7	4	1	0.57
"1"	"KE0170860428"	"KEGVS23"	"q95"	50.864777	6	4	2	2	0	0.67	0
"1"	"KE0170860429"	"KEGVS23"	"q75"	7.6724086	6	6	0	6	3	1	0.5
"1"	"KE0170860429"	"KEGVS23"	"q80"	10.701686	6	6	0	7	4	1	0.57
"1"	"KE0170860429"	"KEGVS23"	"q95"	50.864777	6	4	2	2	0	0.67	0
"1"	"KE0170860430"	"KEGVS23"	"q75"	7.6724086	6	6	0	6	3	1	0.5
"1"	"KE0170860430"	"KEGVS23"	"q80"	10.701686	6	6	0	7	4	1	0.57
"1"	"KE0170860430"	"KEGVS23"	"q95"	50.864777	6	4	2	2	0	0.67	0
"1"	"KE0170870431"	"KEGVS23"	"q50"	1.5534601	3	3	0	7	4	1	0.57
"1"	"KE0170870431"	"KEGVS23"	"q75"	7.6724086	3	2	1	9	7	0.67	0.78
"1"	"KE0170870431"	"KEGVS23"	"q80"	10.701686	3	2	1	11	9	0.67	0.82
"1"	"KE0170870431"	"KEGVS23"	"q95"	50.864777	3	1	2	5	4	0.33	0.8
"1"	"KE0170870432"	"KEGVS23"	"q50"	1.5534601	3	3	0	7	4	1	0.57
"1"	"KE0170870432"	"KEGVS23"	"q75"	7.6724086	3	2	1	9	7	0.67	0.78
"1"	"KE0170870432"	"KEGVS23"	"q80"	10.701686	3	2	1	11	9	0.67	0.82
"1"	"KE0170870432"	"KEGVS23"	"q95"	50.864777	3	1	2	5	4	0.33	0.8
"1"	"KE0170870433"	"KEGVS23"	"q50"	1.5534601	3	3	0	7	4	1	0.57
"1"	"KE0170870433"	"KEGVS23"	"q75"	7.6724086	3	2	1	9	7	0.67	0.78
"1"	"KE0170870433"	"KEGVS23"	"q80"	10.701686	3	2	1	11	9	0.67	0.82
"1"	"KE0170870433"	"KEGVS23"	"q95"	50.864777	3	1	2	5	4	0.33	0.8
"1"	"KE0170870434"	"KEGVS23"	"q50"	1.5534601	3	3	0	7	4	1	0.57
"1"	"KE0170870434"	"KEGVS23"	"q75"	7.6724086	3	2	1	9	7	0.67	0.78
"1"	"KE0170870434"	"KEGVS23"	"q80"	10.701686	3	2	1	11	9	0.67	0.82
"1"	"KE0170870434"	"KEGVS23"	"q95"	50.864777	3	1	2	5	4	0.33	0.8
"1"	"KE0170870435"	"KEGVS23"	"q50"	1.5534601	3	3	0	7	4	1	0.57
"1"	"KE0170870435"	"KEGVS23"	"q75"	7.6724086	3	2	1	9	7	0.67	0.78
"1"	"KE0170870435"	"KEGVS23"	"q80"	10.701686	3	2	1	11	9	0.67	0.82
"1"	"KE0170870435"	"KEGVS23"	"q95"	50.864777	3	1	2	5	4	0.33	0.8
"1"	"KE0170870436"	"KEGVS23"	"q50"	1.5534601	3	3	0	7	4	1	0.57
"1"	"KE0170870436"	"KEGVS23"	"q75"	7.6724086	3	2	1	9	7	0.67	0.78
"1"	"KE0170870436"	"KEGVS23"	"q80"	10.701686	3	2	1	11	9	0.67	0.82
"1"	"KE0170870436"	"KEGVS23"	"q95"	50.864777	3	1	2	5	4	0.33	0.8
"1"	"KE0190980487"	"G5218"	"q75"	66.1461	2	2	0	3	1	1	0.33
"1"	"KE0190980488"	"G5218"	"q75"	66.1461	2	2	0	3	1	1	0.33
"1"	"KE0190980489"	"G5218"	"q75"	66.1461	2	2	0	3	1	1	0.33
"1"	"KE0190980490"	"G5218"	"q75"	66.1461	2	2	0	3	1	1	0.33
"1"	"KE0211040516"	"G5450"	"q75"	78.25447	4	2	2	14	12	0.5	0.86
"1"	"KE0211040516"	"G5450"	"q80"	89.9827180000001	4	2	2	11	9	0.5	0.82
"1"	"KE0211040516"	"G5450"	"q95"	185.64964	4	1	3	2	1	0.25	0.5
"1"	"KE0211040516"	"G5218"	"q75"	66.1461	4	2	2	12	10	0.5	0.83
"1"	"KE0211040516"	"G5218"	"q80"	76.834305	4	2	2	9	7	0.5	0.78
"1"	"KE0211040517"	"G5450"	"q75"	78.25447	4	2	2	14	12	0.5	0.86
"1"	"KE0211040517"	"G5450"	"q80"	89.9827180000001	4	2	2	11	9	0.5	0.82
"1"	"KE0211040517"	"G5450"	"q95"	185.64964	4	1	3	2	1	0.25	0.5
"1"	"KE0211040517"	"G5218"	"q75"	66.1461	4	2	2	12	10	0.5	0.83
"1"	"KE0211040517"	"G5218"	"q80"	76.834305	4	2	2	9	7	0.5	0.78
"1"	"KE0211040518"	"G5450"	"q75"	78.25447	4	2	2	14	12	0.5	0.86
"1"	"KE0211040518"	"G5450"	"q80"	89.9827180000001	4	2	2	11	9	0.5	0.82
"1"	"KE0211040518"	"G5450"	"q95"	185.64964	4	1	3	2	1	0.25	0.5
"1"	"KE0211040518"	"G5218"	"q75"	66.1461	4	2	2	12	10	0.5	0.83
"1"	"KE0211040518"	"G5218"	"q80"	76.834305	4	2	2	9	7	0.5	0.78
"1"	"KE0211050519"	"G5450"	"q95"	185.64964	2	2	0	1	0	1	0
"1"	"KE0211050520"	"G5450"	"q95"	185.64964	2	2	0	1	0	1	0
"1"	"KE0211050521"	"G5450"	"q95"	185.64964	2	2	0	1	0	1	0
"1"	"KE0211060522"	"G5450"	"q75"	78.25447	1	1	0	1	0	1	0
"1"	"KE0211060522"	"G5450"	"q80"	89.9827180000001	1	1	0	1	0	1	0
"1"	"KE0211060522"	"G5218"	"q75"	66.1461	1	1	0	1	0	1	0
"1"	"KE0211060522"	"G5218"	"q80"	76.834305	1	1	0	1	0	1	0
"1"	"KE0211060523"	"G5450"	"q75"	78.25447	1	1	0	1	0	1	0
"1"	"KE0211060523"	"G5450"	"q80"	89.9827180000001	1	1	0	1	0	1	0
"1"	"KE0211060523"	"G5218"	"q75"	66.1461	1	1	0	1	0	1	0
"1"	"KE0211060523"	"G5218"	"q80"	76.834305	1	1	0	1	0	1	0
"1"	"KE0211060524"	"G5450"	"q75"	78.25447	1	1	0	1	0	1	0
"1"	"KE0211060524"	"G5450"	"q80"	89.9827180000001	1	1	0	1	0	1	0
"1"	"KE0211060524"	"G5218"	"q75"	66.1461	1	1	0	1	0	1	0
"1"	"KE0211060524"	"G5218"	"q80"	76.834305	1	1	0	1	0	1	0
"1"	"KE0211060525"	"G5450"	"q75"	78.25447	1	1	0	1	0	1	0
"1"	"KE0211060525"	"G5450"	"q80"	89.9827180000001	1	1	0	1	0	1	0
"1"	"KE0211060525"	"G5218"	"q75"	66.1461	1	1	0	1	0	1	0
"1"	"KE0211060525"	"G5218"	"q80"	76.834305	1	1	0	1	0	1	0
"1"	"KE0211060526"	"G5450"	"q75"	78.25447	1	1	0	1	0	1	0
"1"	"KE0211060526"	"G5450"	"q80"	89.9827180000001	1	1	0	1	0	1	0
"1"	"KE0211060526"	"G5218"	"q75"	66.1461	1	1	0	1	0	1	0
"1"	"KE0211060526"	"G5218"	"q80"	76.834305	1	1	0	1	0	1	0
"1"	"KE0211060527"	"G5450"	"q75"	78.25447	1	1	0	1	0	1	0
"1"	"KE0211060527"	"G5450"	"q80"	89.9827180000001	1	1	0	1	0	1	0
"1"	"KE0211060527"	"G5218"	"q75"	66.1461	1	1	0	1	0	1	0
"1"	"KE0211060527"	"G5218"	"q80"	76.834305	1	1	0	1	0	1	0
"1"	"KE0211070528"	"G5450"	"q75"	78.25447	6	3	3	12	10	0.5	0.83
"1"	"KE0211070528"	"G5450"	"q80"	89.9827180000001	6	3	3	9	7	0.5	0.78
"1"	"KE0211070528"	"G5450"	"q95"	185.64964	6	1	5	2	1	0.17	0.5
"1"	"KE0211070528"	"G5218"	"q75"	66.1461	6	1	5	10	9	0.17	0.9
"1"	"KE0211070528"	"G5218"	"q80"	76.834305	6	1	5	7	6	0.17	0.86
"1"	"KE0211070529"	"G5450"	"q75"	78.25447	6	3	3	12	10	0.5	0.83
"1"	"KE0211070529"	"G5450"	"q80"	89.9827180000001	6	3	3	9	7	0.5	0.78
"1"	"KE0211070529"	"G5450"	"q95"	185.64964	6	1	5	2	1	0.17	0.5
"1"	"KE0211070529"	"G5218"	"q75"	66.1461	6	1	5	10	9	0.17	0.9
"1"	"KE0211070529"	"G5218"	"q80"	76.834305	6	1	5	7	6	0.17	0.86
"1"	"KE0211070530"	"G5450"	"q75"	78.25447	6	3	3	12	10	0.5	0.83
"1"	"KE0211070530"	"G5450"	"q80"	89.9827180000001	6	3	3	9	7	0.5	0.78
"1"	"KE0211070530"	"G5450"	"q95"	185.64964	6	1	5	2	1	0.17	0.5
"1"	"KE0211070530"	"G5218"	"q75"	66.1461	6	1	5	10	9	0.17	0.9
"1"	"KE0211070530"	"G5218"	"q80"	76.834305	6	1	5	7	6	0.17	0.86
"1"	"KE0211070531"	"G5450"	"q75"	78.25447	6	3	3	12	10	0.5	0.83
"1"	"KE0211070531"	"G5450"	"q80"	89.9827180000001	6	3	3	9	7	0.5	0.78
"1"	"KE0211070531"	"G5450"	"q95"	185.64964	6	1	5	2	1	0.17	0.5
"1"	"KE0211070531"	"G5218"	"q75"	66.1461	6	1	5	10	9	0.17	0.9
"1"	"KE0211070531"	"G5218"	"q80"	76.834305	6	1	5	7	6	0.17	0.86
"1"	"KE0211070532"	"G5450"	"q75"	78.25447	6	3	3	12	10	0.5	0.83
"1"	"KE0211070532"	"G5450"	"q80"	89.9827180000001	6	3	3	9	7	0.5	0.78
"1"	"KE0211070532"	"G5450"	"q95"	185.64964	6	1	5	2	1	0.17	0.5
"1"	"KE0211070532"	"G5218"	"q75"	66.1461	6	1	5	10	9	0.17	0.9
"1"	"KE0211070532"	"G5218"	"q80"	76.834305	6	1	5	7	6	0.17	0.86
"1"	"KE0211080533"	"G5450"	"q75"	78.25447	1	1	0	1	0	1	0
"1"	"KE0211080533"	"G5450"	"q80"	89.9827180000001	1	1	0	1	0	1	0
"1"	"KE0211080533"	"G5218"	"q50"	33.336628	1	1	0	1	0	1	0
"1"	"KE0211080533"	"G5218"	"q75"	66.1461	1	1	0	1	0	1	0
"1"	"KE0211080533"	"G5218"	"q80"	76.834305	1	1	0	1	0	1	0
"1"	"KE0211080534"	"G5450"	"q75"	78.25447	1	1	0	1	0	1	0
"1"	"KE0211080534"	"G5450"	"q80"	89.9827180000001	1	1	0	1	0	1	0
"1"	"KE0211080534"	"G5218"	"q50"	33.336628	1	1	0	1	0	1	0
"1"	"KE0211080534"	"G5218"	"q75"	66.1461	1	1	0	1	0	1	0
"1"	"KE0211080534"	"G5218"	"q80"	76.834305	1	1	0	1	0	1	0
"1"	"KE0211080535"	"G5450"	"q75"	78.25447	1	1	0	1	0	1	0
"1"	"KE0211080535"	"G5450"	"q80"	89.9827180000001	1	1	0	1	0	1	0
"1"	"KE0211080535"	"G5218"	"q50"	33.336628	1	1	0	1	0	1	0
"1"	"KE0211080535"	"G5218"	"q75"	66.1461	1	1	0	1	0	1	0
"1"	"KE0211080535"	"G5218"	"q80"	76.834305	1	1	0	1	0	1	0
"1"	"KE0211080536"	"G5450"	"q75"	78.25447	1	1	0	1	0	1	0
"1"	"KE0211080536"	"G5450"	"q80"	89.9827180000001	1	1	0	1	0	1	0
"1"	"KE0211080536"	"G5218"	"q50"	33.336628	1	1	0	1	0	1	0
"1"	"KE0211080536"	"G5218"	"q75"	66.1461	1	1	0	1	0	1	0
"1"	"KE0211080536"	"G5218"	"q80"	76.834305	1	1	0	1	0	1	0
"1"	"KE0211080537"	"G5450"	"q75"	78.25447	1	1	0	1	0	1	0
"1"	"KE0211080537"	"G5450"	"q80"	89.9827180000001	1	1	0	1	0	1	0
"1"	"KE0211080537"	"G5218"	"q50"	33.336628	1	1	0	1	0	1	0
"1"	"KE0211080537"	"G5218"	"q75"	66.1461	1	1	0	1	0	1	0
"1"	"KE0211080537"	"G5218"	"q80"	76.834305	1	1	0	1	0	1	0
"1"	"KE0211080538"	"G5450"	"q75"	78.25447	1	1	0	1	0	1	0
"1"	"KE0211080538"	"G5450"	"q80"	89.9827180000001	1	1	0	1	0	1	0
"1"	"KE0211080538"	"G5218"	"q50"	33.336628	1	1	0	1	0	1	0
"1"	"KE0211080538"	"G5218"	"q75"	66.1461	1	1	0	1	0	1	0
"1"	"KE0211080538"	"G5218"	"q80"	76.834305	1	1	0	1	0	1	0
"1"	"KE0221200596"	"G5142"	"q75"	7.938511	1	1	0	1	0	1	0
"1"	"KE0221200596"	"G5142"	"q80"	10.177249	1	1	0	1	0	1	0
"1"	"KE0221200597"	"G5142"	"q75"	7.938511	1	1	0	1	0	1	0
"1"	"KE0221200597"	"G5142"	"q80"	10.177249	1	1	0	1	0	1	0
"1"	"KE0221200598"	"G5142"	"q75"	7.938511	1	1	0	1	0	1	0
"1"	"KE0221200598"	"G5142"	"q80"	10.177249	1	1	0	1	0	1	0
"1"	"KE0221200599"	"G5142"	"q75"	7.938511	1	1	0	1	0	1	0
"1"	"KE0221200599"	"G5142"	"q80"	10.177249	1	1	0	1	0	1	0
"1"	"KE0221200600"	"G5142"	"q75"	7.938511	1	1	0	1	0	1	0
"1"	"KE0221200600"	"G5142"	"q80"	10.177249	1	1	0	1	0	1	0
"1"	"KE0231230611"	"G5170"	"q10"	77.19401	1	1	0	1	0	1	0
"1"	"KE0231230611"	"KEGVS7"	"q5"	66.72436	1	1	0	1	0	1	0
"1"	"KE0231230611"	"KEGVS4"	"q50"	4.144618	1	1	0	1	0	1	0
"1"	"KE0231230611"	"KEGVS5"	"q20"	18.996342	1	1	0	1	0	1	0
"1"	"KE0231230611"	"KEGVS6"	"q20"	17.789724	1	1	0	1	0	1	0
"1"	"KE0231230612"	"G5170"	"q10"	77.19401	1	1	0	1	0	1	0
"1"	"KE0231230612"	"KEGVS7"	"q5"	66.72436	1	1	0	1	0	1	0
"1"	"KE0231230612"	"KEGVS4"	"q50"	4.144618	1	1	0	1	0	1	0
"1"	"KE0231230612"	"KEGVS5"	"q20"	18.996342	1	1	0	1	0	1	0
"1"	"KE0231230612"	"KEGVS6"	"q20"	17.789724	1	1	0	1	0	1	0
"1"	"KE0231230613"	"G5170"	"q10"	77.19401	1	1	0	1	0	1	0
"1"	"KE0231230613"	"KEGVS7"	"q5"	66.72436	1	1	0	1	0	1	0
"1"	"KE0231230613"	"KEGVS4"	"q50"	4.144618	1	1	0	1	0	1	0
"1"	"KE0231230613"	"KEGVS5"	"q20"	18.996342	1	1	0	1	0	1	0
"1"	"KE0231230613"	"KEGVS6"	"q20"	17.789724	1	1	0	1	0	1	0
"1"	"KE0231230614"	"G5170"	"q10"	77.19401	1	1	0	1	0	1	0
"1"	"KE0231230614"	"KEGVS7"	"q5"	66.72436	1	1	0	1	0	1	0
"1"	"KE0231230614"	"KEGVS4"	"q50"	4.144618	1	1	0	1	0	1	0
"1"	"KE0231230614"	"KEGVS5"	"q20"	18.996342	1	1	0	1	0	1	0
"1"	"KE0231230614"	"KEGVS6"	"q20"	17.789724	1	1	0	1	0	1	0
"1"	"KE0231230615"	"G5170"	"q10"	77.19401	1	1	0	1	0	1	0
"1"	"KE0231230615"	"KEGVS7"	"q5"	66.72436	1	1	0	1	0	1	0
"1"	"KE0231230615"	"KEGVS4"	"q50"	4.144618	1	1	0	1	0	1	0
"1"	"KE0231230615"	"KEGVS5"	"q20"	18.996342	1	1	0	1	0	1	0
"1"	"KE0231230615"	"KEGVS6"	"q20"	17.789724	1	1	0	1	0	1	0
"1"	"KE0231230616"	"G5170"	"q10"	77.19401	1	1	0	1	0	1	0
"1"	"KE0231230616"	"KEGVS7"	"q5"	66.72436	1	1	0	1	0	1	0
"1"	"KE0231230616"	"KEGVS4"	"q50"	4.144618	1	1	0	1	0	1	0
"1"	"KE0231230616"	"KEGVS5"	"q20"	18.996342	1	1	0	1	0	1	0
"1"	"KE0231230616"	"KEGVS6"	"q20"	17.789724	1	1	0	1	0	1	0
"1"	"KE0231240617"	"G5170"	"q50"	205.05978	8	6	2	8	3	0.75	0.38
"1"	"KE0231240617"	"KEGVS7"	"q50"	197.35773	8	3	5	8	5	0.38	0.62
"1"	"KE0231240617"	"KEGVS4"	"q95"	58.90867	8	4	4	4	1	0.5	0.25
"1"	"KE0231240617"	"KEGVS8"	"q75"	1.9724947	8	5	3	11	7	0.62	0.64
"1"	"KE0231240617"	"KEGVS8"	"q80"	4.5459075	8	5	3	9	5	0.62	0.56
"1"	"KE0231240617"	"KEGVS8"	"q95"	38.8504753999999	8	1	7	5	4	0.12	0.8
"1"	"KE0231240617"	"KEGVS5"	"q50"	85.21408	8	5	3	8	4	0.62	0.5
"1"	"KE0231240617"	"KEGVS6"	"q50"	83.42965	8	5	3	7	3	0.62	0.43
"1"	"KE0231240618"	"G5170"	"q50"	205.05978	8	6	2	8	3	0.75	0.38
"1"	"KE0231240618"	"KEGVS7"	"q50"	197.35773	8	3	5	8	5	0.38	0.62
"1"	"KE0231240618"	"KEGVS4"	"q95"	58.90867	8	4	4	4	1	0.5	0.25
"1"	"KE0231240618"	"KEGVS8"	"q75"	1.9724947	8	5	3	11	7	0.62	0.64
"1"	"KE0231240618"	"KEGVS8"	"q80"	4.5459075	8	5	3	9	5	0.62	0.56
"1"	"KE0231240618"	"KEGVS8"	"q95"	38.8504753999999	8	1	7	5	4	0.12	0.8
"1"	"KE0231240618"	"KEGVS5"	"q50"	85.21408	8	5	3	8	4	0.62	0.5
"1"	"KE0231240618"	"KEGVS6"	"q50"	83.42965	8	5	3	7	3	0.62	0.43
"1"	"KE0231240619"	"G5170"	"q50"	205.05978	8	6	2	8	3	0.75	0.38
"1"	"KE0231240619"	"KEGVS7"	"q50"	197.35773	8	3	5	8	5	0.38	0.62
"1"	"KE0231240619"	"KEGVS4"	"q95"	58.90867	8	4	4	4	1	0.5	0.25
"1"	"KE0231240619"	"KEGVS8"	"q75"	1.9724947	8	5	3	11	7	0.62	0.64
"1"	"KE0231240619"	"KEGVS8"	"q80"	4.5459075	8	5	3	9	5	0.62	0.56
"1"	"KE0231240619"	"KEGVS8"	"q95"	38.8504753999999	8	1	7	5	4	0.12	0.8
"1"	"KE0231240619"	"KEGVS5"	"q50"	85.21408	8	5	3	8	4	0.62	0.5
"1"	"KE0231240619"	"KEGVS6"	"q50"	83.42965	8	5	3	7	3	0.62	0.43
"1"	"KE0231240620"	"G5170"	"q50"	205.05978	8	6	2	8	3	0.75	0.38
"1"	"KE0231240620"	"KEGVS7"	"q50"	197.35773	8	3	5	8	5	0.38	0.62
"1"	"KE0231240620"	"KEGVS4"	"q95"	58.90867	8	4	4	4	1	0.5	0.25
"1"	"KE0231240620"	"KEGVS8"	"q75"	1.9724947	8	5	3	11	7	0.62	0.64
"1"	"KE0231240620"	"KEGVS8"	"q80"	4.5459075	8	5	3	9	5	0.62	0.56
"1"	"KE0231240620"	"KEGVS8"	"q95"	38.8504753999999	8	1	7	5	4	0.12	0.8
"1"	"KE0231240620"	"KEGVS5"	"q50"	85.21408	8	5	3	8	4	0.62	0.5
"1"	"KE0231240620"	"KEGVS6"	"q50"	83.42965	8	5	3	7	3	0.62	0.43
"1"	"KE0231240621"	"G5170"	"q50"	205.05978	8	6	2	8	3	0.75	0.38
"1"	"KE0231240621"	"KEGVS7"	"q50"	197.35773	8	3	5	8	5	0.38	0.62
"1"	"KE0231240621"	"KEGVS4"	"q95"	58.90867	8	4	4	4	1	0.5	0.25
"1"	"KE0231240621"	"KEGVS8"	"q75"	1.9724947	8	5	3	11	7	0.62	0.64
"1"	"KE0231240621"	"KEGVS8"	"q80"	4.5459075	8	5	3	9	5	0.62	0.56
"1"	"KE0231240621"	"KEGVS8"	"q95"	38.8504753999999	8	1	7	5	4	0.12	0.8
"1"	"KE0231240621"	"KEGVS5"	"q50"	85.21408	8	5	3	8	4	0.62	0.5
"1"	"KE0231240621"	"KEGVS6"	"q50"	83.42965	8	5	3	7	3	0.62	0.43
"1"	"KE0231240622"	"G5170"	"q50"	205.05978	8	6	2	8	3	0.75	0.38
"1"	"KE0231240622"	"KEGVS7"	"q50"	197.35773	8	3	5	8	5	0.38	0.62
"1"	"KE0231240622"	"KEGVS4"	"q95"	58.90867	8	4	4	4	1	0.5	0.25
"1"	"KE0231240622"	"KEGVS8"	"q75"	1.9724947	8	5	3	11	7	0.62	0.64
"1"	"KE0231240622"	"KEGVS8"	"q80"	4.5459075	8	5	3	9	5	0.62	0.56
"1"	"KE0231240622"	"KEGVS8"	"q95"	38.8504753999999	8	1	7	5	4	0.12	0.8
"1"	"KE0231240622"	"KEGVS5"	"q50"	85.21408	8	5	3	8	4	0.62	0.5
"1"	"KE0231240622"	"KEGVS6"	"q50"	83.42965	8	5	3	7	3	0.62	0.43
"1"	"KE0231240623"	"G5170"	"q50"	205.05978	8	6	2	8	3	0.75	0.38
"1"	"KE0231240623"	"KEGVS7"	"q50"	197.35773	8	3	5	8	5	0.38	0.62
"1"	"KE0231240623"	"KEGVS4"	"q95"	58.90867	8	4	4	4	1	0.5	0.25
"1"	"KE0231240623"	"KEGVS8"	"q75"	1.9724947	8	5	3	11	7	0.62	0.64
"1"	"KE0231240623"	"KEGVS8"	"q80"	4.5459075	8	5	3	9	5	0.62	0.56
"1"	"KE0231240623"	"KEGVS8"	"q95"	38.8504753999999	8	1	7	5	4	0.12	0.8
"1"	"KE0231240623"	"KEGVS5"	"q50"	85.21408	8	5	3	8	4	0.62	0.5
"1"	"KE0231240623"	"KEGVS6"	"q50"	83.42965	8	5	3	7	3	0.62	0.43
"1"	"KE0231250624"	"KEGVS4"	"q20"	0.87468255	13	12	1	5	-1	0.92	-0.2
"1"	"KE0231250624"	"KEGVS4"	"q50"	4.144618	13	12	1	14	7	0.92	0.5
"1"	"KE0231250624"	"KEGVS4"	"q75"	15.146984	13	11	2	16	10	0.85	0.62
"1"	"KE0231250624"	"KEGVS4"	"q80"	19.927456	13	10	3	18	13	0.77	0.72
"1"	"KE0231250624"	"KEGVS4"	"q95"	58.90867	13	7	6	7	3	0.54	0.43
"1"	"KE0231250624"	"KEGVS8"	"q50"	0.0004987477	13	12	1	9	2	0.92	0.22
"1"	"KE0231250624"	"KEGVS8"	"q75"	1.9724947	13	8	5	18	13	0.62	0.72
"1"	"KE0231250624"	"KEGVS8"	"q80"	4.5459075	13	7	6	19	14	0.54	0.74
"1"	"KE0231250624"	"KEGVS8"	"q95"	38.8504753999999	13	1	12	8	7	0.08	0.88
"1"	"KE0231250625"	"KEGVS4"	"q20"	0.87468255	13	12	1	5	-1	0.92	-0.2
"1"	"KE0231250625"	"KEGVS4"	"q50"	4.144618	13	12	1	14	7	0.92	0.5
"1"	"KE0231250625"	"KEGVS4"	"q75"	15.146984	13	11	2	16	10	0.85	0.62
"1"	"KE0231250625"	"KEGVS4"	"q80"	19.927456	13	10	3	18	13	0.77	0.72
"1"	"KE0231250625"	"KEGVS4"	"q95"	58.90867	13	7	6	7	3	0.54	0.43
"1"	"KE0231250625"	"KEGVS8"	"q50"	0.0004987477	13	12	1	9	2	0.92	0.22
"1"	"KE0231250625"	"KEGVS8"	"q75"	1.9724947	13	8	5	18	13	0.62	0.72
"1"	"KE0231250625"	"KEGVS8"	"q80"	4.5459075	13	7	6	19	14	0.54	0.74
"1"	"KE0231250625"	"KEGVS8"	"q95"	38.8504753999999	13	1	12	8	7	0.08	0.88
"1"	"KE0231250626"	"KEGVS4"	"q20"	0.87468255	13	12	1	5	-1	0.92	-0.2
"1"	"KE0231250626"	"KEGVS4"	"q50"	4.144618	13	12	1	14	7	0.92	0.5
"1"	"KE0231250626"	"KEGVS4"	"q75"	15.146984	13	11	2	16	10	0.85	0.62
"1"	"KE0231250626"	"KEGVS4"	"q80"	19.927456	13	10	3	18	13	0.77	0.72
"1"	"KE0231250626"	"KEGVS4"	"q95"	58.90867	13	7	6	7	3	0.54	0.43
"1"	"KE0231250626"	"KEGVS8"	"q50"	0.0004987477	13	12	1	9	2	0.92	0.22
"1"	"KE0231250626"	"KEGVS8"	"q75"	1.9724947	13	8	5	18	13	0.62	0.72
"1"	"KE0231250626"	"KEGVS8"	"q80"	4.5459075	13	7	6	19	14	0.54	0.74
"1"	"KE0231250626"	"KEGVS8"	"q95"	38.8504753999999	13	1	12	8	7	0.08	0.88
"1"	"KE0231250627"	"KEGVS4"	"q20"	0.87468255	13	12	1	5	-1	0.92	-0.2
"1"	"KE0231250627"	"KEGVS4"	"q50"	4.144618	13	12	1	14	7	0.92	0.5
"1"	"KE0231250627"	"KEGVS4"	"q75"	15.146984	13	11	2	16	10	0.85	0.62
"1"	"KE0231250627"	"KEGVS4"	"q80"	19.927456	13	10	3	18	13	0.77	0.72
"1"	"KE0231250627"	"KEGVS4"	"q95"	58.90867	13	7	6	7	3	0.54	0.43
"1"	"KE0231250627"	"KEGVS8"	"q50"	0.0004987477	13	12	1	9	2	0.92	0.22
"1"	"KE0231250627"	"KEGVS8"	"q75"	1.9724947	13	8	5	18	13	0.62	0.72
"1"	"KE0231250627"	"KEGVS8"	"q80"	4.5459075	13	7	6	19	14	0.54	0.74
"1"	"KE0231250627"	"KEGVS8"	"q95"	38.8504753999999	13	1	12	8	7	0.08	0.88
"1"	"KE0231250628"	"KEGVS4"	"q20"	0.87468255	13	12	1	5	-1	0.92	-0.2
"1"	"KE0231250628"	"KEGVS4"	"q50"	4.144618	13	12	1	14	7	0.92	0.5
"1"	"KE0231250628"	"KEGVS4"	"q75"	15.146984	13	11	2	16	10	0.85	0.62
"1"	"KE0231250628"	"KEGVS4"	"q80"	19.927456	13	10	3	18	13	0.77	0.72
"1"	"KE0231250628"	"KEGVS4"	"q95"	58.90867	13	7	6	7	3	0.54	0.43
"1"	"KE0231250628"	"KEGVS8"	"q50"	0.0004987477	13	12	1	9	2	0.92	0.22
"1"	"KE0231250628"	"KEGVS8"	"q75"	1.9724947	13	8	5	18	13	0.62	0.72
"1"	"KE0231250628"	"KEGVS8"	"q80"	4.5459075	13	7	6	19	14	0.54	0.74
"1"	"KE0231250628"	"KEGVS8"	"q95"	38.8504753999999	13	1	12	8	7	0.08	0.88
"1"	"KE0231260629"	"G5170"	"q50"	205.05978	2	1	1	1	0	0.5	0
"1"	"KE0231260629"	"KEGVS7"	"q50"	197.35773	2	1	1	1	0	0.5	0
"1"	"KE0231260629"	"KEGVS4"	"q75"	15.146984	2	1	1	1	0	0.5	0
"1"	"KE0231260629"	"KEGVS4"	"q80"	19.927456	2	1	1	1	0	0.5	0
"1"	"KE0231260629"	"KEGVS8"	"q75"	1.9724947	2	2	0	1	0	1	0
"1"	"KE0231260629"	"KEGVS8"	"q80"	4.5459075	2	2	0	1	0	1	0
"1"	"KE0231260630"	"G5170"	"q50"	205.05978	2	1	1	1	0	0.5	0
"1"	"KE0231260630"	"KEGVS7"	"q50"	197.35773	2	1	1	1	0	0.5	0
"1"	"KE0231260630"	"KEGVS4"	"q75"	15.146984	2	1	1	1	0	0.5	0
"1"	"KE0231260630"	"KEGVS4"	"q80"	19.927456	2	1	1	1	0	0.5	0
"1"	"KE0231260630"	"KEGVS8"	"q75"	1.9724947	2	2	0	1	0	1	0
"1"	"KE0231260630"	"KEGVS8"	"q80"	4.5459075	2	2	0	1	0	1	0
"1"	"KE0231260631"	"G5170"	"q50"	205.05978	2	1	1	1	0	0.5	0
"1"	"KE0231260631"	"KEGVS7"	"q50"	197.35773	2	1	1	1	0	0.5	0
"1"	"KE0231260631"	"KEGVS4"	"q75"	15.146984	2	1	1	1	0	0.5	0
"1"	"KE0231260631"	"KEGVS4"	"q80"	19.927456	2	1	1	1	0	0.5	0
"1"	"KE0231260631"	"KEGVS8"	"q75"	1.9724947	2	2	0	1	0	1	0
"1"	"KE0231260631"	"KEGVS8"	"q80"	4.5459075	2	2	0	1	0	1	0
"1"	"KE0231260632"	"G5170"	"q50"	205.05978	2	1	1	1	0	0.5	0
"1"	"KE0231260632"	"KEGVS7"	"q50"	197.35773	2	1	1	1	0	0.5	0
"1"	"KE0231260632"	"KEGVS4"	"q75"	15.146984	2	1	1	1	0	0.5	0
"1"	"KE0231260632"	"KEGVS4"	"q80"	19.927456	2	1	1	1	0	0.5	0
"1"	"KE0231260632"	"KEGVS8"	"q75"	1.9724947	2	2	0	1	0	1	0
"1"	"KE0231260632"	"KEGVS8"	"q80"	4.5459075	2	2	0	1	0	1	0
"1"	"KE0231270633"	"KEGVS4"	"q75"	15.146984	7	4	3	13	9	0.57	0.69
"1"	"KE0231270633"	"KEGVS4"	"q80"	19.927456	7	4	3	15	11	0.57	0.73
"1"	"KE0231270633"	"KEGVS8"	"q95"	38.8504753999999	7	1	6	6	5	0.14	0.83
"1"	"KE0231270634"	"KEGVS4"	"q75"	15.146984	7	4	3	13	9	0.57	0.69
"1"	"KE0231270634"	"KEGVS4"	"q80"	19.927456	7	4	3	15	11	0.57	0.73
"1"	"KE0231270634"	"KEGVS8"	"q95"	38.8504753999999	7	1	6	6	5	0.14	0.83
"1"	"KE0231270635"	"KEGVS4"	"q75"	15.146984	7	4	3	13	9	0.57	0.69
"1"	"KE0231270635"	"KEGVS4"	"q80"	19.927456	7	4	3	15	11	0.57	0.73
"1"	"KE0231270635"	"KEGVS8"	"q95"	38.8504753999999	7	1	6	6	5	0.14	0.83
"1"	"KE0231270636"	"KEGVS4"	"q75"	15.146984	7	4	3	13	9	0.57	0.69
"1"	"KE0231270636"	"KEGVS4"	"q80"	19.927456	7	4	3	15	11	0.57	0.73
"1"	"KE0231270636"	"KEGVS8"	"q95"	38.8504753999999	7	1	6	6	5	0.14	0.83
"1"	"KE0231270637"	"KEGVS4"	"q75"	15.146984	7	4	3	13	9	0.57	0.69
"1"	"KE0231270637"	"KEGVS4"	"q80"	19.927456	7	4	3	15	11	0.57	0.73
"1"	"KE0231270637"	"KEGVS8"	"q95"	38.8504753999999	7	1	6	6	5	0.14	0.83
"1"	"KE0231280638"	"KEGVS5"	"q50"	85.21408	1	1	0	1	0	1	0
"1"	"KE0231280639"	"KEGVS5"	"q50"	85.21408	1	1	0	1	0	1	0
"1"	"KE0231280640"	"KEGVS5"	"q50"	85.21408	1	1	0	1	0	1	0
"1"	"KE0251330661"	"KEGVS3"	"q75"	17.02883	5	2	3	17	15	0.4	0.88
"1"	"KE0251330661"	"KEGVS3"	"q80"	22.020576	5	2	3	16	14	0.4	0.88
"1"	"KE0251330661"	"KEGVS3"	"q95"	71.68488	5	1	4	5	4	0.2	0.8
"1"	"KE0251330662"	"KEGVS3"	"q75"	17.02883	5	2	3	17	15	0.4	0.88
"1"	"KE0251330662"	"KEGVS3"	"q80"	22.020576	5	2	3	16	14	0.4	0.88
"1"	"KE0251330662"	"KEGVS3"	"q95"	71.68488	5	1	4	5	4	0.2	0.8
"1"	"KE0251330663"	"KEGVS3"	"q75"	17.02883	5	2	3	17	15	0.4	0.88
"1"	"KE0251330663"	"KEGVS3"	"q80"	22.020576	5	2	3	16	14	0.4	0.88
"1"	"KE0251330663"	"KEGVS3"	"q95"	71.68488	5	1	4	5	4	0.2	0.8
"1"	"KE0251330664"	"KEGVS3"	"q75"	17.02883	5	2	3	17	15	0.4	0.88
"1"	"KE0251330664"	"KEGVS3"	"q80"	22.020576	5	2	3	16	14	0.4	0.88
"1"	"KE0251330664"	"KEGVS3"	"q95"	71.68488	5	1	4	5	4	0.2	0.8
"1"	"KE0251330665"	"KEGVS3"	"q75"	17.02883	5	2	3	17	15	0.4	0.88
"1"	"KE0251330665"	"KEGVS3"	"q80"	22.020576	5	2	3	16	14	0.4	0.88
"1"	"KE0251330665"	"KEGVS3"	"q95"	71.68488	5	1	4	5	4	0.2	0.8
"1"	"KE0251340666"	"KEGVS3"	"q20"	2.144792	2	2	0	1	0	1	0
"1"	"KE0251340666"	"KEGVS3"	"q50"	6.2720103	2	2	0	1	0	1	0
"1"	"KE0251340667"	"KEGVS3"	"q20"	2.144792	2	2	0	1	0	1	0
"1"	"KE0251340667"	"KEGVS3"	"q50"	6.2720103	2	2	0	1	0	1	0
"1"	"KE0251340668"	"KEGVS3"	"q20"	2.144792	2	2	0	1	0	1	0
"1"	"KE0251340668"	"KEGVS3"	"q50"	6.2720103	2	2	0	1	0	1	0
"1"	"KE0251340669"	"KEGVS3"	"q20"	2.144792	2	2	0	1	0	1	0
"1"	"KE0251340669"	"KEGVS3"	"q50"	6.2720103	2	2	0	1	0	1	0
"1"	"KE0251340670"	"KEGVS3"	"q20"	2.144792	2	2	0	1	0	1	0
"1"	"KE0251340670"	"KEGVS3"	"q50"	6.2720103	2	2	0	1	0	1	0
"1"	"KE0251340671"	"KEGVS3"	"q20"	2.144792	2	2	0	1	0	1	0
"1"	"KE0251340671"	"KEGVS3"	"q50"	6.2720103	2	2	0	1	0	1	0
"1"	"KE0301600798"	"G5092"	"q50"	19.382015	15	12	3	18	11	0.8	0.61
"1"	"KE0301600798"	"G5092"	"q75"	46.14709	15	10	5	16	8	0.67	0.5
"1"	"KE0301600798"	"G5092"	"q80"	55.57047	15	6	9	11	6	0.4	0.55
"1"	"KE0301600798"	"KEGVS4"	"q20"	0.87468255	15	15	0	7	-2	1	-0.29
"1"	"KE0301600798"	"KEGVS4"	"q50"	4.144618	15	14	1	20	11	0.93	0.55
"1"	"KE0301600798"	"KEGVS4"	"q75"	15.146984	15	12	3	22	14	0.8	0.64
"1"	"KE0301600798"	"KEGVS4"	"q80"	19.927456	15	11	4	23	15	0.73	0.65
"1"	"KE0301600798"	"KEGVS4"	"q95"	58.90867	15	5	10	8	4	0.33	0.5
"1"	"KE0301600799"	"G5092"	"q50"	19.382015	15	12	3	18	11	0.8	0.61
"1"	"KE0301600799"	"G5092"	"q75"	46.14709	15	10	5	16	8	0.67	0.5
"1"	"KE0301600799"	"G5092"	"q80"	55.57047	15	6	9	11	6	0.4	0.55
"1"	"KE0301600799"	"KEGVS4"	"q20"	0.87468255	15	15	0	7	-2	1	-0.29
"1"	"KE0301600799"	"KEGVS4"	"q50"	4.144618	15	14	1	20	11	0.93	0.55
"1"	"KE0301600799"	"KEGVS4"	"q75"	15.146984	15	12	3	22	14	0.8	0.64
"1"	"KE0301600799"	"KEGVS4"	"q80"	19.927456	15	11	4	23	15	0.73	0.65
"1"	"KE0301600799"	"KEGVS4"	"q95"	58.90867	15	5	10	8	4	0.33	0.5
"1"	"KE0301600800"	"G5092"	"q50"	19.382015	15	12	3	18	11	0.8	0.61
"1"	"KE0301600800"	"G5092"	"q75"	46.14709	15	10	5	16	8	0.67	0.5
"1"	"KE0301600800"	"G5092"	"q80"	55.57047	15	6	9	11	6	0.4	0.55
"1"	"KE0301600800"	"KEGVS4"	"q20"	0.87468255	15	15	0	7	-2	1	-0.29
"1"	"KE0301600800"	"KEGVS4"	"q50"	4.144618	15	14	1	20	11	0.93	0.55
"1"	"KE0301600800"	"KEGVS4"	"q75"	15.146984	15	12	3	22	14	0.8	0.64
"1"	"KE0301600800"	"KEGVS4"	"q80"	19.927456	15	11	4	23	15	0.73	0.65
"1"	"KE0301600800"	"KEGVS4"	"q95"	58.90867	15	5	10	8	4	0.33	0.5
"1"	"KE0301600801"	"G5092"	"q50"	19.382015	15	12	3	18	11	0.8	0.61
"1"	"KE0301600801"	"G5092"	"q75"	46.14709	15	10	5	16	8	0.67	0.5
"1"	"KE0301600801"	"G5092"	"q80"	55.57047	15	6	9	11	6	0.4	0.55
"1"	"KE0301600801"	"KEGVS4"	"q20"	0.87468255	15	15	0	7	-2	1	-0.29
"1"	"KE0301600801"	"KEGVS4"	"q50"	4.144618	15	14	1	20	11	0.93	0.55
"1"	"KE0301600801"	"KEGVS4"	"q75"	15.146984	15	12	3	22	14	0.8	0.64
"1"	"KE0301600801"	"KEGVS4"	"q80"	19.927456	15	11	4	23	15	0.73	0.65
"1"	"KE0301600801"	"KEGVS4"	"q95"	58.90867	15	5	10	8	4	0.33	0.5
"1"	"KE0301610802"	"G5092"	"q50"	19.382015	3	1	2	7	6	0.33	0.86
"1"	"KE0301610802"	"KEGVS4"	"q75"	15.146984	3	1	2	9	8	0.33	0.89
"1"	"KE0301610802"	"KEGVS4"	"q80"	19.927456	3	1	2	11	10	0.33	0.91
"1"	"KE0301610803"	"G5092"	"q50"	19.382015	3	1	2	7	6	0.33	0.86
"1"	"KE0301610803"	"KEGVS4"	"q75"	15.146984	3	1	2	9	8	0.33	0.89
"1"	"KE0301610803"	"KEGVS4"	"q80"	19.927456	3	1	2	11	10	0.33	0.91
"1"	"KE0301610804"	"G5092"	"q50"	19.382015	3	1	2	7	6	0.33	0.86
"1"	"KE0301610804"	"KEGVS4"	"q75"	15.146984	3	1	2	9	8	0.33	0.89
"1"	"KE0301610804"	"KEGVS4"	"q80"	19.927456	3	1	2	11	10	0.33	0.91
"1"	"KE0311630811"	"G5041"	"q50"	7.6642146	1	1	0	1	0	1	0
"1"	"KE0311630812"	"G5041"	"q50"	7.6642146	1	1	0	1	0	1	0
"1"	"KE0311630813"	"G5041"	"q50"	7.6642146	1	1	0	1	0	1	0
"1"	"KE0311630814"	"G5041"	"q50"	7.6642146	1	1	0	1	0	1	0
"1"	"KE0311630815"	"G5041"	"q50"	7.6642146	1	1	0	1	0	1	0
"1"	"KE0311630816"	"G5041"	"q50"	7.6642146	1	1	0	1	0	1	0
"1"	"KE0331790891"	"G5147"	"q75"	40.050602	21	20	1	13	7	0.95	0.54
"1"	"KE0331790891"	"G5147"	"q80"	51.602074	21	17	4	14	9	0.81	0.64
"1"	"KE0331790891"	"KEGVS17"	"q75"	39.682415	21	20	1	14	8	0.95	0.57
"1"	"KE0331790891"	"KEGVS17"	"q80"	51.80439	21	17	4	14	9	0.81	0.64
"1"	"KE0331790892"	"G5147"	"q75"	40.050602	21	20	1	13	7	0.95	0.54
"1"	"KE0331790892"	"G5147"	"q80"	51.602074	21	17	4	14	9	0.81	0.64
"1"	"KE0331790892"	"KEGVS17"	"q75"	39.682415	21	20	1	14	8	0.95	0.57
"1"	"KE0331790892"	"KEGVS17"	"q80"	51.80439	21	17	4	14	9	0.81	0.64
"1"	"KE0331790893"	"G5147"	"q75"	40.050602	21	20	1	13	7	0.95	0.54
"1"	"KE0331790893"	"G5147"	"q80"	51.602074	21	17	4	14	9	0.81	0.64
"1"	"KE0331790893"	"KEGVS17"	"q75"	39.682415	21	20	1	14	8	0.95	0.57
"1"	"KE0331790893"	"KEGVS17"	"q80"	51.80439	21	17	4	14	9	0.81	0.64
"1"	"KE0331790894"	"G5147"	"q75"	40.050602	21	20	1	13	7	0.95	0.54
"1"	"KE0331790894"	"G5147"	"q80"	51.602074	21	17	4	14	9	0.81	0.64
"1"	"KE0331790894"	"KEGVS17"	"q75"	39.682415	21	20	1	14	8	0.95	0.57
"1"	"KE0331790894"	"KEGVS17"	"q80"	51.80439	21	17	4	14	9	0.81	0.64
"1"	"KE0331790895"	"G5147"	"q75"	40.050602	21	20	1	13	7	0.95	0.54
"1"	"KE0331790895"	"G5147"	"q80"	51.602074	21	17	4	14	9	0.81	0.64
"1"	"KE0331790895"	"KEGVS17"	"q75"	39.682415	21	20	1	14	8	0.95	0.57
"1"	"KE0331790895"	"KEGVS17"	"q80"	51.80439	21	17	4	14	9	0.81	0.64
"1"	"KE0331790896"	"G5147"	"q75"	40.050602	21	20	1	13	7	0.95	0.54
"1"	"KE0331790896"	"G5147"	"q80"	51.602074	21	17	4	14	9	0.81	0.64
"1"	"KE0331790896"	"KEGVS17"	"q75"	39.682415	21	20	1	14	8	0.95	0.57
"1"	"KE0331790896"	"KEGVS17"	"q80"	51.80439	21	17	4	14	9	0.81	0.64
"1"	"KE0331800897"	"G5147"	"q75"	40.050602	5	3	2	12	9	0.6	0.75
"1"	"KE0331800897"	"G5147"	"q80"	51.602074	5	2	3	13	11	0.4	0.85
"1"	"KE0331800897"	"KEGVS17"	"q75"	39.682415	5	3	2	13	10	0.6	0.77
"1"	"KE0331800897"	"KEGVS17"	"q80"	51.80439	5	3	2	13	10	0.6	0.77
"1"	"KE0331800898"	"G5147"	"q75"	40.050602	5	3	2	12	9	0.6	0.75
"1"	"KE0331800898"	"G5147"	"q80"	51.602074	5	2	3	13	11	0.4	0.85
"1"	"KE0331800898"	"KEGVS17"	"q75"	39.682415	5	3	2	13	10	0.6	0.77
"1"	"KE0331800898"	"KEGVS17"	"q80"	51.80439	5	3	2	13	10	0.6	0.77
"1"	"KE0331800899"	"G5147"	"q75"	40.050602	5	3	2	12	9	0.6	0.75
"1"	"KE0331800899"	"G5147"	"q80"	51.602074	5	2	3	13	11	0.4	0.85
"1"	"KE0331800899"	"KEGVS17"	"q75"	39.682415	5	3	2	13	10	0.6	0.77
"1"	"KE0331800899"	"KEGVS17"	"q80"	51.80439	5	3	2	13	10	0.6	0.77
"1"	"KE0331800900"	"G5147"	"q75"	40.050602	5	3	2	12	9	0.6	0.75
"1"	"KE0331800900"	"G5147"	"q80"	51.602074	5	2	3	13	11	0.4	0.85
"1"	"KE0331800900"	"KEGVS17"	"q75"	39.682415	5	3	2	13	10	0.6	0.77
"1"	"KE0331800900"	"KEGVS17"	"q80"	51.80439	5	3	2	13	10	0.6	0.77
"1"	"KE0331810901"	"G5147"	"q50"	16.626232	2	2	0	1	0	1	0
"1"	"KE0331810901"	"G5147"	"q75"	40.050602	2	2	0	1	0	1	0
"1"	"KE0331810901"	"G5147"	"q80"	51.602074	2	2	0	1	0	1	0
"1"	"KE0331810901"	"KEGVS17"	"q50"	16.411541	2	2	0	1	0	1	0
"1"	"KE0331810901"	"KEGVS17"	"q75"	39.682415	2	2	0	1	0	1	0
"1"	"KE0331810901"	"KEGVS17"	"q80"	51.80439	2	2	0	1	0	1	0
"1"	"KE0331810902"	"G5147"	"q50"	16.626232	2	2	0	1	0	1	0
"1"	"KE0331810902"	"G5147"	"q75"	40.050602	2	2	0	1	0	1	0
"1"	"KE0331810902"	"G5147"	"q80"	51.602074	2	2	0	1	0	1	0
"1"	"KE0331810902"	"KEGVS17"	"q50"	16.411541	2	2	0	1	0	1	0
"1"	"KE0331810902"	"KEGVS17"	"q75"	39.682415	2	2	0	1	0	1	0
"1"	"KE0331810902"	"KEGVS17"	"q80"	51.80439	2	2	0	1	0	1	0
"1"	"KE0331810903"	"G5147"	"q50"	16.626232	2	2	0	1	0	1	0
"1"	"KE0331810903"	"G5147"	"q75"	40.050602	2	2	0	1	0	1	0
"1"	"KE0331810903"	"G5147"	"q80"	51.602074	2	2	0	1	0	1	0
"1"	"KE0331810903"	"KEGVS17"	"q50"	16.411541	2	2	0	1	0	1	0
"1"	"KE0331810903"	"KEGVS17"	"q75"	39.682415	2	2	0	1	0	1	0
"1"	"KE0331810903"	"KEGVS17"	"q80"	51.80439	2	2	0	1	0	1	0
"1"	"KE0331810904"	"G5147"	"q50"	16.626232	2	2	0	1	0	1	0
"1"	"KE0331810904"	"G5147"	"q75"	40.050602	2	2	0	1	0	1	0
"1"	"KE0331810904"	"G5147"	"q80"	51.602074	2	2	0	1	0	1	0
"1"	"KE0331810904"	"KEGVS17"	"q50"	16.411541	2	2	0	1	0	1	0
"1"	"KE0331810904"	"KEGVS17"	"q75"	39.682415	2	2	0	1	0	1	0
"1"	"KE0331810904"	"KEGVS17"	"q80"	51.80439	2	2	0	1	0	1	0
"1"	"KE0331810905"	"G5147"	"q50"	16.626232	2	2	0	1	0	1	0
"1"	"KE0331810905"	"G5147"	"q75"	40.050602	2	2	0	1	0	1	0
"1"	"KE0331810905"	"G5147"	"q80"	51.602074	2	2	0	1	0	1	0
"1"	"KE0331810905"	"KEGVS17"	"q50"	16.411541	2	2	0	1	0	1	0
"1"	"KE0331810905"	"KEGVS17"	"q75"	39.682415	2	2	0	1	0	1	0
"1"	"KE0331810905"	"KEGVS17"	"q80"	51.80439	2	2	0	1	0	1	0
"1"	"KE0331810906"	"G5147"	"q50"	16.626232	2	2	0	1	0	1	0
"1"	"KE0331810906"	"G5147"	"q75"	40.050602	2	2	0	1	0	1	0
"1"	"KE0331810906"	"G5147"	"q80"	51.602074	2	2	0	1	0	1	0
"1"	"KE0331810906"	"KEGVS17"	"q50"	16.411541	2	2	0	1	0	1	0
"1"	"KE0331810906"	"KEGVS17"	"q75"	39.682415	2	2	0	1	0	1	0
"1"	"KE0331810906"	"KEGVS17"	"q80"	51.80439	2	2	0	1	0	1	0
"1"	"KE0372011002"	"KEGVS20"	"q75"	403.56927	1	1	0	1	0	1	0
"1"	"KE0372011003"	"KEGVS20"	"q75"	403.56927	1	1	0	1	0	1	0
"1"	"KE0372011004"	"KEGVS20"	"q75"	403.56927	1	1	0	1	0	1	0
"1"	"KE0372011005"	"KEGVS20"	"q75"	403.56927	1	1	0	1	0	1	0
"1"	"KE0372011006"	"KEGVS20"	"q75"	403.56927	1	1	0	1	0	1	0
"1"	"KE0372011007"	"KEGVS20"	"q75"	403.56927	1	1	0	1	0	1	0
"1"	"KE0372011008"	"KEGVS20"	"q75"	403.56927	1	1	0	1	0	1	0
"1"	"KE0372061027"	"G5194"	"q75"	279.2241	3	1	2	1	0	0.33	0
"1"	"KE0372061027"	"KEGVS20"	"q75"	403.56927	3	3	0	4	2	1	0.5
"1"	"KE0372061027"	"KEGVS20"	"q80"	470.876008	3	1	2	1	0	0.33	0
"1"	"KE0372061028"	"G5194"	"q75"	279.2241	3	1	2	1	0	0.33	0
"1"	"KE0372061028"	"KEGVS20"	"q75"	403.56927	3	3	0	4	2	1	0.5
"1"	"KE0372061028"	"KEGVS20"	"q80"	470.876008	3	1	2	1	0	0.33	0
"1"	"KE0372061029"	"G5194"	"q75"	279.2241	3	1	2	1	0	0.33	0
"1"	"KE0372061029"	"KEGVS20"	"q75"	403.56927	3	3	0	4	2	1	0.5
"1"	"KE0372061029"	"KEGVS20"	"q80"	470.876008	3	1	2	1	0	0.33	0
"1"	"KE0372061030"	"G5194"	"q75"	279.2241	3	1	2	1	0	0.33	0
"1"	"KE0372061030"	"KEGVS20"	"q75"	403.56927	3	3	0	4	2	1	0.5
"1"	"KE0372061030"	"KEGVS20"	"q80"	470.876008	3	1	2	1	0	0.33	0
"1"	"KE0372061031"	"G5194"	"q75"	279.2241	3	1	2	1	0	0.33	0
"1"	"KE0372061031"	"KEGVS20"	"q75"	403.56927	3	3	0	4	2	1	0.5
"1"	"KE0372061031"	"KEGVS20"	"q80"	470.876008	3	1	2	1	0	0.33	0
"1"	"KE0392171082"	"G5194"	"q50"	127.85361	1	1	0	1	0	1	0
"1"	"KE0392171082"	"KEGVS20"	"q50"	193.85309	1	1	0	1	0	1	0
"1"	"KE0392171083"	"G5194"	"q50"	127.85361	1	1	0	1	0	1	0
"1"	"KE0392171083"	"KEGVS20"	"q50"	193.85309	1	1	0	1	0	1	0
"1"	"KE0392171084"	"G5194"	"q50"	127.85361	1	1	0	1	0	1	0
"1"	"KE0392171084"	"KEGVS20"	"q50"	193.85309	1	1	0	1	0	1	0
"1"	"KE0392191089"	"G5194"	"q50"	127.85361	2	1	1	3	2	0.5	0.67
"1"	"KE0392191089"	"KEGVS20"	"q50"	193.85309	2	2	0	3	1	1	0.33
"1"	"KE0392191090"	"G5194"	"q50"	127.85361	2	1	1	3	2	0.5	0.67
"1"	"KE0392191090"	"KEGVS20"	"q50"	193.85309	2	2	0	3	1	1	0.33
"1"	"KE0392191091"	"G5194"	"q50"	127.85361	2	1	1	3	2	0.5	0.67
"1"	"KE0392191091"	"KEGVS20"	"q50"	193.85309	2	2	0	3	1	1	0.33
"1"	"KE0392191092"	"G5194"	"q50"	127.85361	2	1	1	3	2	0.5	0.67
"1"	"KE0392191092"	"KEGVS20"	"q50"	193.85309	2	2	0	3	1	1	0.33
"1"	"KE0392191093"	"G5194"	"q50"	127.85361	2	1	1	3	2	0.5	0.67
"1"	"KE0392191093"	"KEGVS20"	"q50"	193.85309	2	2	0	3	1	1	0.33
"1"	"KE0392191094"	"G5194"	"q50"	127.85361	2	1	1	3	2	0.5	0.67
"1"	"KE0392191094"	"KEGVS20"	"q50"	193.85309	2	2	0	3	1	1	0.33
"1"	"KE0392191095"	"G5194"	"q50"	127.85361	2	1	1	3	2	0.5	0.67
"1"	"KE0392191095"	"KEGVS20"	"q50"	193.85309	2	2	0	3	1	1	0.33
"1"	"KE0392241115"	"G5194"	"q20"	35.23793	1	1	0	1	0	1	0
"1"	"KE0392241115"	"KEGVS20"	"q50"	193.85309	1	1	0	1	0	1	0
"1"	"KE0392241116"	"G5194"	"q20"	35.23793	1	1	0	1	0	1	0
"1"	"KE0392241116"	"KEGVS20"	"q50"	193.85309	1	1	0	1	0	1	0
"1"	"KE0392241117"	"G5194"	"q20"	35.23793	1	1	0	1	0	1	0
"1"	"KE0392241117"	"KEGVS20"	"q50"	193.85309	1	1	0	1	0	1	0
"1"	"KE0392241118"	"G5194"	"q20"	35.23793	1	1	0	1	0	1	0
"1"	"KE0392241118"	"KEGVS20"	"q50"	193.85309	1	1	0	1	0	1	0
"1"	"KE0392241119"	"G5194"	"q20"	35.23793	1	1	0	1	0	1	0
"1"	"KE0392241119"	"KEGVS20"	"q50"	193.85309	1	1	0	1	0	1	0
"1"	"KE0392241120"	"G5194"	"q20"	35.23793	1	1	0	1	0	1	0
"1"	"KE0392241120"	"KEGVS20"	"q50"	193.85309	1	1	0	1	0	1	0
"1"	"KE0412321156"	"G5179"	"q95"	249.418734	2	1	1	1	0	0.5	0
"1"	"KE0412321157"	"G5179"	"q95"	249.418734	2	1	1	1	0	0.5	0
"1"	"KE0412321158"	"G5179"	"q95"	249.418734	2	1	1	1	0	0.5	0
"1"	"KE0412321159"	"G5179"	"q95"	249.418734	2	1	1	1	0	0.5	0
"1"	"KE0412341163"	"G5179"	"q95"	249.418734	7	2	5	3	1	0.29	0.33
"1"	"KE0412341164"	"G5179"	"q95"	249.418734	7	2	5	3	1	0.29	0.33
"1"	"KE0412341165"	"G5179"	"q95"	249.418734	7	2	5	3	1	0.29	0.33
"1"	"KE0412341166"	"G5179"	"q95"	249.418734	7	2	5	3	1	0.29	0.33
"1"	"KE0412341167"	"G5179"	"q95"	249.418734	7	2	5	3	1	0.29	0.33
"1"	"KE0412341168"	"G5179"	"q95"	249.418734	7	2	5	3	1	0.29	0.33
"1"	"KE0412371181"	"G5179"	"q75"	130.86852	2	2	0	1	0	1	0
"1"	"KE0412371182"	"G5179"	"q75"	130.86852	2	2	0	1	0	1	0
"1"	"KE0412371183"	"G5179"	"q75"	130.86852	2	2	0	1	0	1	0
"1"	"KE0412371184"	"G5179"	"q75"	130.86852	2	2	0	1	0	1	0
"1"	"KE0412371185"	"G5179"	"q75"	130.86852	2	2	0	1	0	1	0
"1"	"KE0432471230"	"G5161"	"q95"	332.557636	1	1	0	1	0	1	0
"1"	"KE0432471231"	"G5161"	"q95"	332.557636	1	1	0	1	0	1	0
"1"	"KE0432471232"	"G5161"	"q95"	332.557636	1	1	0	1	0	1	0
"1"	"KE0432471233"	"G5161"	"q95"	332.557636	1	1	0	1	0	1	0
"1"	"KE0432471234"	"G5161"	"q95"	332.557636	1	1	0	1	0	1	0
"1"	"KE0432471235"	"G5161"	"q95"	332.557636	1	1	0	1	0	1	0
"1"	"KE0432471236"	"G5161"	"q95"	332.557636	1	1	0	1	0	1	0
